# https://github.com/mikedh/trimesh

o geometry_0
v -0.14229080 -0.20000000 1.44462500 0.93725490 0.92156863 0.87843137
v -0.28318460 -0.20000000 1.42372080 0.93725490 0.92156863 0.87843137
v -0.42138600 -0.20000000 1.38910060 0.93725490 0.92156863 0.87843137
v -0.55549800 -0.20000000 1.34112000 0.93725490 0.92156863 0.87843137
v -0.68427600 -0.20000000 1.28021080 0.93725490 0.92156863 0.87843137
v -0.80647540 -0.20000000 1.20695720 0.93725490 0.92156863 0.87843137
v -0.92090240 -0.20000000 1.12212120 0.93725490 0.92156863 0.87843137
v -1.02643940 -0.20000000 1.02643940 0.93725490 0.92156863 0.87843137
v -1.12212120 -0.20000000 0.92090240 0.93725490 0.92156863 0.87843137
v -1.20695720 -0.20000000 0.80647540 0.93725490 0.92156863 0.87843137
v -1.28021080 -0.20000000 0.68427600 0.93725490 0.92156863 0.87843137
v -1.34112000 -0.20000000 0.55549800 0.93725490 0.92156863 0.87843137
v -1.38910060 -0.20000000 0.42138600 0.93725490 0.92156863 0.87843137
v -1.42372080 -0.20000000 0.28318460 0.93725490 0.92156863 0.87843137
v -1.44462500 -0.20000000 0.14229080 0.93725490 0.92156863 0.87843137
v -1.45161000 -0.20000000 -0.00000000 0.93725490 0.92156863 0.87843137
v -1.44462500 -0.20000000 -0.14229080 0.93725490 0.92156863 0.87843137
v -1.42372080 -0.20000000 -0.28318460 0.93725490 0.92156863 0.87843137
v -1.38910060 -0.20000000 -0.42138600 0.93725490 0.92156863 0.87843137
v -1.34112000 -0.20000000 -0.55549800 0.93725490 0.92156863 0.87843137
v -1.28021080 -0.20000000 -0.68427600 0.93725490 0.92156863 0.87843137
v -1.20695720 -0.20000000 -0.80647540 0.93725490 0.92156863 0.87843137
v -1.12212120 -0.20000000 -0.92090240 0.93725490 0.92156863 0.87843137
v -1.02643940 -0.20000000 -1.02643940 0.93725490 0.92156863 0.87843137
v -0.92090240 -0.20000000 -1.12212120 0.93725490 0.92156863 0.87843137
v -0.80647540 -0.20000000 -1.20695720 0.93725490 0.92156863 0.87843137
v -0.68427600 -0.20000000 -1.28021080 0.93725490 0.92156863 0.87843137
v -0.55549800 -0.20000000 -1.34112000 0.93725490 0.92156863 0.87843137
v -0.42138600 -0.20000000 -1.38910060 0.93725490 0.92156863 0.87843137
v -0.28318460 -0.20000000 -1.42372080 0.93725490 0.92156863 0.87843137
v -0.14229080 -0.20000000 -1.44462500 0.93725490 0.92156863 0.87843137
v 0.00000000 -0.20000000 -1.45161000 0.93725490 0.92156863 0.87843137
v 0.60109100 -0.20000000 -1.45161000 0.93725490 0.92156863 0.87843137
v 0.58734960 -0.20000000 -1.47452080 0.93725490 0.92156863 0.87843137
v 0.52644040 -0.20000000 -1.60329880 0.93725490 0.92156863 0.87843137
v 0.47845980 -0.20000000 -1.73741080 0.93725490 0.92156863 0.87843137
v 0.44383960 -0.20000000 -1.87561220 0.93725490 0.92156863 0.87843137
v 0.42293540 -0.20000000 -2.01650600 0.93725490 0.92156863 0.87843137
v 0.41595040 -0.20000000 -2.15879680 0.93725490 0.92156863 0.87843137
v 0.41595040 -0.20000000 -9.24999420 0.93725490 0.92156863 0.87843137
v 0.42293540 -0.20000000 -9.39228500 0.93725490 0.92156863 0.87843137
v 0.44383960 -0.20000000 -9.53317880 0.93725490 0.92156863 0.87843137
v 0.47845980 -0.20000000 -9.67138020 0.93725490 0.92156863 0.87843137
v 0.52644040 -0.20000000 -9.80549220 0.93725490 0.92156863 0.87843137
v 0.58734960 -0.20000000 -9.93427020 0.93725490 0.92156863 0.87843137
v 0.66060320 -0.20000000 -10.05646960 0.93725490 0.92156863 0.87843137
v 0.74543920 -0.20000000 -10.17089660 0.93725490 0.92156863 0.87843137
v 0.84112100 -0.20000000 -10.27643360 0.93725490 0.92156863 0.87843137
v 0.94665800 -0.20000000 -10.37211540 0.93725490 0.92156863 0.87843137
v 1.06108500 -0.20000000 -10.45695140 0.93725490 0.92156863 0.87843137
v 1.18328440 -0.20000000 -10.53020500 0.93725490 0.92156863 0.87843137
v 1.31206240 -0.20000000 -10.59111420 0.93725490 0.92156863 0.87843137
v 1.44617440 -0.20000000 -10.63909480 0.93725490 0.92156863 0.87843137
v 1.58437580 -0.20000000 -10.67371500 0.93725490 0.92156863 0.87843137
v 1.72526960 -0.20000000 -10.69461920 0.93725490 0.92156863 0.87843137
v 1.86756040 -0.20000000 -10.70160420 0.93725490 0.92156863 0.87843137
v 2.01754740 -0.20000000 -10.70160420 0.93725490 0.92156863 0.87843137
v 2.15983820 -0.20000000 -10.69461920 0.93725490 0.92156863 0.87843137
v 2.30073200 -0.20000000 -10.67371500 0.93725490 0.92156863 0.87843137
v 2.43893340 -0.20000000 -10.63909480 0.93725490 0.92156863 0.87843137
v 2.45889780 -0.20000000 -10.63195740 0.93725490 0.92156863 0.87843137
v 4.43191900 -0.20000000 -10.63195740 0.93725490 0.92156863 0.87843137
v 4.47695320 -0.20000000 -10.65895760 0.93725490 0.92156863 0.87843137
v 4.60573120 -0.20000000 -10.71986680 0.93725490 0.92156863 0.87843137
v 4.73984320 -0.20000000 -10.76784740 0.93725490 0.92156863 0.87843137
v 4.87804460 -0.20000000 -10.80246760 0.93725490 0.92156863 0.87843137
v 5.01893840 -0.20000000 -10.82337180 0.93725490 0.92156863 0.87843137
v 5.16122920 -0.20000000 -10.83035680 0.93725490 0.92156863 0.87843137
v 5.84131420 -0.20000000 -10.83035680 0.93725490 0.92156863 0.87843137
v 5.98360500 -0.20000000 -10.82337180 0.93725490 0.92156863 0.87843137
v 6.12325420 -0.20000000 -10.80264540 0.93725490 0.92156863 0.87843137
v 6.12546400 -0.20000000 -10.80881760 0.93725490 0.92156863 0.87843137
v 6.18637320 -0.20000000 -10.93759560 0.93725490 0.92156863 0.87843137
v 6.25962680 -0.20000000 -11.05979500 0.93725490 0.92156863 0.87843137
v 6.34446280 -0.20000000 -11.17422200 0.93725490 0.92156863 0.87843137
v 6.44014460 -0.20000000 -11.27975900 0.93725490 0.92156863 0.87843137
v 6.54568160 -0.20000000 -11.37544080 0.93725490 0.92156863 0.87843137
v 6.66010860 -0.20000000 -11.46027680 0.93725490 0.92156863 0.87843137
v 6.78230800 -0.20000000 -11.53353040 0.93725490 0.92156863 0.87843137
v 6.91108600 -0.20000000 -11.59443960 0.93725490 0.92156863 0.87843137
v 7.04519800 -0.20000000 -11.64242020 0.93725490 0.92156863 0.87843137
v 7.18339940 -0.20000000 -11.67704040 0.93725490 0.92156863 0.87843137
v 7.32429320 -0.20000000 -11.69794460 0.93725490 0.92156863 0.87843137
v 7.46658400 -0.20000000 -11.70492960 0.93725490 0.92156863 0.87843137
v 7.84659340 -0.20000000 -11.70492960 0.93725490 0.92156863 0.87843137
v 7.98888420 -0.20000000 -11.69794460 0.93725490 0.92156863 0.87843137
v 8.12977800 -0.20000000 -11.67704040 0.93725490 0.92156863 0.87843137
v 8.26797940 -0.20000000 -11.64242020 0.93725490 0.92156863 0.87843137
v 8.40209140 -0.20000000 -11.59443960 0.93725490 0.92156863 0.87843137
v 8.53086940 -0.20000000 -11.53353040 0.93725490 0.92156863 0.87843137
v 8.57989140 -0.20000000 -11.50414260 0.93725490 0.92156863 0.87843137
v 8.66477820 -0.20000000 -11.50414260 0.93725490 0.92156863 0.87843137
v 9.53025780 -0.20000000 -11.50414260 0.93725490 0.92156863 0.87843137
v 9.57927980 -0.20000000 -11.53353040 0.93725490 0.92156863 0.87843137
v 9.70805780 -0.20000000 -11.59443960 0.93725490 0.92156863 0.87843137
v 9.84216980 -0.20000000 -11.64242020 0.93725490 0.92156863 0.87843137
v 9.98037120 -0.20000000 -11.67704040 0.93725490 0.92156863 0.87843137
v 10.12126500 -0.20000000 -11.69794460 0.93725490 0.92156863 0.87843137
v 10.26355580 -0.20000000 -11.70492960 0.93725490 0.92156863 0.87843137
v 10.64366680 -0.20000000 -11.70492960 0.93725490 0.92156863 0.87843137
v 10.78595760 -0.20000000 -11.69794460 0.93725490 0.92156863 0.87843137
v 10.92685140 -0.20000000 -11.67704040 0.93725490 0.92156863 0.87843137
v 11.06505280 -0.20000000 -11.64242020 0.93725490 0.92156863 0.87843137
v 11.19916480 -0.20000000 -11.59443960 0.93725490 0.92156863 0.87843137
v 11.32794280 -0.20000000 -11.53353040 0.93725490 0.92156863 0.87843137
v 11.45014220 -0.20000000 -11.46027680 0.93725490 0.92156863 0.87843137
v 11.56456920 -0.20000000 -11.37544080 0.93725490 0.92156863 0.87843137
v 11.67010620 -0.20000000 -11.27975900 0.93725490 0.92156863 0.87843137
v 11.76578800 -0.20000000 -11.17422200 0.93725490 0.92156863 0.87843137
v 11.85062400 -0.20000000 -11.05979500 0.93725490 0.92156863 0.87843137
v 11.92387760 -0.20000000 -10.93759560 0.93725490 0.92156863 0.87843137
v 11.98478680 -0.20000000 -10.80881760 0.93725490 0.92156863 0.87843137
v 12.03276740 -0.20000000 -10.67470560 0.93725490 0.92156863 0.87843137
v 12.06738760 -0.20000000 -10.53650420 0.93725490 0.92156863 0.87843137
v 12.08829180 -0.20000000 -10.39561040 0.93725490 0.92156863 0.87843137
v 12.09527680 -0.20000000 -10.25331960 0.93725490 0.92156863 0.87843137
v 12.09527680 -0.20000000 -8.14468780 0.93725490 0.92156863 0.87843137
v 12.22141320 -0.20000000 -8.17628540 0.93725490 0.92156863 0.87843137
v 12.36230700 -0.20000000 -8.19718960 0.93725490 0.92156863 0.87843137
v 12.50459780 -0.20000000 -8.20417460 0.93725490 0.92156863 0.87843137
v 12.65458480 -0.20000000 -8.20417460 0.93725490 0.92156863 0.87843137
v 12.79687560 -0.20000000 -8.19718960 0.93725490 0.92156863 0.87843137
v 12.93776940 -0.20000000 -8.17628540 0.93725490 0.92156863 0.87843137
v 13.07597080 -0.20000000 -8.14166520 0.93725490 0.92156863 0.87843137
v 13.21008280 -0.20000000 -8.09368460 0.93725490 0.92156863 0.87843137
v 13.33886080 -0.20000000 -8.03277540 0.93725490 0.92156863 0.87843137
v 13.46106020 -0.20000000 -7.95952180 0.93725490 0.92156863 0.87843137
v 13.57548720 -0.20000000 -7.87468580 0.93725490 0.92156863 0.87843137
v 13.68102420 -0.20000000 -7.77900400 0.93725490 0.92156863 0.87843137
v 13.77670600 -0.20000000 -7.67346700 0.93725490 0.92156863 0.87843137
v 13.86154200 -0.20000000 -7.55904000 0.93725490 0.92156863 0.87843137
v 13.93479560 -0.20000000 -7.43684060 0.93725490 0.92156863 0.87843137
v 13.99570480 -0.20000000 -7.30806260 0.93725490 0.92156863 0.87843137
v 14.04368540 -0.20000000 -7.17395060 0.93725490 0.92156863 0.87843137
v 14.07830560 -0.20000000 -7.03574920 0.93725490 0.92156863 0.87843137
v 14.09920980 -0.20000000 -6.89485540 0.93725490 0.92156863 0.87843137
v 14.10619480 -0.20000000 -6.75256460 0.93725490 0.92156863 0.87843137
v 14.10619480 -0.20000000 -3.22521580 0.93725490 0.92156863 0.87843137
v 14.10619480 -0.20000000 -3.22513960 0.93725490 0.92156863 0.87843137
v 14.10619480 -0.20000000 -3.22508880 0.93725490 0.92156863 0.87843137
v 14.10268960 -0.20000000 -3.15401960 0.93725490 0.92156863 0.87843137
v 14.09920980 -0.20000000 -3.08292500 0.93725490 0.92156863 0.87843137
v 14.09918440 -0.20000000 -3.08287420 0.93725490 0.92156863 0.87843137
v 14.09918440 -0.20000000 -3.08279800 0.93725490 0.92156863 0.87843137
v 14.08874500 -0.20000000 -3.01241460 0.93725490 0.92156863 0.87843137
v 14.07830560 -0.20000000 -2.94203120 0.93725490 0.92156863 0.87843137
v 14.07828020 -0.20000000 -2.94195500 0.93725490 0.92156863 0.87843137
v 14.07828020 -0.20000000 -2.94187880 0.93725490 0.92156863 0.87843137
v 14.06098280 -0.20000000 -2.87286700 0.93725490 0.92156863 0.87843137
v 14.04368540 -0.20000000 -2.80382980 0.93725490 0.92156863 0.87843137
v 14.04366000 -0.20000000 -2.80377900 0.93725490 0.92156863 0.87843137
v 14.04366000 -0.20000000 -2.80370280 0.93725490 0.92156863 0.87843137
v 14.01968240 -0.20000000 -2.73669760 0.93725490 0.92156863 0.87843137
v 13.99570480 -0.20000000 -2.66971780 0.93725490 0.92156863 0.87843137
v 13.99567940 -0.20000000 -2.66964160 0.93725490 0.92156863 0.87843137
v 13.99565400 -0.20000000 -2.66959080 0.93725490 0.92156863 0.87843137
v 13.96522480 -0.20000000 -2.60525260 0.93725490 0.92156863 0.87843137
v 13.93479560 -0.20000000 -2.54093980 0.93725490 0.92156863 0.87843137
v 13.93474480 -0.20000000 -2.54086360 0.93725490 0.92156863 0.87843137
v 13.93471940 -0.20000000 -2.54081280 0.93725490 0.92156863 0.87843137
v 13.89814340 -0.20000000 -2.47977660 0.93725490 0.92156863 0.87843137
v 13.86154200 -0.20000000 -2.41874040 0.93725490 0.92156863 0.87843137
v 13.86151660 -0.20000000 -2.41868960 0.93725490 0.92156863 0.87843137
v 13.86149120 -0.20000000 -2.41863880 0.93725490 0.92156863 0.87843137
v 13.81907320 -0.20000000 -2.36148880 0.93725490 0.92156863 0.87843137
v 13.77670600 -0.20000000 -2.30431340 0.93725490 0.92156863 0.87843137
v 13.77665520 -0.20000000 -2.30426260 0.93725490 0.92156863 0.87843137
v 13.77660440 -0.20000000 -2.30421180 0.93725490 0.92156863 0.87843137
v 13.72882700 -0.20000000 -2.25150680 0.93725490 0.92156863 0.87843137
v 13.68102420 -0.20000000 -2.19877640 0.93725490 0.92156863 0.87843137
v 13.68097340 -0.20000000 -2.19872560 0.93725490 0.92156863 0.87843137
v 13.68092260 -0.20000000 -2.19867480 0.93725490 0.92156863 0.87843137
v 13.62819220 -0.20000000 -2.15089740 0.93725490 0.92156863 0.87843137
v 13.57548720 -0.20000000 -2.10309460 0.93725490 0.92156863 0.87843137
v 13.57541100 -0.20000000 -2.10306920 0.93725490 0.92156863 0.87843137
v 13.57538560 -0.20000000 -2.10301840 0.93725490 0.92156863 0.87843137
v 13.56360000 -0.20000000 -2.09428080 0.93725490 0.92156863 0.87843137
v 13.65785940 -0.20000000 -2.00883520 0.93725490 0.92156863 0.87843137
v 13.75354120 -0.20000000 -1.90329820 0.93725490 0.92156863 0.87843137
v 13.83837720 -0.20000000 -1.78887120 0.93725490 0.92156863 0.87843137
v 13.91163080 -0.20000000 -1.66667180 0.93725490 0.92156863 0.87843137
v 13.97254000 -0.20000000 -1.53789380 0.93725490 0.92156863 0.87843137
v 14.00340100 -0.20000000 -1.45161000 0.93725490 0.92156863 0.87843137
v 14.27759400 -0.20000000 -1.45161000 0.93725490 0.92156863 0.87843137
v 14.41988480 -0.20000000 -1.44462500 0.93725490 0.92156863 0.87843137
v 14.56077860 -0.20000000 -1.42372080 0.93725490 0.92156863 0.87843137
v 14.69898000 -0.20000000 -1.38910060 0.93725490 0.92156863 0.87843137
v 14.83309200 -0.20000000 -1.34112000 0.93725490 0.92156863 0.87843137
v 14.96187000 -0.20000000 -1.28021080 0.93725490 0.92156863 0.87843137
v 15.08406940 -0.20000000 -1.20695720 0.93725490 0.92156863 0.87843137
v 15.19849640 -0.20000000 -1.12212120 0.93725490 0.92156863 0.87843137
v 15.30403340 -0.20000000 -1.02643940 0.93725490 0.92156863 0.87843137
v 15.39971520 -0.20000000 -0.92090240 0.93725490 0.92156863 0.87843137
v 15.48455120 -0.20000000 -0.80647540 0.93725490 0.92156863 0.87843137
v 15.55780480 -0.20000000 -0.68427600 0.93725490 0.92156863 0.87843137
v 15.61871400 -0.20000000 -0.55549800 0.93725490 0.92156863 0.87843137
v 15.66669460 -0.20000000 -0.42138600 0.93725490 0.92156863 0.87843137
v 15.70131480 -0.20000000 -0.28318460 0.93725490 0.92156863 0.87843137
v 15.72221900 -0.20000000 -0.14229080 0.93725490 0.92156863 0.87843137
v 15.72920400 -0.20000000 -0.00000000 0.93725490 0.92156863 0.87843137
v 15.72221900 -0.20000000 0.14229080 0.93725490 0.92156863 0.87843137
v 15.70131480 -0.20000000 0.28318460 0.93725490 0.92156863 0.87843137
v 15.66669460 -0.20000000 0.42138600 0.93725490 0.92156863 0.87843137
v 15.61871400 -0.20000000 0.55549800 0.93725490 0.92156863 0.87843137
v 15.55780480 -0.20000000 0.68427600 0.93725490 0.92156863 0.87843137
v 15.48455120 -0.20000000 0.80647540 0.93725490 0.92156863 0.87843137
v 15.39971520 -0.20000000 0.92090240 0.93725490 0.92156863 0.87843137
v 15.30403340 -0.20000000 1.02643940 0.93725490 0.92156863 0.87843137
v 15.19849640 -0.20000000 1.12212120 0.93725490 0.92156863 0.87843137
v 15.08406940 -0.20000000 1.20695720 0.93725490 0.92156863 0.87843137
v 14.96187000 -0.20000000 1.28021080 0.93725490 0.92156863 0.87843137
v 14.83309200 -0.20000000 1.34112000 0.93725490 0.92156863 0.87843137
v 14.69898000 -0.20000000 1.38910060 0.93725490 0.92156863 0.87843137
v 14.56077860 -0.20000000 1.42372080 0.93725490 0.92156863 0.87843137
v 14.41988480 -0.20000000 1.44462500 0.93725490 0.92156863 0.87843137
v 14.27759400 -0.20000000 1.45161000 0.93725490 0.92156863 0.87843137
v 12.63142000 -0.20000000 1.45161000 0.93725490 0.92156863 0.87843137
v 10.87539100 -0.20000000 1.45161000 0.93725490 0.92156863 0.87843137
v 0.00000000 -0.20000000 1.45161000 0.93725490 0.92156863 0.87843137
v -0.14229080 -0.00000000 1.44462500 0.93725490 0.92156863 0.87843137
v -0.28318460 -0.00000000 1.42372080 0.93725490 0.92156863 0.87843137
v -0.42138600 -0.00000000 1.38910060 0.93725490 0.92156863 0.87843137
v -0.55549800 -0.00000000 1.34112000 0.93725490 0.92156863 0.87843137
v -0.68427600 -0.00000000 1.28021080 0.93725490 0.92156863 0.87843137
v -0.80647540 -0.00000000 1.20695720 0.93725490 0.92156863 0.87843137
v -0.92090240 -0.00000000 1.12212120 0.93725490 0.92156863 0.87843137
v -1.02643940 -0.00000000 1.02643940 0.93725490 0.92156863 0.87843137
v -1.12212120 -0.00000000 0.92090240 0.93725490 0.92156863 0.87843137
v -1.20695720 -0.00000000 0.80647540 0.93725490 0.92156863 0.87843137
v -1.28021080 -0.00000000 0.68427600 0.93725490 0.92156863 0.87843137
v -1.34112000 -0.00000000 0.55549800 0.93725490 0.92156863 0.87843137
v -1.38910060 -0.00000000 0.42138600 0.93725490 0.92156863 0.87843137
v -1.42372080 -0.00000000 0.28318460 0.93725490 0.92156863 0.87843137
v -1.44462500 -0.00000000 0.14229080 0.93725490 0.92156863 0.87843137
v -1.45161000 0.00000000 0.00000000 0.93725490 0.92156863 0.87843137
v -1.44462500 0.00000000 -0.14229080 0.93725490 0.92156863 0.87843137
v -1.42372080 0.00000000 -0.28318460 0.93725490 0.92156863 0.87843137
v -1.38910060 0.00000000 -0.42138600 0.93725490 0.92156863 0.87843137
v -1.34112000 0.00000000 -0.55549800 0.93725490 0.92156863 0.87843137
v -1.28021080 0.00000000 -0.68427600 0.93725490 0.92156863 0.87843137
v -1.20695720 0.00000000 -0.80647540 0.93725490 0.92156863 0.87843137
v -1.12212120 0.00000000 -0.92090240 0.93725490 0.92156863 0.87843137
v -1.02643940 0.00000000 -1.02643940 0.93725490 0.92156863 0.87843137
v -0.92090240 0.00000000 -1.12212120 0.93725490 0.92156863 0.87843137
v -0.80647540 0.00000000 -1.20695720 0.93725490 0.92156863 0.87843137
v -0.68427600 0.00000000 -1.28021080 0.93725490 0.92156863 0.87843137
v -0.55549800 0.00000000 -1.34112000 0.93725490 0.92156863 0.87843137
v -0.42138600 0.00000000 -1.38910060 0.93725490 0.92156863 0.87843137
v -0.28318460 0.00000000 -1.42372080 0.93725490 0.92156863 0.87843137
v -0.14229080 0.00000000 -1.44462500 0.93725490 0.92156863 0.87843137
v 0.00000000 0.00000000 -1.45161000 0.93725490 0.92156863 0.87843137
v 0.60109100 0.00000000 -1.45161000 0.93725490 0.92156863 0.87843137
v 0.58734960 0.00000000 -1.47452080 0.93725490 0.92156863 0.87843137
v 0.52644040 0.00000000 -1.60329880 0.93725490 0.92156863 0.87843137
v 0.47845980 0.00000000 -1.73741080 0.93725490 0.92156863 0.87843137
v 0.44383960 0.00000000 -1.87561220 0.93725490 0.92156863 0.87843137
v 0.42293540 0.00000000 -2.01650600 0.93725490 0.92156863 0.87843137
v 0.41595040 0.00000000 -2.15879680 0.93725490 0.92156863 0.87843137
v 0.41595040 0.00000000 -9.24999420 0.93725490 0.92156863 0.87843137
v 0.42293540 0.00000000 -9.39228500 0.93725490 0.92156863 0.87843137
v 0.44383960 0.00000000 -9.53317880 0.93725490 0.92156863 0.87843137
v 0.47845980 0.00000000 -9.67138020 0.93725490 0.92156863 0.87843137
v 0.52644040 0.00000000 -9.80549220 0.93725490 0.92156863 0.87843137
v 0.58734960 0.00000000 -9.93427020 0.93725490 0.92156863 0.87843137
v 0.66060320 0.00000000 -10.05646960 0.93725490 0.92156863 0.87843137
v 0.74543920 0.00000000 -10.17089660 0.93725490 0.92156863 0.87843137
v 0.84112100 0.00000000 -10.27643360 0.93725490 0.92156863 0.87843137
v 0.94665800 0.00000000 -10.37211540 0.93725490 0.92156863 0.87843137
v 1.06108500 0.00000000 -10.45695140 0.93725490 0.92156863 0.87843137
v 1.18328440 0.00000000 -10.53020500 0.93725490 0.92156863 0.87843137
v 1.31206240 0.00000000 -10.59111420 0.93725490 0.92156863 0.87843137
v 1.44617440 0.00000000 -10.63909480 0.93725490 0.92156863 0.87843137
v 1.58437580 0.00000000 -10.67371500 0.93725490 0.92156863 0.87843137
v 1.72526960 0.00000000 -10.69461920 0.93725490 0.92156863 0.87843137
v 1.86756040 0.00000000 -10.70160420 0.93725490 0.92156863 0.87843137
v 2.01754740 0.00000000 -10.70160420 0.93725490 0.92156863 0.87843137
v 2.15983820 0.00000000 -10.69461920 0.93725490 0.92156863 0.87843137
v 2.30073200 0.00000000 -10.67371500 0.93725490 0.92156863 0.87843137
v 2.43893340 0.00000000 -10.63909480 0.93725490 0.92156863 0.87843137
v 2.45889780 0.00000000 -10.63195740 0.93725490 0.92156863 0.87843137
v 4.43191900 0.00000000 -10.63195740 0.93725490 0.92156863 0.87843137
v 4.47695320 0.00000000 -10.65895760 0.93725490 0.92156863 0.87843137
v 4.60573120 0.00000000 -10.71986680 0.93725490 0.92156863 0.87843137
v 4.73984320 0.00000000 -10.76784740 0.93725490 0.92156863 0.87843137
v 4.87804460 0.00000000 -10.80246760 0.93725490 0.92156863 0.87843137
v 5.01893840 0.00000000 -10.82337180 0.93725490 0.92156863 0.87843137
v 5.16122920 0.00000000 -10.83035680 0.93725490 0.92156863 0.87843137
v 5.84131420 0.00000000 -10.83035680 0.93725490 0.92156863 0.87843137
v 5.98360500 0.00000000 -10.82337180 0.93725490 0.92156863 0.87843137
v 6.12325420 0.00000000 -10.80264540 0.93725490 0.92156863 0.87843137
v 6.12546400 0.00000000 -10.80881760 0.93725490 0.92156863 0.87843137
v 6.18637320 0.00000000 -10.93759560 0.93725490 0.92156863 0.87843137
v 6.25962680 0.00000000 -11.05979500 0.93725490 0.92156863 0.87843137
v 6.34446280 0.00000000 -11.17422200 0.93725490 0.92156863 0.87843137
v 6.44014460 0.00000000 -11.27975900 0.93725490 0.92156863 0.87843137
v 6.54568160 0.00000000 -11.37544080 0.93725490 0.92156863 0.87843137
v 6.66010860 0.00000000 -11.46027680 0.93725490 0.92156863 0.87843137
v 6.78230800 0.00000000 -11.53353040 0.93725490 0.92156863 0.87843137
v 6.91108600 0.00000000 -11.59443960 0.93725490 0.92156863 0.87843137
v 7.04519800 0.00000000 -11.64242020 0.93725490 0.92156863 0.87843137
v 7.18339940 0.00000000 -11.67704040 0.93725490 0.92156863 0.87843137
v 7.32429320 0.00000000 -11.69794460 0.93725490 0.92156863 0.87843137
v 7.46658400 0.00000000 -11.70492960 0.93725490 0.92156863 0.87843137
v 7.84659340 0.00000000 -11.70492960 0.93725490 0.92156863 0.87843137
v 7.98888420 0.00000000 -11.69794460 0.93725490 0.92156863 0.87843137
v 8.12977800 0.00000000 -11.67704040 0.93725490 0.92156863 0.87843137
v 8.26797940 0.00000000 -11.64242020 0.93725490 0.92156863 0.87843137
v 8.40209140 0.00000000 -11.59443960 0.93725490 0.92156863 0.87843137
v 8.53086940 0.00000000 -11.53353040 0.93725490 0.92156863 0.87843137
v 8.57989140 0.00000000 -11.50414260 0.93725490 0.92156863 0.87843137
v 8.66477820 0.00000000 -11.50414260 0.93725490 0.92156863 0.87843137
v 9.53025780 0.00000000 -11.50414260 0.93725490 0.92156863 0.87843137
v 9.57927980 0.00000000 -11.53353040 0.93725490 0.92156863 0.87843137
v 9.70805780 0.00000000 -11.59443960 0.93725490 0.92156863 0.87843137
v 9.84216980 0.00000000 -11.64242020 0.93725490 0.92156863 0.87843137
v 9.98037120 0.00000000 -11.67704040 0.93725490 0.92156863 0.87843137
v 10.12126500 0.00000000 -11.69794460 0.93725490 0.92156863 0.87843137
v 10.26355580 0.00000000 -11.70492960 0.93725490 0.92156863 0.87843137
v 10.64366680 0.00000000 -11.70492960 0.93725490 0.92156863 0.87843137
v 10.78595760 0.00000000 -11.69794460 0.93725490 0.92156863 0.87843137
v 10.92685140 0.00000000 -11.67704040 0.93725490 0.92156863 0.87843137
v 11.06505280 0.00000000 -11.64242020 0.93725490 0.92156863 0.87843137
v 11.19916480 0.00000000 -11.59443960 0.93725490 0.92156863 0.87843137
v 11.32794280 0.00000000 -11.53353040 0.93725490 0.92156863 0.87843137
v 11.45014220 0.00000000 -11.46027680 0.93725490 0.92156863 0.87843137
v 11.56456920 0.00000000 -11.37544080 0.93725490 0.92156863 0.87843137
v 11.67010620 0.00000000 -11.27975900 0.93725490 0.92156863 0.87843137
v 11.76578800 0.00000000 -11.17422200 0.93725490 0.92156863 0.87843137
v 11.85062400 0.00000000 -11.05979500 0.93725490 0.92156863 0.87843137
v 11.92387760 0.00000000 -10.93759560 0.93725490 0.92156863 0.87843137
v 11.98478680 0.00000000 -10.80881760 0.93725490 0.92156863 0.87843137
v 12.03276740 0.00000000 -10.67470560 0.93725490 0.92156863 0.87843137
v 12.06738760 0.00000000 -10.53650420 0.93725490 0.92156863 0.87843137
v 12.08829180 0.00000000 -10.39561040 0.93725490 0.92156863 0.87843137
v 12.09527680 0.00000000 -10.25331960 0.93725490 0.92156863 0.87843137
v 12.09527680 0.00000000 -8.14468780 0.93725490 0.92156863 0.87843137
v 12.22141320 0.00000000 -8.17628540 0.93725490 0.92156863 0.87843137
v 12.36230700 0.00000000 -8.19718960 0.93725490 0.92156863 0.87843137
v 12.50459780 0.00000000 -8.20417460 0.93725490 0.92156863 0.87843137
v 12.65458480 0.00000000 -8.20417460 0.93725490 0.92156863 0.87843137
v 12.79687560 0.00000000 -8.19718960 0.93725490 0.92156863 0.87843137
v 12.93776940 0.00000000 -8.17628540 0.93725490 0.92156863 0.87843137
v 13.07597080 0.00000000 -8.14166520 0.93725490 0.92156863 0.87843137
v 13.21008280 0.00000000 -8.09368460 0.93725490 0.92156863 0.87843137
v 13.33886080 0.00000000 -8.03277540 0.93725490 0.92156863 0.87843137
v 13.46106020 0.00000000 -7.95952180 0.93725490 0.92156863 0.87843137
v 13.57548720 0.00000000 -7.87468580 0.93725490 0.92156863 0.87843137
v 13.68102420 0.00000000 -7.77900400 0.93725490 0.92156863 0.87843137
v 13.77670600 0.00000000 -7.67346700 0.93725490 0.92156863 0.87843137
v 13.86154200 0.00000000 -7.55904000 0.93725490 0.92156863 0.87843137
v 13.93479560 0.00000000 -7.43684060 0.93725490 0.92156863 0.87843137
v 13.99570480 0.00000000 -7.30806260 0.93725490 0.92156863 0.87843137
v 14.04368540 0.00000000 -7.17395060 0.93725490 0.92156863 0.87843137
v 14.07830560 0.00000000 -7.03574920 0.93725490 0.92156863 0.87843137
v 14.09920980 0.00000000 -6.89485540 0.93725490 0.92156863 0.87843137
v 14.10619480 0.00000000 -6.75256460 0.93725490 0.92156863 0.87843137
v 14.10619480 0.00000000 -3.22521580 0.93725490 0.92156863 0.87843137
v 14.10619480 0.00000000 -3.22513960 0.93725490 0.92156863 0.87843137
v 14.10619480 0.00000000 -3.22508880 0.93725490 0.92156863 0.87843137
v 14.10268960 0.00000000 -3.15401960 0.93725490 0.92156863 0.87843137
v 14.09920980 0.00000000 -3.08292500 0.93725490 0.92156863 0.87843137
v 14.09918440 0.00000000 -3.08287420 0.93725490 0.92156863 0.87843137
v 14.09918440 0.00000000 -3.08279800 0.93725490 0.92156863 0.87843137
v 14.08874500 0.00000000 -3.01241460 0.93725490 0.92156863 0.87843137
v 14.07830560 0.00000000 -2.94203120 0.93725490 0.92156863 0.87843137
v 14.07828020 0.00000000 -2.94195500 0.93725490 0.92156863 0.87843137
v 14.07828020 0.00000000 -2.94187880 0.93725490 0.92156863 0.87843137
v 14.06098280 0.00000000 -2.87286700 0.93725490 0.92156863 0.87843137
v 14.04368540 0.00000000 -2.80382980 0.93725490 0.92156863 0.87843137
v 14.04366000 0.00000000 -2.80377900 0.93725490 0.92156863 0.87843137
v 14.04366000 0.00000000 -2.80370280 0.93725490 0.92156863 0.87843137
v 14.01968240 0.00000000 -2.73669760 0.93725490 0.92156863 0.87843137
v 13.99570480 0.00000000 -2.66971780 0.93725490 0.92156863 0.87843137
v 13.99567940 0.00000000 -2.66964160 0.93725490 0.92156863 0.87843137
v 13.99565400 0.00000000 -2.66959080 0.93725490 0.92156863 0.87843137
v 13.96522480 0.00000000 -2.60525260 0.93725490 0.92156863 0.87843137
v 13.93479560 0.00000000 -2.54093980 0.93725490 0.92156863 0.87843137
v 13.93474480 0.00000000 -2.54086360 0.93725490 0.92156863 0.87843137
v 13.93471940 0.00000000 -2.54081280 0.93725490 0.92156863 0.87843137
v 13.89814340 0.00000000 -2.47977660 0.93725490 0.92156863 0.87843137
v 13.86154200 0.00000000 -2.41874040 0.93725490 0.92156863 0.87843137
v 13.86151660 0.00000000 -2.41868960 0.93725490 0.92156863 0.87843137
v 13.86149120 0.00000000 -2.41863880 0.93725490 0.92156863 0.87843137
v 13.81907320 0.00000000 -2.36148880 0.93725490 0.92156863 0.87843137
v 13.77670600 0.00000000 -2.30431340 0.93725490 0.92156863 0.87843137
v 13.77665520 0.00000000 -2.30426260 0.93725490 0.92156863 0.87843137
v 13.77660440 0.00000000 -2.30421180 0.93725490 0.92156863 0.87843137
v 13.72882700 0.00000000 -2.25150680 0.93725490 0.92156863 0.87843137
v 13.68102420 0.00000000 -2.19877640 0.93725490 0.92156863 0.87843137
v 13.68097340 0.00000000 -2.19872560 0.93725490 0.92156863 0.87843137
v 13.68092260 0.00000000 -2.19867480 0.93725490 0.92156863 0.87843137
v 13.62819220 0.00000000 -2.15089740 0.93725490 0.92156863 0.87843137
v 13.57548720 0.00000000 -2.10309460 0.93725490 0.92156863 0.87843137
v 13.57541100 0.00000000 -2.10306920 0.93725490 0.92156863 0.87843137
v 13.57538560 0.00000000 -2.10301840 0.93725490 0.92156863 0.87843137
v 13.56360000 0.00000000 -2.09428080 0.93725490 0.92156863 0.87843137
v 13.65785940 0.00000000 -2.00883520 0.93725490 0.92156863 0.87843137
v 13.75354120 0.00000000 -1.90329820 0.93725490 0.92156863 0.87843137
v 13.83837720 0.00000000 -1.78887120 0.93725490 0.92156863 0.87843137
v 13.91163080 0.00000000 -1.66667180 0.93725490 0.92156863 0.87843137
v 13.97254000 0.00000000 -1.53789380 0.93725490 0.92156863 0.87843137
v 14.00340100 0.00000000 -1.45161000 0.93725490 0.92156863 0.87843137
v 14.27759400 0.00000000 -1.45161000 0.93725490 0.92156863 0.87843137
v 14.41988480 0.00000000 -1.44462500 0.93725490 0.92156863 0.87843137
v 14.56077860 0.00000000 -1.42372080 0.93725490 0.92156863 0.87843137
v 14.69898000 0.00000000 -1.38910060 0.93725490 0.92156863 0.87843137
v 14.83309200 0.00000000 -1.34112000 0.93725490 0.92156863 0.87843137
v 14.96187000 0.00000000 -1.28021080 0.93725490 0.92156863 0.87843137
v 15.08406940 0.00000000 -1.20695720 0.93725490 0.92156863 0.87843137
v 15.19849640 0.00000000 -1.12212120 0.93725490 0.92156863 0.87843137
v 15.30403340 0.00000000 -1.02643940 0.93725490 0.92156863 0.87843137
v 15.39971520 0.00000000 -0.92090240 0.93725490 0.92156863 0.87843137
v 15.48455120 0.00000000 -0.80647540 0.93725490 0.92156863 0.87843137
v 15.55780480 0.00000000 -0.68427600 0.93725490 0.92156863 0.87843137
v 15.61871400 0.00000000 -0.55549800 0.93725490 0.92156863 0.87843137
v 15.66669460 0.00000000 -0.42138600 0.93725490 0.92156863 0.87843137
v 15.70131480 0.00000000 -0.28318460 0.93725490 0.92156863 0.87843137
v 15.72221900 0.00000000 -0.14229080 0.93725490 0.92156863 0.87843137
v 15.72920400 0.00000000 0.00000000 0.93725490 0.92156863 0.87843137
v 15.72221900 -0.00000000 0.14229080 0.93725490 0.92156863 0.87843137
v 15.70131480 -0.00000000 0.28318460 0.93725490 0.92156863 0.87843137
v 15.66669460 -0.00000000 0.42138600 0.93725490 0.92156863 0.87843137
v 15.61871400 -0.00000000 0.55549800 0.93725490 0.92156863 0.87843137
v 15.55780480 -0.00000000 0.68427600 0.93725490 0.92156863 0.87843137
v 15.48455120 -0.00000000 0.80647540 0.93725490 0.92156863 0.87843137
v 15.39971520 -0.00000000 0.92090240 0.93725490 0.92156863 0.87843137
v 15.30403340 -0.00000000 1.02643940 0.93725490 0.92156863 0.87843137
v 15.19849640 -0.00000000 1.12212120 0.93725490 0.92156863 0.87843137
v 15.08406940 -0.00000000 1.20695720 0.93725490 0.92156863 0.87843137
v 14.96187000 -0.00000000 1.28021080 0.93725490 0.92156863 0.87843137
v 14.83309200 -0.00000000 1.34112000 0.93725490 0.92156863 0.87843137
v 14.69898000 -0.00000000 1.38910060 0.93725490 0.92156863 0.87843137
v 14.56077860 -0.00000000 1.42372080 0.93725490 0.92156863 0.87843137
v 14.41988480 -0.00000000 1.44462500 0.93725490 0.92156863 0.87843137
v 14.27759400 -0.00000000 1.45161000 0.93725490 0.92156863 0.87843137
v 12.63142000 -0.00000000 1.45161000 0.93725490 0.92156863 0.87843137
v 10.87539100 -0.00000000 1.45161000 0.93725490 0.92156863 0.87843137
v 0.00000000 -0.00000000 1.45161000 0.93725490 0.92156863 0.87843137
f 218 219 1
f 217 218 1
f 216 217 1
f 215 216 1
f 214 215 1
f 213 214 1
f 212 213 1
f 211 212 1
f 210 211 1
f 209 210 1
f 208 209 1
f 207 208 1
f 206 207 1
f 205 206 1
f 204 205 1
f 203 204 1
f 202 203 1
f 201 202 1
f 200 201 1
f 199 200 1
f 198 199 1
f 197 198 1
f 196 197 1
f 195 196 1
f 194 195 1
f 193 194 1
f 192 193 1
f 191 192 1
f 190 191 1
f 189 190 1
f 188 189 1
f 187 188 1
f 186 187 1
f 185 186 1
f 184 185 1
f 183 184 1
f 182 183 1
f 181 182 1
f 180 181 1
f 179 180 1
f 178 179 1
f 177 178 1
f 176 177 1
f 175 176 1
f 174 175 1
f 173 174 1
f 172 173 1
f 171 172 1
f 170 171 1
f 169 170 1
f 168 169 1
f 167 168 1
f 166 167 1
f 165 166 1
f 164 165 1
f 163 164 1
f 162 163 1
f 161 162 1
f 160 161 1
f 159 160 1
f 158 159 1
f 157 158 1
f 156 157 1
f 155 156 1
f 154 155 1
f 153 154 1
f 152 153 1
f 151 152 1
f 150 151 1
f 149 150 1
f 148 149 1
f 147 148 1
f 146 147 1
f 145 146 1
f 144 145 1
f 143 144 1
f 142 143 1
f 141 142 1
f 140 141 1
f 139 140 1
f 138 139 1
f 137 138 1
f 136 137 1
f 135 136 1
f 134 135 1
f 133 134 1
f 132 133 1
f 131 132 1
f 130 131 1
f 129 130 1
f 128 129 1
f 127 128 1
f 126 127 1
f 125 126 1
f 124 125 1
f 123 124 1
f 122 123 1
f 121 122 1
f 120 121 1
f 119 120 1
f 118 119 1
f 117 118 1
f 116 117 1
f 115 116 1
f 114 115 1
f 113 114 1
f 112 113 1
f 111 112 1
f 110 111 1
f 109 110 1
f 108 109 1
f 107 108 1
f 106 107 1
f 105 106 1
f 104 105 1
f 103 104 1
f 102 103 1
f 101 102 1
f 100 101 1
f 99 100 1
f 98 99 1
f 97 98 1
f 96 97 1
f 95 96 1
f 94 95 1
f 93 94 1
f 92 93 1
f 91 92 1
f 90 91 1
f 89 90 1
f 88 89 1
f 87 88 1
f 86 87 1
f 85 86 1
f 84 85 1
f 83 84 1
f 82 83 1
f 81 82 1
f 80 81 1
f 79 80 1
f 78 79 1
f 77 78 1
f 76 77 1
f 75 76 1
f 74 75 1
f 72 73 74
f 71 72 74
f 69 70 71
f 68 69 71
f 67 68 71
f 66 67 71
f 65 66 71
f 64 65 71
f 63 64 71
f 62 63 71
f 59 60 61
f 58 59 61
f 57 58 61
f 56 57 61
f 55 56 61
f 54 55 61
f 53 54 61
f 52 53 61
f 51 52 61
f 50 51 61
f 49 50 61
f 48 49 61
f 47 48 61
f 46 47 61
f 45 46 61
f 44 45 61
f 43 44 61
f 42 43 61
f 41 42 61
f 40 41 61
f 39 40 61
f 38 39 61
f 37 38 61
f 36 37 61
f 35 36 61
f 34 35 61
f 33 34 61
f 31 32 33
f 30 31 33
f 29 30 33
f 28 29 33
f 27 28 33
f 26 27 33
f 25 26 33
f 24 25 33
f 23 24 33
f 22 23 33
f 21 22 33
f 20 21 33
f 19 20 33
f 18 19 33
f 17 18 33
f 16 17 33
f 15 16 33
f 14 15 33
f 13 14 33
f 12 13 33
f 11 12 33
f 10 11 33
f 9 10 33
f 8 9 33
f 7 8 33
f 6 7 33
f 5 6 33
f 4 5 33
f 3 4 33
f 2 3 33
f 1 2 33
f 71 74 1
f 62 71 1
f 33 61 62
f 1 33 62
f 220 438 437
f 220 437 436
f 220 436 435
f 220 435 434
f 220 434 433
f 220 433 432
f 220 432 431
f 220 431 430
f 220 430 429
f 220 429 428
f 220 428 427
f 220 427 426
f 220 426 425
f 220 425 424
f 220 424 423
f 220 423 422
f 220 422 421
f 220 421 420
f 220 420 419
f 220 419 418
f 220 418 417
f 220 417 416
f 220 416 415
f 220 415 414
f 220 414 413
f 220 413 412
f 220 412 411
f 220 411 410
f 220 410 409
f 220 409 408
f 220 408 407
f 220 407 406
f 220 406 405
f 220 405 404
f 220 404 403
f 220 403 402
f 220 402 401
f 220 401 400
f 220 400 399
f 220 399 398
f 220 398 397
f 220 397 396
f 220 396 395
f 220 395 394
f 220 394 393
f 220 393 392
f 220 392 391
f 220 391 390
f 220 390 389
f 220 389 388
f 220 388 387
f 220 387 386
f 220 386 385
f 220 385 384
f 220 384 383
f 220 383 382
f 220 382 381
f 220 381 380
f 220 380 379
f 220 379 378
f 220 378 377
f 220 377 376
f 220 376 375
f 220 375 374
f 220 374 373
f 220 373 372
f 220 372 371
f 220 371 370
f 220 370 369
f 220 369 368
f 220 368 367
f 220 367 366
f 220 366 365
f 220 365 364
f 220 364 363
f 220 363 362
f 220 362 361
f 220 361 360
f 220 360 359
f 220 359 358
f 220 358 357
f 220 357 356
f 220 356 355
f 220 355 354
f 220 354 353
f 220 353 352
f 220 352 351
f 220 351 350
f 220 350 349
f 220 349 348
f 220 348 347
f 220 347 346
f 220 346 345
f 220 345 344
f 220 344 343
f 220 343 342
f 220 342 341
f 220 341 340
f 220 340 339
f 220 339 338
f 220 338 337
f 220 337 336
f 220 336 335
f 220 335 334
f 220 334 333
f 220 333 332
f 220 332 331
f 220 331 330
f 220 330 329
f 220 329 328
f 220 328 327
f 220 327 326
f 220 326 325
f 220 325 324
f 220 324 323
f 220 323 322
f 220 322 321
f 220 321 320
f 220 320 319
f 220 319 318
f 220 318 317
f 220 317 316
f 220 316 315
f 220 315 314
f 220 314 313
f 220 313 312
f 220 312 311
f 220 311 310
f 220 310 309
f 220 309 308
f 220 308 307
f 220 307 306
f 220 306 305
f 220 305 304
f 220 304 303
f 220 303 302
f 220 302 301
f 220 301 300
f 220 300 299
f 220 299 298
f 220 298 297
f 220 297 296
f 220 296 295
f 220 295 294
f 220 294 293
f 293 292 291
f 293 291 290
f 290 289 288
f 290 288 287
f 290 287 286
f 290 286 285
f 290 285 284
f 290 284 283
f 290 283 282
f 290 282 281
f 280 279 278
f 280 278 277
f 280 277 276
f 280 276 275
f 280 275 274
f 280 274 273
f 280 273 272
f 280 272 271
f 280 271 270
f 280 270 269
f 280 269 268
f 280 268 267
f 280 267 266
f 280 266 265
f 280 265 264
f 280 264 263
f 280 263 262
f 280 262 261
f 280 261 260
f 280 260 259
f 280 259 258
f 280 258 257
f 280 257 256
f 280 256 255
f 280 255 254
f 280 254 253
f 280 253 252
f 252 251 250
f 252 250 249
f 252 249 248
f 252 248 247
f 252 247 246
f 252 246 245
f 252 245 244
f 252 244 243
f 252 243 242
f 252 242 241
f 252 241 240
f 252 240 239
f 252 239 238
f 252 238 237
f 252 237 236
f 252 236 235
f 252 235 234
f 252 234 233
f 252 233 232
f 252 232 231
f 252 231 230
f 252 230 229
f 252 229 228
f 252 228 227
f 252 227 226
f 252 226 225
f 252 225 224
f 252 224 223
f 252 223 222
f 252 222 221
f 252 221 220
f 220 293 290
f 220 290 281
f 281 280 252
f 281 252 220
f 220 221 1
f 1 221 2
f 221 222 2
f 2 222 3
f 222 223 3
f 3 223 4
f 223 224 4
f 4 224 5
f 224 225 5
f 5 225 6
f 225 226 6
f 6 226 7
f 226 227 7
f 7 227 8
f 227 228 8
f 8 228 9
f 228 229 9
f 9 229 10
f 229 230 10
f 10 230 11
f 230 231 11
f 11 231 12
f 231 232 12
f 12 232 13
f 232 233 13
f 13 233 14
f 233 234 14
f 14 234 15
f 234 235 15
f 15 235 16
f 235 236 16
f 16 236 17
f 236 237 17
f 17 237 18
f 237 238 18
f 18 238 19
f 238 239 19
f 19 239 20
f 239 240 20
f 20 240 21
f 240 241 21
f 21 241 22
f 241 242 22
f 22 242 23
f 242 243 23
f 23 243 24
f 243 244 24
f 24 244 25
f 244 245 25
f 25 245 26
f 245 246 26
f 26 246 27
f 246 247 27
f 27 247 28
f 247 248 28
f 28 248 29
f 248 249 29
f 29 249 30
f 249 250 30
f 30 250 31
f 250 251 31
f 31 251 32
f 251 252 32
f 32 252 33
f 252 253 33
f 33 253 34
f 253 254 34
f 34 254 35
f 254 255 35
f 35 255 36
f 255 256 36
f 36 256 37
f 256 257 37
f 37 257 38
f 257 258 38
f 38 258 39
f 258 259 39
f 39 259 40
f 259 260 40
f 40 260 41
f 260 261 41
f 41 261 42
f 261 262 42
f 42 262 43
f 262 263 43
f 43 263 44
f 263 264 44
f 44 264 45
f 264 265 45
f 45 265 46
f 265 266 46
f 46 266 47
f 266 267 47
f 47 267 48
f 267 268 48
f 48 268 49
f 268 269 49
f 49 269 50
f 269 270 50
f 50 270 51
f 270 271 51
f 51 271 52
f 271 272 52
f 52 272 53
f 272 273 53
f 53 273 54
f 273 274 54
f 54 274 55
f 274 275 55
f 55 275 56
f 275 276 56
f 56 276 57
f 276 277 57
f 57 277 58
f 277 278 58
f 58 278 59
f 278 279 59
f 59 279 60
f 279 280 60
f 60 280 61
f 280 281 61
f 61 281 62
f 281 282 62
f 62 282 63
f 282 283 63
f 63 283 64
f 283 284 64
f 64 284 65
f 284 285 65
f 65 285 66
f 285 286 66
f 66 286 67
f 286 287 67
f 67 287 68
f 287 288 68
f 68 288 69
f 288 289 69
f 69 289 70
f 289 290 70
f 70 290 71
f 290 291 71
f 71 291 72
f 291 292 72
f 72 292 73
f 292 293 73
f 73 293 74
f 293 294 74
f 74 294 75
f 294 295 75
f 75 295 76
f 295 296 76
f 76 296 77
f 296 297 77
f 77 297 78
f 297 298 78
f 78 298 79
f 298 299 79
f 79 299 80
f 299 300 80
f 80 300 81
f 300 301 81
f 81 301 82
f 301 302 82
f 82 302 83
f 302 303 83
f 83 303 84
f 303 304 84
f 84 304 85
f 304 305 85
f 85 305 86
f 305 306 86
f 86 306 87
f 306 307 87
f 87 307 88
f 307 308 88
f 88 308 89
f 308 309 89
f 89 309 90
f 309 310 90
f 90 310 91
f 310 311 91
f 91 311 92
f 311 312 92
f 92 312 93
f 312 313 93
f 93 313 94
f 313 314 94
f 94 314 95
f 314 315 95
f 95 315 96
f 315 316 96
f 96 316 97
f 316 317 97
f 97 317 98
f 317 318 98
f 98 318 99
f 318 319 99
f 99 319 100
f 319 320 100
f 100 320 101
f 320 321 101
f 101 321 102
f 321 322 102
f 102 322 103
f 322 323 103
f 103 323 104
f 323 324 104
f 104 324 105
f 324 325 105
f 105 325 106
f 325 326 106
f 106 326 107
f 326 327 107
f 107 327 108
f 327 328 108
f 108 328 109
f 328 329 109
f 109 329 110
f 329 330 110
f 110 330 111
f 330 331 111
f 111 331 112
f 331 332 112
f 112 332 113
f 332 333 113
f 113 333 114
f 333 334 114
f 114 334 115
f 334 335 115
f 115 335 116
f 335 336 116
f 116 336 117
f 336 337 117
f 117 337 118
f 337 338 118
f 118 338 119
f 338 339 119
f 119 339 120
f 339 340 120
f 120 340 121
f 340 341 121
f 121 341 122
f 341 342 122
f 122 342 123
f 342 343 123
f 123 343 124
f 343 344 124
f 124 344 125
f 344 345 125
f 125 345 126
f 345 346 126
f 126 346 127
f 346 347 127
f 127 347 128
f 347 348 128
f 128 348 129
f 348 349 129
f 129 349 130
f 349 350 130
f 130 350 131
f 350 351 131
f 131 351 132
f 351 352 132
f 132 352 133
f 352 353 133
f 133 353 134
f 353 354 134
f 134 354 135
f 354 355 135
f 135 355 136
f 355 356 136
f 136 356 137
f 356 357 137
f 137 357 138
f 357 358 138
f 138 358 139
f 358 359 139
f 139 359 140
f 359 360 140
f 140 360 141
f 360 361 141
f 141 361 142
f 361 362 142
f 142 362 143
f 362 363 143
f 143 363 144
f 363 364 144
f 144 364 145
f 364 365 145
f 145 365 146
f 365 366 146
f 146 366 147
f 366 367 147
f 147 367 148
f 367 368 148
f 148 368 149
f 368 369 149
f 149 369 150
f 369 370 150
f 150 370 151
f 370 371 151
f 151 371 152
f 371 372 152
f 152 372 153
f 372 373 153
f 153 373 154
f 373 374 154
f 154 374 155
f 374 375 155
f 155 375 156
f 375 376 156
f 156 376 157
f 376 377 157
f 157 377 158
f 377 378 158
f 158 378 159
f 378 379 159
f 159 379 160
f 379 380 160
f 160 380 161
f 380 381 161
f 161 381 162
f 381 382 162
f 162 382 163
f 382 383 163
f 163 383 164
f 383 384 164
f 164 384 165
f 384 385 165
f 165 385 166
f 385 386 166
f 166 386 167
f 386 387 167
f 167 387 168
f 387 388 168
f 168 388 169
f 388 389 169
f 169 389 170
f 389 390 170
f 170 390 171
f 390 391 171
f 171 391 172
f 391 392 172
f 172 392 173
f 392 393 173
f 173 393 174
f 393 394 174
f 174 394 175
f 394 395 175
f 175 395 176
f 395 396 176
f 176 396 177
f 396 397 177
f 177 397 178
f 397 398 178
f 178 398 179
f 398 399 179
f 179 399 180
f 399 400 180
f 180 400 181
f 400 401 181
f 181 401 182
f 401 402 182
f 182 402 183
f 402 403 183
f 183 403 184
f 403 404 184
f 184 404 185
f 404 405 185
f 185 405 186
f 405 406 186
f 186 406 187
f 406 407 187
f 187 407 188
f 407 408 188
f 188 408 189
f 408 409 189
f 189 409 190
f 409 410 190
f 190 410 191
f 410 411 191
f 191 411 192
f 411 412 192
f 192 412 193
f 412 413 193
f 193 413 194
f 413 414 194
f 194 414 195
f 414 415 195
f 195 415 196
f 415 416 196
f 196 416 197
f 416 417 197
f 197 417 198
f 417 418 198
f 198 418 199
f 418 419 199
f 199 419 200
f 419 420 200
f 200 420 201
f 420 421 201
f 201 421 202
f 421 422 202
f 202 422 203
f 422 423 203
f 203 423 204
f 423 424 204
f 204 424 205
f 424 425 205
f 205 425 206
f 425 426 206
f 206 426 207
f 426 427 207
f 207 427 208
f 427 428 208
f 208 428 209
f 428 429 209
f 209 429 210
f 429 430 210
f 210 430 211
f 430 431 211
f 211 431 212
f 431 432 212
f 212 432 213
f 432 433 213
f 213 433 214
f 433 434 214
f 214 434 215
f 434 435 215
f 215 435 216
f 435 436 216
f 216 436 217
f 436 437 217
f 217 437 218
f 438 220 219
f 219 220 1
f 437 438 218
f 218 438 219

o geometry_1
v -0.14229080 2.80000000 1.44462500 0.90980392 0.87450980 0.81568627
v -0.28318460 2.80000000 1.42372080 0.90980392 0.87450980 0.81568627
v -0.42138600 2.80000000 1.38910060 0.90980392 0.87450980 0.81568627
v -0.55549800 2.80000000 1.34112000 0.90980392 0.87450980 0.81568627
v -0.68427600 2.80000000 1.28021080 0.90980392 0.87450980 0.81568627
v -0.80647540 2.80000000 1.20695720 0.90980392 0.87450980 0.81568627
v -0.92090240 2.80000000 1.12212120 0.90980392 0.87450980 0.81568627
v -1.02643940 2.80000000 1.02643940 0.90980392 0.87450980 0.81568627
v -1.12212120 2.80000000 0.92090240 0.90980392 0.87450980 0.81568627
v -1.20695720 2.80000000 0.80647540 0.90980392 0.87450980 0.81568627
v -1.28021080 2.80000000 0.68427600 0.90980392 0.87450980 0.81568627
v -1.34112000 2.80000000 0.55549800 0.90980392 0.87450980 0.81568627
v -1.38910060 2.80000000 0.42138600 0.90980392 0.87450980 0.81568627
v -1.42372080 2.80000000 0.28318460 0.90980392 0.87450980 0.81568627
v -1.44462500 2.80000000 0.14229080 0.90980392 0.87450980 0.81568627
v -1.45161000 2.80000000 0.00000000 0.90980392 0.87450980 0.81568627
v -1.44462500 2.80000000 -0.14229080 0.90980392 0.87450980 0.81568627
v -1.42372080 2.80000000 -0.28318460 0.90980392 0.87450980 0.81568627
v -1.38910060 2.80000000 -0.42138600 0.90980392 0.87450980 0.81568627
v -1.34112000 2.80000000 -0.55549800 0.90980392 0.87450980 0.81568627
v -1.28021080 2.80000000 -0.68427600 0.90980392 0.87450980 0.81568627
v -1.20695720 2.80000000 -0.80647540 0.90980392 0.87450980 0.81568627
v -1.12212120 2.80000000 -0.92090240 0.90980392 0.87450980 0.81568627
v -1.02643940 2.80000000 -1.02643940 0.90980392 0.87450980 0.81568627
v -0.92090240 2.80000000 -1.12212120 0.90980392 0.87450980 0.81568627
v -0.80647540 2.80000000 -1.20695720 0.90980392 0.87450980 0.81568627
v -0.68427600 2.80000000 -1.28021080 0.90980392 0.87450980 0.81568627
v -0.55549800 2.80000000 -1.34112000 0.90980392 0.87450980 0.81568627
v -0.42138600 2.80000000 -1.38910060 0.90980392 0.87450980 0.81568627
v -0.28318460 2.80000000 -1.42372080 0.90980392 0.87450980 0.81568627
v -0.14229080 2.80000000 -1.44462500 0.90980392 0.87450980 0.81568627
v 0.00000000 2.80000000 -1.45161000 0.90980392 0.87450980 0.81568627
v 0.60109100 2.80000000 -1.45161000 0.90980392 0.87450980 0.81568627
v 0.58734960 2.80000000 -1.47452080 0.90980392 0.87450980 0.81568627
v 0.52644040 2.80000000 -1.60329880 0.90980392 0.87450980 0.81568627
v 0.47845980 2.80000000 -1.73741080 0.90980392 0.87450980 0.81568627
v 0.44383960 2.80000000 -1.87561220 0.90980392 0.87450980 0.81568627
v 0.42293540 2.80000000 -2.01650600 0.90980392 0.87450980 0.81568627
v 0.41595040 2.80000000 -2.15879680 0.90980392 0.87450980 0.81568627
v 0.41595040 2.80000000 -9.24999420 0.90980392 0.87450980 0.81568627
v 0.42293540 2.80000000 -9.39228500 0.90980392 0.87450980 0.81568627
v 0.44383960 2.80000000 -9.53317880 0.90980392 0.87450980 0.81568627
v 0.47845980 2.80000000 -9.67138020 0.90980392 0.87450980 0.81568627
v 0.52644040 2.80000000 -9.80549220 0.90980392 0.87450980 0.81568627
v 0.58734960 2.80000000 -9.93427020 0.90980392 0.87450980 0.81568627
v 0.66060320 2.80000000 -10.05646960 0.90980392 0.87450980 0.81568627
v 0.74543920 2.80000000 -10.17089660 0.90980392 0.87450980 0.81568627
v 0.84112100 2.80000000 -10.27643360 0.90980392 0.87450980 0.81568627
v 0.94665800 2.80000000 -10.37211540 0.90980392 0.87450980 0.81568627
v 1.06108500 2.80000000 -10.45695140 0.90980392 0.87450980 0.81568627
v 1.18328440 2.80000000 -10.53020500 0.90980392 0.87450980 0.81568627
v 1.31206240 2.80000000 -10.59111420 0.90980392 0.87450980 0.81568627
v 1.44617440 2.80000000 -10.63909480 0.90980392 0.87450980 0.81568627
v 1.58437580 2.80000000 -10.67371500 0.90980392 0.87450980 0.81568627
v 1.72526960 2.80000000 -10.69461920 0.90980392 0.87450980 0.81568627
v 1.86756040 2.80000000 -10.70160420 0.90980392 0.87450980 0.81568627
v 2.01754740 2.80000000 -10.70160420 0.90980392 0.87450980 0.81568627
v 2.15983820 2.80000000 -10.69461920 0.90980392 0.87450980 0.81568627
v 2.30073200 2.80000000 -10.67371500 0.90980392 0.87450980 0.81568627
v 2.43893340 2.80000000 -10.63909480 0.90980392 0.87450980 0.81568627
v 2.45889780 2.80000000 -10.63195740 0.90980392 0.87450980 0.81568627
v 4.43191900 2.80000000 -10.63195740 0.90980392 0.87450980 0.81568627
v 4.47695320 2.80000000 -10.65895760 0.90980392 0.87450980 0.81568627
v 4.60573120 2.80000000 -10.71986680 0.90980392 0.87450980 0.81568627
v 4.73984320 2.80000000 -10.76784740 0.90980392 0.87450980 0.81568627
v 4.87804460 2.80000000 -10.80246760 0.90980392 0.87450980 0.81568627
v 5.01893840 2.80000000 -10.82337180 0.90980392 0.87450980 0.81568627
v 5.16122920 2.80000000 -10.83035680 0.90980392 0.87450980 0.81568627
v 5.84131420 2.80000000 -10.83035680 0.90980392 0.87450980 0.81568627
v 5.98360500 2.80000000 -10.82337180 0.90980392 0.87450980 0.81568627
v 6.12325420 2.80000000 -10.80264540 0.90980392 0.87450980 0.81568627
v 6.12546400 2.80000000 -10.80881760 0.90980392 0.87450980 0.81568627
v 6.18637320 2.80000000 -10.93759560 0.90980392 0.87450980 0.81568627
v 6.25962680 2.80000000 -11.05979500 0.90980392 0.87450980 0.81568627
v 6.34446280 2.80000000 -11.17422200 0.90980392 0.87450980 0.81568627
v 6.44014460 2.80000000 -11.27975900 0.90980392 0.87450980 0.81568627
v 6.54568160 2.80000000 -11.37544080 0.90980392 0.87450980 0.81568627
v 6.66010860 2.80000000 -11.46027680 0.90980392 0.87450980 0.81568627
v 6.78230800 2.80000000 -11.53353040 0.90980392 0.87450980 0.81568627
v 6.91108600 2.80000000 -11.59443960 0.90980392 0.87450980 0.81568627
v 7.04519800 2.80000000 -11.64242020 0.90980392 0.87450980 0.81568627
v 7.18339940 2.80000000 -11.67704040 0.90980392 0.87450980 0.81568627
v 7.32429320 2.80000000 -11.69794460 0.90980392 0.87450980 0.81568627
v 7.46658400 2.80000000 -11.70492960 0.90980392 0.87450980 0.81568627
v 7.84659340 2.80000000 -11.70492960 0.90980392 0.87450980 0.81568627
v 7.98888420 2.80000000 -11.69794460 0.90980392 0.87450980 0.81568627
v 8.12977800 2.80000000 -11.67704040 0.90980392 0.87450980 0.81568627
v 8.26797940 2.80000000 -11.64242020 0.90980392 0.87450980 0.81568627
v 8.40209140 2.80000000 -11.59443960 0.90980392 0.87450980 0.81568627
v 8.53086940 2.80000000 -11.53353040 0.90980392 0.87450980 0.81568627
v 8.57989140 2.80000000 -11.50414260 0.90980392 0.87450980 0.81568627
v 8.66477820 2.80000000 -11.50414260 0.90980392 0.87450980 0.81568627
v 9.53025780 2.80000000 -11.50414260 0.90980392 0.87450980 0.81568627
v 9.57927980 2.80000000 -11.53353040 0.90980392 0.87450980 0.81568627
v 9.70805780 2.80000000 -11.59443960 0.90980392 0.87450980 0.81568627
v 9.84216980 2.80000000 -11.64242020 0.90980392 0.87450980 0.81568627
v 9.98037120 2.80000000 -11.67704040 0.90980392 0.87450980 0.81568627
v 10.12126500 2.80000000 -11.69794460 0.90980392 0.87450980 0.81568627
v 10.26355580 2.80000000 -11.70492960 0.90980392 0.87450980 0.81568627
v 10.64366680 2.80000000 -11.70492960 0.90980392 0.87450980 0.81568627
v 10.78595760 2.80000000 -11.69794460 0.90980392 0.87450980 0.81568627
v 10.92685140 2.80000000 -11.67704040 0.90980392 0.87450980 0.81568627
v 11.06505280 2.80000000 -11.64242020 0.90980392 0.87450980 0.81568627
v 11.19916480 2.80000000 -11.59443960 0.90980392 0.87450980 0.81568627
v 11.32794280 2.80000000 -11.53353040 0.90980392 0.87450980 0.81568627
v 11.45014220 2.80000000 -11.46027680 0.90980392 0.87450980 0.81568627
v 11.56456920 2.80000000 -11.37544080 0.90980392 0.87450980 0.81568627
v 11.67010620 2.80000000 -11.27975900 0.90980392 0.87450980 0.81568627
v 11.76578800 2.80000000 -11.17422200 0.90980392 0.87450980 0.81568627
v 11.85062400 2.80000000 -11.05979500 0.90980392 0.87450980 0.81568627
v 11.92387760 2.80000000 -10.93759560 0.90980392 0.87450980 0.81568627
v 11.98478680 2.80000000 -10.80881760 0.90980392 0.87450980 0.81568627
v 12.03276740 2.80000000 -10.67470560 0.90980392 0.87450980 0.81568627
v 12.06738760 2.80000000 -10.53650420 0.90980392 0.87450980 0.81568627
v 12.08829180 2.80000000 -10.39561040 0.90980392 0.87450980 0.81568627
v 12.09527680 2.80000000 -10.25331960 0.90980392 0.87450980 0.81568627
v 12.09527680 2.80000000 -8.14468780 0.90980392 0.87450980 0.81568627
v 12.22141320 2.80000000 -8.17628540 0.90980392 0.87450980 0.81568627
v 12.36230700 2.80000000 -8.19718960 0.90980392 0.87450980 0.81568627
v 12.50459780 2.80000000 -8.20417460 0.90980392 0.87450980 0.81568627
v 12.65458480 2.80000000 -8.20417460 0.90980392 0.87450980 0.81568627
v 12.79687560 2.80000000 -8.19718960 0.90980392 0.87450980 0.81568627
v 12.93776940 2.80000000 -8.17628540 0.90980392 0.87450980 0.81568627
v 13.07597080 2.80000000 -8.14166520 0.90980392 0.87450980 0.81568627
v 13.21008280 2.80000000 -8.09368460 0.90980392 0.87450980 0.81568627
v 13.33886080 2.80000000 -8.03277540 0.90980392 0.87450980 0.81568627
v 13.46106020 2.80000000 -7.95952180 0.90980392 0.87450980 0.81568627
v 13.57548720 2.80000000 -7.87468580 0.90980392 0.87450980 0.81568627
v 13.68102420 2.80000000 -7.77900400 0.90980392 0.87450980 0.81568627
v 13.77670600 2.80000000 -7.67346700 0.90980392 0.87450980 0.81568627
v 13.86154200 2.80000000 -7.55904000 0.90980392 0.87450980 0.81568627
v 13.93479560 2.80000000 -7.43684060 0.90980392 0.87450980 0.81568627
v 13.99570480 2.80000000 -7.30806260 0.90980392 0.87450980 0.81568627
v 14.04368540 2.80000000 -7.17395060 0.90980392 0.87450980 0.81568627
v 14.07830560 2.80000000 -7.03574920 0.90980392 0.87450980 0.81568627
v 14.09920980 2.80000000 -6.89485540 0.90980392 0.87450980 0.81568627
v 14.10619480 2.80000000 -6.75256460 0.90980392 0.87450980 0.81568627
v 14.10619480 2.80000000 -3.22521580 0.90980392 0.87450980 0.81568627
v 14.10619480 2.80000000 -3.22513960 0.90980392 0.87450980 0.81568627
v 14.10619480 2.80000000 -3.22508880 0.90980392 0.87450980 0.81568627
v 14.10268960 2.80000000 -3.15401960 0.90980392 0.87450980 0.81568627
v 14.09920980 2.80000000 -3.08292500 0.90980392 0.87450980 0.81568627
v 14.09918440 2.80000000 -3.08287420 0.90980392 0.87450980 0.81568627
v 14.09918440 2.80000000 -3.08279800 0.90980392 0.87450980 0.81568627
v 14.08874500 2.80000000 -3.01241460 0.90980392 0.87450980 0.81568627
v 14.07830560 2.80000000 -2.94203120 0.90980392 0.87450980 0.81568627
v 14.07828020 2.80000000 -2.94195500 0.90980392 0.87450980 0.81568627
v 14.07828020 2.80000000 -2.94187880 0.90980392 0.87450980 0.81568627
v 14.06098280 2.80000000 -2.87286700 0.90980392 0.87450980 0.81568627
v 14.04368540 2.80000000 -2.80382980 0.90980392 0.87450980 0.81568627
v 14.04366000 2.80000000 -2.80377900 0.90980392 0.87450980 0.81568627
v 14.04366000 2.80000000 -2.80370280 0.90980392 0.87450980 0.81568627
v 14.01968240 2.80000000 -2.73669760 0.90980392 0.87450980 0.81568627
v 13.99570480 2.80000000 -2.66971780 0.90980392 0.87450980 0.81568627
v 13.99567940 2.80000000 -2.66964160 0.90980392 0.87450980 0.81568627
v 13.99565400 2.80000000 -2.66959080 0.90980392 0.87450980 0.81568627
v 13.96522480 2.80000000 -2.60525260 0.90980392 0.87450980 0.81568627
v 13.93479560 2.80000000 -2.54093980 0.90980392 0.87450980 0.81568627
v 13.93474480 2.80000000 -2.54086360 0.90980392 0.87450980 0.81568627
v 13.93471940 2.80000000 -2.54081280 0.90980392 0.87450980 0.81568627
v 13.89814340 2.80000000 -2.47977660 0.90980392 0.87450980 0.81568627
v 13.86154200 2.80000000 -2.41874040 0.90980392 0.87450980 0.81568627
v 13.86151660 2.80000000 -2.41868960 0.90980392 0.87450980 0.81568627
v 13.86149120 2.80000000 -2.41863880 0.90980392 0.87450980 0.81568627
v 13.81907320 2.80000000 -2.36148880 0.90980392 0.87450980 0.81568627
v 13.77670600 2.80000000 -2.30431340 0.90980392 0.87450980 0.81568627
v 13.77665520 2.80000000 -2.30426260 0.90980392 0.87450980 0.81568627
v 13.77660440 2.80000000 -2.30421180 0.90980392 0.87450980 0.81568627
v 13.72882700 2.80000000 -2.25150680 0.90980392 0.87450980 0.81568627
v 13.68102420 2.80000000 -2.19877640 0.90980392 0.87450980 0.81568627
v 13.68097340 2.80000000 -2.19872560 0.90980392 0.87450980 0.81568627
v 13.68092260 2.80000000 -2.19867480 0.90980392 0.87450980 0.81568627
v 13.62819220 2.80000000 -2.15089740 0.90980392 0.87450980 0.81568627
v 13.57548720 2.80000000 -2.10309460 0.90980392 0.87450980 0.81568627
v 13.57541100 2.80000000 -2.10306920 0.90980392 0.87450980 0.81568627
v 13.57538560 2.80000000 -2.10301840 0.90980392 0.87450980 0.81568627
v 13.56360000 2.80000000 -2.09428080 0.90980392 0.87450980 0.81568627
v 13.65785940 2.80000000 -2.00883520 0.90980392 0.87450980 0.81568627
v 13.75354120 2.80000000 -1.90329820 0.90980392 0.87450980 0.81568627
v 13.83837720 2.80000000 -1.78887120 0.90980392 0.87450980 0.81568627
v 13.91163080 2.80000000 -1.66667180 0.90980392 0.87450980 0.81568627
v 13.97254000 2.80000000 -1.53789380 0.90980392 0.87450980 0.81568627
v 14.00340100 2.80000000 -1.45161000 0.90980392 0.87450980 0.81568627
v 14.27759400 2.80000000 -1.45161000 0.90980392 0.87450980 0.81568627
v 14.41988480 2.80000000 -1.44462500 0.90980392 0.87450980 0.81568627
v 14.56077860 2.80000000 -1.42372080 0.90980392 0.87450980 0.81568627
v 14.69898000 2.80000000 -1.38910060 0.90980392 0.87450980 0.81568627
v 14.83309200 2.80000000 -1.34112000 0.90980392 0.87450980 0.81568627
v 14.96187000 2.80000000 -1.28021080 0.90980392 0.87450980 0.81568627
v 15.08406940 2.80000000 -1.20695720 0.90980392 0.87450980 0.81568627
v 15.19849640 2.80000000 -1.12212120 0.90980392 0.87450980 0.81568627
v 15.30403340 2.80000000 -1.02643940 0.90980392 0.87450980 0.81568627
v 15.39971520 2.80000000 -0.92090240 0.90980392 0.87450980 0.81568627
v 15.48455120 2.80000000 -0.80647540 0.90980392 0.87450980 0.81568627
v 15.55780480 2.80000000 -0.68427600 0.90980392 0.87450980 0.81568627
v 15.61871400 2.80000000 -0.55549800 0.90980392 0.87450980 0.81568627
v 15.66669460 2.80000000 -0.42138600 0.90980392 0.87450980 0.81568627
v 15.70131480 2.80000000 -0.28318460 0.90980392 0.87450980 0.81568627
v 15.72221900 2.80000000 -0.14229080 0.90980392 0.87450980 0.81568627
v 15.72920400 2.80000000 0.00000000 0.90980392 0.87450980 0.81568627
v 15.72221900 2.80000000 0.14229080 0.90980392 0.87450980 0.81568627
v 15.70131480 2.80000000 0.28318460 0.90980392 0.87450980 0.81568627
v 15.66669460 2.80000000 0.42138600 0.90980392 0.87450980 0.81568627
v 15.61871400 2.80000000 0.55549800 0.90980392 0.87450980 0.81568627
v 15.55780480 2.80000000 0.68427600 0.90980392 0.87450980 0.81568627
v 15.48455120 2.80000000 0.80647540 0.90980392 0.87450980 0.81568627
v 15.39971520 2.80000000 0.92090240 0.90980392 0.87450980 0.81568627
v 15.30403340 2.80000000 1.02643940 0.90980392 0.87450980 0.81568627
v 15.19849640 2.80000000 1.12212120 0.90980392 0.87450980 0.81568627
v 15.08406940 2.80000000 1.20695720 0.90980392 0.87450980 0.81568627
v 14.96187000 2.80000000 1.28021080 0.90980392 0.87450980 0.81568627
v 14.83309200 2.80000000 1.34112000 0.90980392 0.87450980 0.81568627
v 14.69898000 2.80000000 1.38910060 0.90980392 0.87450980 0.81568627
v 14.56077860 2.80000000 1.42372080 0.90980392 0.87450980 0.81568627
v 14.41988480 2.80000000 1.44462500 0.90980392 0.87450980 0.81568627
v 14.27759400 2.80000000 1.45161000 0.90980392 0.87450980 0.81568627
v 12.63142000 2.80000000 1.45161000 0.90980392 0.87450980 0.81568627
v 10.87539100 2.80000000 1.45161000 0.90980392 0.87450980 0.81568627
v 0.00000000 2.80000000 1.45161000 0.90980392 0.87450980 0.81568627
v -0.14229080 2.95000000 1.44462500 0.90980392 0.87450980 0.81568627
v -0.28318460 2.95000000 1.42372080 0.90980392 0.87450980 0.81568627
v -0.42138600 2.95000000 1.38910060 0.90980392 0.87450980 0.81568627
v -0.55549800 2.95000000 1.34112000 0.90980392 0.87450980 0.81568627
v -0.68427600 2.95000000 1.28021080 0.90980392 0.87450980 0.81568627
v -0.80647540 2.95000000 1.20695720 0.90980392 0.87450980 0.81568627
v -0.92090240 2.95000000 1.12212120 0.90980392 0.87450980 0.81568627
v -1.02643940 2.95000000 1.02643940 0.90980392 0.87450980 0.81568627
v -1.12212120 2.95000000 0.92090240 0.90980392 0.87450980 0.81568627
v -1.20695720 2.95000000 0.80647540 0.90980392 0.87450980 0.81568627
v -1.28021080 2.95000000 0.68427600 0.90980392 0.87450980 0.81568627
v -1.34112000 2.95000000 0.55549800 0.90980392 0.87450980 0.81568627
v -1.38910060 2.95000000 0.42138600 0.90980392 0.87450980 0.81568627
v -1.42372080 2.95000000 0.28318460 0.90980392 0.87450980 0.81568627
v -1.44462500 2.95000000 0.14229080 0.90980392 0.87450980 0.81568627
v -1.45161000 2.95000000 0.00000000 0.90980392 0.87450980 0.81568627
v -1.44462500 2.95000000 -0.14229080 0.90980392 0.87450980 0.81568627
v -1.42372080 2.95000000 -0.28318460 0.90980392 0.87450980 0.81568627
v -1.38910060 2.95000000 -0.42138600 0.90980392 0.87450980 0.81568627
v -1.34112000 2.95000000 -0.55549800 0.90980392 0.87450980 0.81568627
v -1.28021080 2.95000000 -0.68427600 0.90980392 0.87450980 0.81568627
v -1.20695720 2.95000000 -0.80647540 0.90980392 0.87450980 0.81568627
v -1.12212120 2.95000000 -0.92090240 0.90980392 0.87450980 0.81568627
v -1.02643940 2.95000000 -1.02643940 0.90980392 0.87450980 0.81568627
v -0.92090240 2.95000000 -1.12212120 0.90980392 0.87450980 0.81568627
v -0.80647540 2.95000000 -1.20695720 0.90980392 0.87450980 0.81568627
v -0.68427600 2.95000000 -1.28021080 0.90980392 0.87450980 0.81568627
v -0.55549800 2.95000000 -1.34112000 0.90980392 0.87450980 0.81568627
v -0.42138600 2.95000000 -1.38910060 0.90980392 0.87450980 0.81568627
v -0.28318460 2.95000000 -1.42372080 0.90980392 0.87450980 0.81568627
v -0.14229080 2.95000000 -1.44462500 0.90980392 0.87450980 0.81568627
v 0.00000000 2.95000000 -1.45161000 0.90980392 0.87450980 0.81568627
v 0.60109100 2.95000000 -1.45161000 0.90980392 0.87450980 0.81568627
v 0.58734960 2.95000000 -1.47452080 0.90980392 0.87450980 0.81568627
v 0.52644040 2.95000000 -1.60329880 0.90980392 0.87450980 0.81568627
v 0.47845980 2.95000000 -1.73741080 0.90980392 0.87450980 0.81568627
v 0.44383960 2.95000000 -1.87561220 0.90980392 0.87450980 0.81568627
v 0.42293540 2.95000000 -2.01650600 0.90980392 0.87450980 0.81568627
v 0.41595040 2.95000000 -2.15879680 0.90980392 0.87450980 0.81568627
v 0.41595040 2.95000000 -9.24999420 0.90980392 0.87450980 0.81568627
v 0.42293540 2.95000000 -9.39228500 0.90980392 0.87450980 0.81568627
v 0.44383960 2.95000000 -9.53317880 0.90980392 0.87450980 0.81568627
v 0.47845980 2.95000000 -9.67138020 0.90980392 0.87450980 0.81568627
v 0.52644040 2.95000000 -9.80549220 0.90980392 0.87450980 0.81568627
v 0.58734960 2.95000000 -9.93427020 0.90980392 0.87450980 0.81568627
v 0.66060320 2.95000000 -10.05646960 0.90980392 0.87450980 0.81568627
v 0.74543920 2.95000000 -10.17089660 0.90980392 0.87450980 0.81568627
v 0.84112100 2.95000000 -10.27643360 0.90980392 0.87450980 0.81568627
v 0.94665800 2.95000000 -10.37211540 0.90980392 0.87450980 0.81568627
v 1.06108500 2.95000000 -10.45695140 0.90980392 0.87450980 0.81568627
v 1.18328440 2.95000000 -10.53020500 0.90980392 0.87450980 0.81568627
v 1.31206240 2.95000000 -10.59111420 0.90980392 0.87450980 0.81568627
v 1.44617440 2.95000000 -10.63909480 0.90980392 0.87450980 0.81568627
v 1.58437580 2.95000000 -10.67371500 0.90980392 0.87450980 0.81568627
v 1.72526960 2.95000000 -10.69461920 0.90980392 0.87450980 0.81568627
v 1.86756040 2.95000000 -10.70160420 0.90980392 0.87450980 0.81568627
v 2.01754740 2.95000000 -10.70160420 0.90980392 0.87450980 0.81568627
v 2.15983820 2.95000000 -10.69461920 0.90980392 0.87450980 0.81568627
v 2.30073200 2.95000000 -10.67371500 0.90980392 0.87450980 0.81568627
v 2.43893340 2.95000000 -10.63909480 0.90980392 0.87450980 0.81568627
v 2.45889780 2.95000000 -10.63195740 0.90980392 0.87450980 0.81568627
v 4.43191900 2.95000000 -10.63195740 0.90980392 0.87450980 0.81568627
v 4.47695320 2.95000000 -10.65895760 0.90980392 0.87450980 0.81568627
v 4.60573120 2.95000000 -10.71986680 0.90980392 0.87450980 0.81568627
v 4.73984320 2.95000000 -10.76784740 0.90980392 0.87450980 0.81568627
v 4.87804460 2.95000000 -10.80246760 0.90980392 0.87450980 0.81568627
v 5.01893840 2.95000000 -10.82337180 0.90980392 0.87450980 0.81568627
v 5.16122920 2.95000000 -10.83035680 0.90980392 0.87450980 0.81568627
v 5.84131420 2.95000000 -10.83035680 0.90980392 0.87450980 0.81568627
v 5.98360500 2.95000000 -10.82337180 0.90980392 0.87450980 0.81568627
v 6.12325420 2.95000000 -10.80264540 0.90980392 0.87450980 0.81568627
v 6.12546400 2.95000000 -10.80881760 0.90980392 0.87450980 0.81568627
v 6.18637320 2.95000000 -10.93759560 0.90980392 0.87450980 0.81568627
v 6.25962680 2.95000000 -11.05979500 0.90980392 0.87450980 0.81568627
v 6.34446280 2.95000000 -11.17422200 0.90980392 0.87450980 0.81568627
v 6.44014460 2.95000000 -11.27975900 0.90980392 0.87450980 0.81568627
v 6.54568160 2.95000000 -11.37544080 0.90980392 0.87450980 0.81568627
v 6.66010860 2.95000000 -11.46027680 0.90980392 0.87450980 0.81568627
v 6.78230800 2.95000000 -11.53353040 0.90980392 0.87450980 0.81568627
v 6.91108600 2.95000000 -11.59443960 0.90980392 0.87450980 0.81568627
v 7.04519800 2.95000000 -11.64242020 0.90980392 0.87450980 0.81568627
v 7.18339940 2.95000000 -11.67704040 0.90980392 0.87450980 0.81568627
v 7.32429320 2.95000000 -11.69794460 0.90980392 0.87450980 0.81568627
v 7.46658400 2.95000000 -11.70492960 0.90980392 0.87450980 0.81568627
v 7.84659340 2.95000000 -11.70492960 0.90980392 0.87450980 0.81568627
v 7.98888420 2.95000000 -11.69794460 0.90980392 0.87450980 0.81568627
v 8.12977800 2.95000000 -11.67704040 0.90980392 0.87450980 0.81568627
v 8.26797940 2.95000000 -11.64242020 0.90980392 0.87450980 0.81568627
v 8.40209140 2.95000000 -11.59443960 0.90980392 0.87450980 0.81568627
v 8.53086940 2.95000000 -11.53353040 0.90980392 0.87450980 0.81568627
v 8.57989140 2.95000000 -11.50414260 0.90980392 0.87450980 0.81568627
v 8.66477820 2.95000000 -11.50414260 0.90980392 0.87450980 0.81568627
v 9.53025780 2.95000000 -11.50414260 0.90980392 0.87450980 0.81568627
v 9.57927980 2.95000000 -11.53353040 0.90980392 0.87450980 0.81568627
v 9.70805780 2.95000000 -11.59443960 0.90980392 0.87450980 0.81568627
v 9.84216980 2.95000000 -11.64242020 0.90980392 0.87450980 0.81568627
v 9.98037120 2.95000000 -11.67704040 0.90980392 0.87450980 0.81568627
v 10.12126500 2.95000000 -11.69794460 0.90980392 0.87450980 0.81568627
v 10.26355580 2.95000000 -11.70492960 0.90980392 0.87450980 0.81568627
v 10.64366680 2.95000000 -11.70492960 0.90980392 0.87450980 0.81568627
v 10.78595760 2.95000000 -11.69794460 0.90980392 0.87450980 0.81568627
v 10.92685140 2.95000000 -11.67704040 0.90980392 0.87450980 0.81568627
v 11.06505280 2.95000000 -11.64242020 0.90980392 0.87450980 0.81568627
v 11.19916480 2.95000000 -11.59443960 0.90980392 0.87450980 0.81568627
v 11.32794280 2.95000000 -11.53353040 0.90980392 0.87450980 0.81568627
v 11.45014220 2.95000000 -11.46027680 0.90980392 0.87450980 0.81568627
v 11.56456920 2.95000000 -11.37544080 0.90980392 0.87450980 0.81568627
v 11.67010620 2.95000000 -11.27975900 0.90980392 0.87450980 0.81568627
v 11.76578800 2.95000000 -11.17422200 0.90980392 0.87450980 0.81568627
v 11.85062400 2.95000000 -11.05979500 0.90980392 0.87450980 0.81568627
v 11.92387760 2.95000000 -10.93759560 0.90980392 0.87450980 0.81568627
v 11.98478680 2.95000000 -10.80881760 0.90980392 0.87450980 0.81568627
v 12.03276740 2.95000000 -10.67470560 0.90980392 0.87450980 0.81568627
v 12.06738760 2.95000000 -10.53650420 0.90980392 0.87450980 0.81568627
v 12.08829180 2.95000000 -10.39561040 0.90980392 0.87450980 0.81568627
v 12.09527680 2.95000000 -10.25331960 0.90980392 0.87450980 0.81568627
v 12.09527680 2.95000000 -8.14468780 0.90980392 0.87450980 0.81568627
v 12.22141320 2.95000000 -8.17628540 0.90980392 0.87450980 0.81568627
v 12.36230700 2.95000000 -8.19718960 0.90980392 0.87450980 0.81568627
v 12.50459780 2.95000000 -8.20417460 0.90980392 0.87450980 0.81568627
v 12.65458480 2.95000000 -8.20417460 0.90980392 0.87450980 0.81568627
v 12.79687560 2.95000000 -8.19718960 0.90980392 0.87450980 0.81568627
v 12.93776940 2.95000000 -8.17628540 0.90980392 0.87450980 0.81568627
v 13.07597080 2.95000000 -8.14166520 0.90980392 0.87450980 0.81568627
v 13.21008280 2.95000000 -8.09368460 0.90980392 0.87450980 0.81568627
v 13.33886080 2.95000000 -8.03277540 0.90980392 0.87450980 0.81568627
v 13.46106020 2.95000000 -7.95952180 0.90980392 0.87450980 0.81568627
v 13.57548720 2.95000000 -7.87468580 0.90980392 0.87450980 0.81568627
v 13.68102420 2.95000000 -7.77900400 0.90980392 0.87450980 0.81568627
v 13.77670600 2.95000000 -7.67346700 0.90980392 0.87450980 0.81568627
v 13.86154200 2.95000000 -7.55904000 0.90980392 0.87450980 0.81568627
v 13.93479560 2.95000000 -7.43684060 0.90980392 0.87450980 0.81568627
v 13.99570480 2.95000000 -7.30806260 0.90980392 0.87450980 0.81568627
v 14.04368540 2.95000000 -7.17395060 0.90980392 0.87450980 0.81568627
v 14.07830560 2.95000000 -7.03574920 0.90980392 0.87450980 0.81568627
v 14.09920980 2.95000000 -6.89485540 0.90980392 0.87450980 0.81568627
v 14.10619480 2.95000000 -6.75256460 0.90980392 0.87450980 0.81568627
v 14.10619480 2.95000000 -3.22521580 0.90980392 0.87450980 0.81568627
v 14.10619480 2.95000000 -3.22513960 0.90980392 0.87450980 0.81568627
v 14.10619480 2.95000000 -3.22508880 0.90980392 0.87450980 0.81568627
v 14.10268960 2.95000000 -3.15401960 0.90980392 0.87450980 0.81568627
v 14.09920980 2.95000000 -3.08292500 0.90980392 0.87450980 0.81568627
v 14.09918440 2.95000000 -3.08287420 0.90980392 0.87450980 0.81568627
v 14.09918440 2.95000000 -3.08279800 0.90980392 0.87450980 0.81568627
v 14.08874500 2.95000000 -3.01241460 0.90980392 0.87450980 0.81568627
v 14.07830560 2.95000000 -2.94203120 0.90980392 0.87450980 0.81568627
v 14.07828020 2.95000000 -2.94195500 0.90980392 0.87450980 0.81568627
v 14.07828020 2.95000000 -2.94187880 0.90980392 0.87450980 0.81568627
v 14.06098280 2.95000000 -2.87286700 0.90980392 0.87450980 0.81568627
v 14.04368540 2.95000000 -2.80382980 0.90980392 0.87450980 0.81568627
v 14.04366000 2.95000000 -2.80377900 0.90980392 0.87450980 0.81568627
v 14.04366000 2.95000000 -2.80370280 0.90980392 0.87450980 0.81568627
v 14.01968240 2.95000000 -2.73669760 0.90980392 0.87450980 0.81568627
v 13.99570480 2.95000000 -2.66971780 0.90980392 0.87450980 0.81568627
v 13.99567940 2.95000000 -2.66964160 0.90980392 0.87450980 0.81568627
v 13.99565400 2.95000000 -2.66959080 0.90980392 0.87450980 0.81568627
v 13.96522480 2.95000000 -2.60525260 0.90980392 0.87450980 0.81568627
v 13.93479560 2.95000000 -2.54093980 0.90980392 0.87450980 0.81568627
v 13.93474480 2.95000000 -2.54086360 0.90980392 0.87450980 0.81568627
v 13.93471940 2.95000000 -2.54081280 0.90980392 0.87450980 0.81568627
v 13.89814340 2.95000000 -2.47977660 0.90980392 0.87450980 0.81568627
v 13.86154200 2.95000000 -2.41874040 0.90980392 0.87450980 0.81568627
v 13.86151660 2.95000000 -2.41868960 0.90980392 0.87450980 0.81568627
v 13.86149120 2.95000000 -2.41863880 0.90980392 0.87450980 0.81568627
v 13.81907320 2.95000000 -2.36148880 0.90980392 0.87450980 0.81568627
v 13.77670600 2.95000000 -2.30431340 0.90980392 0.87450980 0.81568627
v 13.77665520 2.95000000 -2.30426260 0.90980392 0.87450980 0.81568627
v 13.77660440 2.95000000 -2.30421180 0.90980392 0.87450980 0.81568627
v 13.72882700 2.95000000 -2.25150680 0.90980392 0.87450980 0.81568627
v 13.68102420 2.95000000 -2.19877640 0.90980392 0.87450980 0.81568627
v 13.68097340 2.95000000 -2.19872560 0.90980392 0.87450980 0.81568627
v 13.68092260 2.95000000 -2.19867480 0.90980392 0.87450980 0.81568627
v 13.62819220 2.95000000 -2.15089740 0.90980392 0.87450980 0.81568627
v 13.57548720 2.95000000 -2.10309460 0.90980392 0.87450980 0.81568627
v 13.57541100 2.95000000 -2.10306920 0.90980392 0.87450980 0.81568627
v 13.57538560 2.95000000 -2.10301840 0.90980392 0.87450980 0.81568627
v 13.56360000 2.95000000 -2.09428080 0.90980392 0.87450980 0.81568627
v 13.65785940 2.95000000 -2.00883520 0.90980392 0.87450980 0.81568627
v 13.75354120 2.95000000 -1.90329820 0.90980392 0.87450980 0.81568627
v 13.83837720 2.95000000 -1.78887120 0.90980392 0.87450980 0.81568627
v 13.91163080 2.95000000 -1.66667180 0.90980392 0.87450980 0.81568627
v 13.97254000 2.95000000 -1.53789380 0.90980392 0.87450980 0.81568627
v 14.00340100 2.95000000 -1.45161000 0.90980392 0.87450980 0.81568627
v 14.27759400 2.95000000 -1.45161000 0.90980392 0.87450980 0.81568627
v 14.41988480 2.95000000 -1.44462500 0.90980392 0.87450980 0.81568627
v 14.56077860 2.95000000 -1.42372080 0.90980392 0.87450980 0.81568627
v 14.69898000 2.95000000 -1.38910060 0.90980392 0.87450980 0.81568627
v 14.83309200 2.95000000 -1.34112000 0.90980392 0.87450980 0.81568627
v 14.96187000 2.95000000 -1.28021080 0.90980392 0.87450980 0.81568627
v 15.08406940 2.95000000 -1.20695720 0.90980392 0.87450980 0.81568627
v 15.19849640 2.95000000 -1.12212120 0.90980392 0.87450980 0.81568627
v 15.30403340 2.95000000 -1.02643940 0.90980392 0.87450980 0.81568627
v 15.39971520 2.95000000 -0.92090240 0.90980392 0.87450980 0.81568627
v 15.48455120 2.95000000 -0.80647540 0.90980392 0.87450980 0.81568627
v 15.55780480 2.95000000 -0.68427600 0.90980392 0.87450980 0.81568627
v 15.61871400 2.95000000 -0.55549800 0.90980392 0.87450980 0.81568627
v 15.66669460 2.95000000 -0.42138600 0.90980392 0.87450980 0.81568627
v 15.70131480 2.95000000 -0.28318460 0.90980392 0.87450980 0.81568627
v 15.72221900 2.95000000 -0.14229080 0.90980392 0.87450980 0.81568627
v 15.72920400 2.95000000 0.00000000 0.90980392 0.87450980 0.81568627
v 15.72221900 2.95000000 0.14229080 0.90980392 0.87450980 0.81568627
v 15.70131480 2.95000000 0.28318460 0.90980392 0.87450980 0.81568627
v 15.66669460 2.95000000 0.42138600 0.90980392 0.87450980 0.81568627
v 15.61871400 2.95000000 0.55549800 0.90980392 0.87450980 0.81568627
v 15.55780480 2.95000000 0.68427600 0.90980392 0.87450980 0.81568627
v 15.48455120 2.95000000 0.80647540 0.90980392 0.87450980 0.81568627
v 15.39971520 2.95000000 0.92090240 0.90980392 0.87450980 0.81568627
v 15.30403340 2.95000000 1.02643940 0.90980392 0.87450980 0.81568627
v 15.19849640 2.95000000 1.12212120 0.90980392 0.87450980 0.81568627
v 15.08406940 2.95000000 1.20695720 0.90980392 0.87450980 0.81568627
v 14.96187000 2.95000000 1.28021080 0.90980392 0.87450980 0.81568627
v 14.83309200 2.95000000 1.34112000 0.90980392 0.87450980 0.81568627
v 14.69898000 2.95000000 1.38910060 0.90980392 0.87450980 0.81568627
v 14.56077860 2.95000000 1.42372080 0.90980392 0.87450980 0.81568627
v 14.41988480 2.95000000 1.44462500 0.90980392 0.87450980 0.81568627
v 14.27759400 2.95000000 1.45161000 0.90980392 0.87450980 0.81568627
v 12.63142000 2.95000000 1.45161000 0.90980392 0.87450980 0.81568627
v 10.87539100 2.95000000 1.45161000 0.90980392 0.87450980 0.81568627
v 0.00000000 2.95000000 1.45161000 0.90980392 0.87450980 0.81568627
f 656 657 439
f 655 656 439
f 654 655 439
f 653 654 439
f 652 653 439
f 651 652 439
f 650 651 439
f 649 650 439
f 648 649 439
f 647 648 439
f 646 647 439
f 645 646 439
f 644 645 439
f 643 644 439
f 642 643 439
f 641 642 439
f 640 641 439
f 639 640 439
f 638 639 439
f 637 638 439
f 636 637 439
f 635 636 439
f 634 635 439
f 633 634 439
f 632 633 439
f 631 632 439
f 630 631 439
f 629 630 439
f 628 629 439
f 627 628 439
f 626 627 439
f 625 626 439
f 624 625 439
f 623 624 439
f 622 623 439
f 621 622 439
f 620 621 439
f 619 620 439
f 618 619 439
f 617 618 439
f 616 617 439
f 615 616 439
f 614 615 439
f 613 614 439
f 612 613 439
f 611 612 439
f 610 611 439
f 609 610 439
f 608 609 439
f 607 608 439
f 606 607 439
f 605 606 439
f 604 605 439
f 603 604 439
f 602 603 439
f 601 602 439
f 600 601 439
f 599 600 439
f 598 599 439
f 597 598 439
f 596 597 439
f 595 596 439
f 594 595 439
f 593 594 439
f 592 593 439
f 591 592 439
f 590 591 439
f 589 590 439
f 588 589 439
f 587 588 439
f 586 587 439
f 585 586 439
f 584 585 439
f 583 584 439
f 582 583 439
f 581 582 439
f 580 581 439
f 579 580 439
f 578 579 439
f 577 578 439
f 576 577 439
f 575 576 439
f 574 575 439
f 573 574 439
f 572 573 439
f 571 572 439
f 570 571 439
f 569 570 439
f 568 569 439
f 567 568 439
f 566 567 439
f 565 566 439
f 564 565 439
f 563 564 439
f 562 563 439
f 561 562 439
f 560 561 439
f 559 560 439
f 558 559 439
f 557 558 439
f 556 557 439
f 555 556 439
f 554 555 439
f 553 554 439
f 552 553 439
f 551 552 439
f 550 551 439
f 549 550 439
f 548 549 439
f 547 548 439
f 546 547 439
f 545 546 439
f 544 545 439
f 543 544 439
f 542 543 439
f 541 542 439
f 540 541 439
f 539 540 439
f 538 539 439
f 537 538 439
f 536 537 439
f 535 536 439
f 534 535 439
f 533 534 439
f 532 533 439
f 531 532 439
f 530 531 439
f 529 530 439
f 528 529 439
f 527 528 439
f 526 527 439
f 525 526 439
f 524 525 439
f 523 524 439
f 522 523 439
f 521 522 439
f 520 521 439
f 519 520 439
f 518 519 439
f 517 518 439
f 516 517 439
f 515 516 439
f 514 515 439
f 513 514 439
f 512 513 439
f 510 511 512
f 509 510 512
f 507 508 509
f 506 507 509
f 505 506 509
f 504 505 509
f 503 504 509
f 502 503 509
f 501 502 509
f 500 501 509
f 497 498 499
f 496 497 499
f 495 496 499
f 494 495 499
f 493 494 499
f 492 493 499
f 491 492 499
f 490 491 499
f 489 490 499
f 488 489 499
f 487 488 499
f 486 487 499
f 485 486 499
f 484 485 499
f 483 484 499
f 482 483 499
f 481 482 499
f 480 481 499
f 479 480 499
f 478 479 499
f 477 478 499
f 476 477 499
f 475 476 499
f 474 475 499
f 473 474 499
f 472 473 499
f 471 472 499
f 469 470 471
f 468 469 471
f 467 468 471
f 466 467 471
f 465 466 471
f 464 465 471
f 463 464 471
f 462 463 471
f 461 462 471
f 460 461 471
f 459 460 471
f 458 459 471
f 457 458 471
f 456 457 471
f 455 456 471
f 454 455 471
f 453 454 471
f 452 453 471
f 451 452 471
f 450 451 471
f 449 450 471
f 448 449 471
f 447 448 471
f 446 447 471
f 445 446 471
f 444 445 471
f 443 444 471
f 442 443 471
f 441 442 471
f 440 441 471
f 439 440 471
f 509 512 439
f 500 509 439
f 471 499 500
f 439 471 500
f 658 876 875
f 658 875 874
f 658 874 873
f 658 873 872
f 658 872 871
f 658 871 870
f 658 870 869
f 658 869 868
f 658 868 867
f 658 867 866
f 658 866 865
f 658 865 864
f 658 864 863
f 658 863 862
f 658 862 861
f 658 861 860
f 658 860 859
f 658 859 858
f 658 858 857
f 658 857 856
f 658 856 855
f 658 855 854
f 658 854 853
f 658 853 852
f 658 852 851
f 658 851 850
f 658 850 849
f 658 849 848
f 658 848 847
f 658 847 846
f 658 846 845
f 658 845 844
f 658 844 843
f 658 843 842
f 658 842 841
f 658 841 840
f 658 840 839
f 658 839 838
f 658 838 837
f 658 837 836
f 658 836 835
f 658 835 834
f 658 834 833
f 658 833 832
f 658 832 831
f 658 831 830
f 658 830 829
f 658 829 828
f 658 828 827
f 658 827 826
f 658 826 825
f 658 825 824
f 658 824 823
f 658 823 822
f 658 822 821
f 658 821 820
f 658 820 819
f 658 819 818
f 658 818 817
f 658 817 816
f 658 816 815
f 658 815 814
f 658 814 813
f 658 813 812
f 658 812 811
f 658 811 810
f 658 810 809
f 658 809 808
f 658 808 807
f 658 807 806
f 658 806 805
f 658 805 804
f 658 804 803
f 658 803 802
f 658 802 801
f 658 801 800
f 658 800 799
f 658 799 798
f 658 798 797
f 658 797 796
f 658 796 795
f 658 795 794
f 658 794 793
f 658 793 792
f 658 792 791
f 658 791 790
f 658 790 789
f 658 789 788
f 658 788 787
f 658 787 786
f 658 786 785
f 658 785 784
f 658 784 783
f 658 783 782
f 658 782 781
f 658 781 780
f 658 780 779
f 658 779 778
f 658 778 777
f 658 777 776
f 658 776 775
f 658 775 774
f 658 774 773
f 658 773 772
f 658 772 771
f 658 771 770
f 658 770 769
f 658 769 768
f 658 768 767
f 658 767 766
f 658 766 765
f 658 765 764
f 658 764 763
f 658 763 762
f 658 762 761
f 658 761 760
f 658 760 759
f 658 759 758
f 658 758 757
f 658 757 756
f 658 756 755
f 658 755 754
f 658 754 753
f 658 753 752
f 658 752 751
f 658 751 750
f 658 750 749
f 658 749 748
f 658 748 747
f 658 747 746
f 658 746 745
f 658 745 744
f 658 744 743
f 658 743 742
f 658 742 741
f 658 741 740
f 658 740 739
f 658 739 738
f 658 738 737
f 658 737 736
f 658 736 735
f 658 735 734
f 658 734 733
f 658 733 732
f 658 732 731
f 731 730 729
f 731 729 728
f 728 727 726
f 728 726 725
f 728 725 724
f 728 724 723
f 728 723 722
f 728 722 721
f 728 721 720
f 728 720 719
f 718 717 716
f 718 716 715
f 718 715 714
f 718 714 713
f 718 713 712
f 718 712 711
f 718 711 710
f 718 710 709
f 718 709 708
f 718 708 707
f 718 707 706
f 718 706 705
f 718 705 704
f 718 704 703
f 718 703 702
f 718 702 701
f 718 701 700
f 718 700 699
f 718 699 698
f 718 698 697
f 718 697 696
f 718 696 695
f 718 695 694
f 718 694 693
f 718 693 692
f 718 692 691
f 718 691 690
f 690 689 688
f 690 688 687
f 690 687 686
f 690 686 685
f 690 685 684
f 690 684 683
f 690 683 682
f 690 682 681
f 690 681 680
f 690 680 679
f 690 679 678
f 690 678 677
f 690 677 676
f 690 676 675
f 690 675 674
f 690 674 673
f 690 673 672
f 690 672 671
f 690 671 670
f 690 670 669
f 690 669 668
f 690 668 667
f 690 667 666
f 690 666 665
f 690 665 664
f 690 664 663
f 690 663 662
f 690 662 661
f 690 661 660
f 690 660 659
f 690 659 658
f 658 731 728
f 658 728 719
f 719 718 690
f 719 690 658
f 658 659 439
f 439 659 440
f 659 660 440
f 440 660 441
f 660 661 441
f 441 661 442
f 661 662 442
f 442 662 443
f 662 663 443
f 443 663 444
f 663 664 444
f 444 664 445
f 664 665 445
f 445 665 446
f 665 666 446
f 446 666 447
f 666 667 447
f 447 667 448
f 667 668 448
f 448 668 449
f 668 669 449
f 449 669 450
f 669 670 450
f 450 670 451
f 670 671 451
f 451 671 452
f 671 672 452
f 452 672 453
f 672 673 453
f 453 673 454
f 673 674 454
f 454 674 455
f 674 675 455
f 455 675 456
f 675 676 456
f 456 676 457
f 676 677 457
f 457 677 458
f 677 678 458
f 458 678 459
f 678 679 459
f 459 679 460
f 679 680 460
f 460 680 461
f 680 681 461
f 461 681 462
f 681 682 462
f 462 682 463
f 682 683 463
f 463 683 464
f 683 684 464
f 464 684 465
f 684 685 465
f 465 685 466
f 685 686 466
f 466 686 467
f 686 687 467
f 467 687 468
f 687 688 468
f 468 688 469
f 688 689 469
f 469 689 470
f 689 690 470
f 470 690 471
f 690 691 471
f 471 691 472
f 691 692 472
f 472 692 473
f 692 693 473
f 473 693 474
f 693 694 474
f 474 694 475
f 694 695 475
f 475 695 476
f 695 696 476
f 476 696 477
f 696 697 477
f 477 697 478
f 697 698 478
f 478 698 479
f 698 699 479
f 479 699 480
f 699 700 480
f 480 700 481
f 700 701 481
f 481 701 482
f 701 702 482
f 482 702 483
f 702 703 483
f 483 703 484
f 703 704 484
f 484 704 485
f 704 705 485
f 485 705 486
f 705 706 486
f 486 706 487
f 706 707 487
f 487 707 488
f 707 708 488
f 488 708 489
f 708 709 489
f 489 709 490
f 709 710 490
f 490 710 491
f 710 711 491
f 491 711 492
f 711 712 492
f 492 712 493
f 712 713 493
f 493 713 494
f 713 714 494
f 494 714 495
f 714 715 495
f 495 715 496
f 715 716 496
f 496 716 497
f 716 717 497
f 497 717 498
f 717 718 498
f 498 718 499
f 718 719 499
f 499 719 500
f 719 720 500
f 500 720 501
f 720 721 501
f 501 721 502
f 721 722 502
f 502 722 503
f 722 723 503
f 503 723 504
f 723 724 504
f 504 724 505
f 724 725 505
f 505 725 506
f 725 726 506
f 506 726 507
f 726 727 507
f 507 727 508
f 727 728 508
f 508 728 509
f 728 729 509
f 509 729 510
f 729 730 510
f 510 730 511
f 730 731 511
f 511 731 512
f 731 732 512
f 512 732 513
f 732 733 513
f 513 733 514
f 733 734 514
f 514 734 515
f 734 735 515
f 515 735 516
f 735 736 516
f 516 736 517
f 736 737 517
f 517 737 518
f 737 738 518
f 518 738 519
f 738 739 519
f 519 739 520
f 739 740 520
f 520 740 521
f 740 741 521
f 521 741 522
f 741 742 522
f 522 742 523
f 742 743 523
f 523 743 524
f 743 744 524
f 524 744 525
f 744 745 525
f 525 745 526
f 745 746 526
f 526 746 527
f 746 747 527
f 527 747 528
f 747 748 528
f 528 748 529
f 748 749 529
f 529 749 530
f 749 750 530
f 530 750 531
f 750 751 531
f 531 751 532
f 751 752 532
f 532 752 533
f 752 753 533
f 533 753 534
f 753 754 534
f 534 754 535
f 754 755 535
f 535 755 536
f 755 756 536
f 536 756 537
f 756 757 537
f 537 757 538
f 757 758 538
f 538 758 539
f 758 759 539
f 539 759 540
f 759 760 540
f 540 760 541
f 760 761 541
f 541 761 542
f 761 762 542
f 542 762 543
f 762 763 543
f 543 763 544
f 763 764 544
f 544 764 545
f 764 765 545
f 545 765 546
f 765 766 546
f 546 766 547
f 766 767 547
f 547 767 548
f 767 768 548
f 548 768 549
f 768 769 549
f 549 769 550
f 769 770 550
f 550 770 551
f 770 771 551
f 551 771 552
f 771 772 552
f 552 772 553
f 772 773 553
f 553 773 554
f 773 774 554
f 554 774 555
f 774 775 555
f 555 775 556
f 775 776 556
f 556 776 557
f 776 777 557
f 557 777 558
f 777 778 558
f 558 778 559
f 778 779 559
f 559 779 560
f 779 780 560
f 560 780 561
f 780 781 561
f 561 781 562
f 781 782 562
f 562 782 563
f 782 783 563
f 563 783 564
f 783 784 564
f 564 784 565
f 784 785 565
f 565 785 566
f 785 786 566
f 566 786 567
f 786 787 567
f 567 787 568
f 787 788 568
f 568 788 569
f 788 789 569
f 569 789 570
f 789 790 570
f 570 790 571
f 790 791 571
f 571 791 572
f 791 792 572
f 572 792 573
f 792 793 573
f 573 793 574
f 793 794 574
f 574 794 575
f 794 795 575
f 575 795 576
f 795 796 576
f 576 796 577
f 796 797 577
f 577 797 578
f 797 798 578
f 578 798 579
f 798 799 579
f 579 799 580
f 799 800 580
f 580 800 581
f 800 801 581
f 581 801 582
f 801 802 582
f 582 802 583
f 802 803 583
f 583 803 584
f 803 804 584
f 584 804 585
f 804 805 585
f 585 805 586
f 805 806 586
f 586 806 587
f 806 807 587
f 587 807 588
f 807 808 588
f 588 808 589
f 808 809 589
f 589 809 590
f 809 810 590
f 590 810 591
f 810 811 591
f 591 811 592
f 811 812 592
f 592 812 593
f 812 813 593
f 593 813 594
f 813 814 594
f 594 814 595
f 814 815 595
f 595 815 596
f 815 816 596
f 596 816 597
f 816 817 597
f 597 817 598
f 817 818 598
f 598 818 599
f 818 819 599
f 599 819 600
f 819 820 600
f 600 820 601
f 820 821 601
f 601 821 602
f 821 822 602
f 602 822 603
f 822 823 603
f 603 823 604
f 823 824 604
f 604 824 605
f 824 825 605
f 605 825 606
f 825 826 606
f 606 826 607
f 826 827 607
f 607 827 608
f 827 828 608
f 608 828 609
f 828 829 609
f 609 829 610
f 829 830 610
f 610 830 611
f 830 831 611
f 611 831 612
f 831 832 612
f 612 832 613
f 832 833 613
f 613 833 614
f 833 834 614
f 614 834 615
f 834 835 615
f 615 835 616
f 835 836 616
f 616 836 617
f 836 837 617
f 617 837 618
f 837 838 618
f 618 838 619
f 838 839 619
f 619 839 620
f 839 840 620
f 620 840 621
f 840 841 621
f 621 841 622
f 841 842 622
f 622 842 623
f 842 843 623
f 623 843 624
f 843 844 624
f 624 844 625
f 844 845 625
f 625 845 626
f 845 846 626
f 626 846 627
f 846 847 627
f 627 847 628
f 847 848 628
f 628 848 629
f 848 849 629
f 629 849 630
f 849 850 630
f 630 850 631
f 850 851 631
f 631 851 632
f 851 852 632
f 632 852 633
f 852 853 633
f 633 853 634
f 853 854 634
f 634 854 635
f 854 855 635
f 635 855 636
f 855 856 636
f 636 856 637
f 856 857 637
f 637 857 638
f 857 858 638
f 638 858 639
f 858 859 639
f 639 859 640
f 859 860 640
f 640 860 641
f 860 861 641
f 641 861 642
f 861 862 642
f 642 862 643
f 862 863 643
f 643 863 644
f 863 864 644
f 644 864 645
f 864 865 645
f 645 865 646
f 865 866 646
f 646 866 647
f 866 867 647
f 647 867 648
f 867 868 648
f 648 868 649
f 868 869 649
f 649 869 650
f 869 870 650
f 650 870 651
f 870 871 651
f 651 871 652
f 871 872 652
f 652 872 653
f 872 873 653
f 653 873 654
f 873 874 654
f 654 874 655
f 874 875 655
f 655 875 656
f 876 658 657
f 657 658 439
f 875 876 656
f 656 876 657

o geometry_2
v 8.95015231 0.00000000 -3.45055840 0.84705882 0.84705882 0.84705882
v 8.95015231 2.80000000 -3.45055840 0.84705882 0.84705882 0.84705882
v 8.95014209 0.00000000 -3.30055840 0.84705882 0.84705882 0.84705882
v 8.95014209 2.80000000 -3.30055840 0.84705882 0.84705882 0.84705882
v 8.20400191 0.00000000 -3.45060920 0.84705882 0.84705882 0.84705882
v 8.20400191 2.80000000 -3.45060920 0.84705882 0.84705882 0.84705882
v 8.20399169 0.00000000 -3.30060920 0.84705882 0.84705882 0.84705882
v 8.20399169 2.80000000 -3.30060920 0.84705882 0.84705882 0.84705882
f 878 880 877
f 881 878 877
f 877 880 879
f 879 881 877
f 878 884 880
f 882 878 881
f 882 884 878
f 880 884 879
f 883 881 879
f 879 884 883
f 883 882 881
f 884 882 883

o geometry_3
v 8.12899680 0.00000000 -3.37560920 0.84705882 0.84705882 0.84705882
v 8.12899680 0.90000000 -3.37560920 0.84705882 0.84705882 0.84705882
v 8.27899680 0.00000000 -3.37560920 0.84705882 0.84705882 0.84705882
v 8.27899680 0.90000000 -3.37560920 0.84705882 0.84705882 0.84705882
v 8.12899680 0.00000000 -3.22562220 0.84705882 0.84705882 0.84705882
v 8.12899680 0.90000000 -3.22562220 0.84705882 0.84705882 0.84705882
v 8.27899680 0.00000000 -3.22562220 0.84705882 0.84705882 0.84705882
v 8.27899680 0.90000000 -3.22562220 0.84705882 0.84705882 0.84705882
f 886 888 885
f 889 886 885
f 885 888 887
f 887 889 885
f 886 892 888
f 890 886 889
f 890 892 886
f 888 892 887
f 891 889 887
f 887 892 891
f 891 890 889
f 892 890 891

o geometry_4
v 8.12899680 2.10000000 -3.37560920 0.84705882 0.84705882 0.84705882
v 8.12899680 2.80000000 -3.37560920 0.84705882 0.84705882 0.84705882
v 8.27899680 2.10000000 -3.37560920 0.84705882 0.84705882 0.84705882
v 8.27899680 2.80000000 -3.37560920 0.84705882 0.84705882 0.84705882
v 8.12899680 2.10000000 -3.22562220 0.84705882 0.84705882 0.84705882
v 8.12899680 2.80000000 -3.22562220 0.84705882 0.84705882 0.84705882
v 8.27899680 2.10000000 -3.22562220 0.84705882 0.84705882 0.84705882
v 8.27899680 2.80000000 -3.22562220 0.84705882 0.84705882 0.84705882
f 894 896 893
f 897 894 893
f 893 896 895
f 895 897 893
f 894 900 896
f 898 894 897
f 898 900 894
f 896 900 895
f 899 897 895
f 895 900 899
f 899 898 897
f 900 898 899

o geometry_5
v 8.19399680 0.90000000 -3.37560920 0.65882353 0.84313725 0.91764706
v 8.19399680 2.10000000 -3.37560920 0.65882353 0.84313725 0.91764706
v 8.21399680 0.90000000 -3.37560920 0.65882353 0.84313725 0.91764706
v 8.21399680 2.10000000 -3.37560920 0.65882353 0.84313725 0.91764706
v 8.19399680 0.90000000 -3.22562220 0.65882353 0.84313725 0.91764706
v 8.19399680 2.10000000 -3.22562220 0.65882353 0.84313725 0.91764706
v 8.21399680 0.90000000 -3.22562220 0.65882353 0.84313725 0.91764706
v 8.21399680 2.10000000 -3.22562220 0.65882353 0.84313725 0.91764706
f 902 904 901
f 905 902 901
f 901 904 903
f 903 905 901
f 902 908 904
f 906 902 905
f 906 908 902
f 904 908 903
f 907 905 903
f 903 908 907
f 907 906 905
f 908 906 907

o geometry_6
v 8.20399680 0.00000000 -3.15062220 0.84705882 0.84705882 0.84705882
v 8.20399680 2.80000000 -3.15062220 0.84705882 0.84705882 0.84705882
v 8.20399680 0.00000000 -3.30062220 0.84705882 0.84705882 0.84705882
v 8.20399680 2.80000000 -3.30062220 0.84705882 0.84705882 0.84705882
v 9.01433300 0.00000000 -3.15062220 0.84705882 0.84705882 0.84705882
v 9.01433300 2.80000000 -3.15062220 0.84705882 0.84705882 0.84705882
v 9.01433300 0.00000000 -3.30062220 0.84705882 0.84705882 0.84705882
v 9.01433300 2.80000000 -3.30062220 0.84705882 0.84705882 0.84705882
f 910 912 909
f 913 910 909
f 909 912 911
f 911 913 909
f 910 916 912
f 914 910 913
f 914 916 910
f 912 916 911
f 915 913 911
f 911 916 915
f 915 914 913
f 916 914 915

o geometry_7
v 8.95017826 0.00000000 -4.36495840 0.84705882 0.84705882 0.84705882
v 8.95017826 2.80000000 -4.36495840 0.84705882 0.84705882 0.84705882
v 8.95016694 0.00000000 -4.21495840 0.84705882 0.84705882 0.84705882
v 8.95016694 2.80000000 -4.21495840 0.84705882 0.84705882 0.84705882
v 7.60400366 0.00000000 -4.36506000 0.84705882 0.84705882 0.84705882
v 7.60400366 2.80000000 -4.36506000 0.84705882 0.84705882 0.84705882
v 7.60399234 0.00000000 -4.21506000 0.84705882 0.84705882 0.84705882
v 7.60399234 2.80000000 -4.21506000 0.84705882 0.84705882 0.84705882
f 918 920 917
f 921 918 917
f 917 920 919
f 919 921 917
f 918 924 920
f 922 918 921
f 922 924 918
f 920 924 919
f 923 921 919
f 919 924 923
f 923 922 921
f 924 922 923

o geometry_8
v 8.95019800 0.00000000 -5.52757960 0.84705882 0.84705882 0.84705882
v 8.95019800 2.80000000 -5.52757960 0.84705882 0.84705882 0.84705882
v 8.95019800 0.00000000 -5.67757960 0.84705882 0.84705882 0.84705882
v 8.95019800 2.80000000 -5.67757960 0.84705882 0.84705882 0.84705882
v 8.97846820 0.00000000 -5.52757960 0.84705882 0.84705882 0.84705882
v 8.97846820 2.80000000 -5.52757960 0.84705882 0.84705882 0.84705882
v 8.97846820 0.00000000 -5.67757960 0.84705882 0.84705882 0.84705882
v 8.97846820 2.80000000 -5.67757960 0.84705882 0.84705882 0.84705882
f 926 928 925
f 929 926 925
f 925 928 927
f 927 929 925
f 926 932 928
f 930 926 929
f 930 932 926
f 928 932 927
f 931 929 927
f 927 932 931
f 931 930 929
f 932 930 931

o geometry_9
v 8.97846820 0.00000000 -5.52757960 0.84705882 0.84705882 0.84705882
v 8.97846820 2.80000000 -5.52757960 0.84705882 0.84705882 0.84705882
v 8.97846820 0.00000000 -5.67757960 0.84705882 0.84705882 0.84705882
v 8.97846820 2.80000000 -5.67757960 0.84705882 0.84705882 0.84705882
v 9.05019780 0.00000000 -5.52757960 0.84705882 0.84705882 0.84705882
v 9.05019780 2.80000000 -5.52757960 0.84705882 0.84705882 0.84705882
v 9.05019780 0.00000000 -5.67757960 0.84705882 0.84705882 0.84705882
v 9.05019780 2.80000000 -5.67757960 0.84705882 0.84705882 0.84705882
f 934 936 933
f 937 934 933
f 933 936 935
f 935 937 933
f 934 940 936
f 938 934 937
f 938 940 934
f 936 940 935
f 939 937 935
f 935 940 939
f 939 938 937
f 940 938 939

o geometry_10
v 8.97519780 0.00000000 -5.60257960 0.84705882 0.84705882 0.84705882
v 8.97519780 2.80000000 -5.60257960 0.84705882 0.84705882 0.84705882
v 9.12519780 0.00000000 -5.60257960 0.84705882 0.84705882 0.84705882
v 9.12519780 2.80000000 -5.60257960 0.84705882 0.84705882 0.84705882
v 8.97519780 0.00000000 -5.58573940 0.84705882 0.84705882 0.84705882
v 8.97519780 2.80000000 -5.58573940 0.84705882 0.84705882 0.84705882
v 9.12519780 0.00000000 -5.58573940 0.84705882 0.84705882 0.84705882
v 9.12519780 2.80000000 -5.58573940 0.84705882 0.84705882 0.84705882
f 942 944 941
f 945 942 941
f 941 944 943
f 943 945 941
f 942 948 944
f 946 942 945
f 946 948 942
f 944 948 943
f 947 945 943
f 943 948 947
f 947 946 945
f 948 946 947

o geometry_11
v 9.05019780 0.00000000 -5.66073940 0.84705882 0.84705882 0.84705882
v 9.05019780 2.80000000 -5.66073940 0.84705882 0.84705882 0.84705882
v 9.05019780 0.00000000 -5.51073940 0.84705882 0.84705882 0.84705882
v 9.05019780 2.80000000 -5.51073940 0.84705882 0.84705882 0.84705882
v 8.97846820 0.00000000 -5.66073940 0.84705882 0.84705882 0.84705882
v 8.97846820 2.80000000 -5.66073940 0.84705882 0.84705882 0.84705882
v 8.97846820 0.00000000 -5.51073940 0.84705882 0.84705882 0.84705882
v 8.97846820 2.80000000 -5.51073940 0.84705882 0.84705882 0.84705882
f 950 952 949
f 953 950 949
f 949 952 951
f 951 953 949
f 950 956 952
f 954 950 953
f 954 956 950
f 952 956 951
f 955 953 951
f 951 956 955
f 955 954 953
f 956 954 955

o geometry_12
v 9.05346820 0.00000000 -5.58573940 0.84705882 0.84705882 0.84705882
v 9.05346820 2.80000000 -5.58573940 0.84705882 0.84705882 0.84705882
v 8.90346820 0.00000000 -5.58573940 0.84705882 0.84705882 0.84705882
v 8.90346820 2.80000000 -5.58573940 0.84705882 0.84705882 0.84705882
v 9.05346820 0.00000000 -5.60257960 0.84705882 0.84705882 0.84705882
v 9.05346820 2.80000000 -5.60257960 0.84705882 0.84705882 0.84705882
v 8.90346820 0.00000000 -5.60257960 0.84705882 0.84705882 0.84705882
v 8.90346820 2.80000000 -5.60257960 0.84705882 0.84705882 0.84705882
f 958 960 957
f 961 958 957
f 957 960 959
f 959 961 957
f 958 964 960
f 962 958 961
f 962 964 958
f 960 964 959
f 963 961 959
f 959 964 963
f 963 962 961
f 964 962 963

o geometry_13
v 3.38679789 0.00000000 -2.38380920 0.84705882 0.84705882 0.84705882
v 3.38679789 2.80000000 -2.38380920 0.84705882 0.84705882 0.84705882
v 3.38682331 0.00000000 -2.23380920 0.84705882 0.84705882 0.84705882
v 3.38682331 2.80000000 -2.23380920 0.84705882 0.84705882 0.84705882
v 3.23686169 0.00000000 -2.38378380 0.84705882 0.84705882 0.84705882
v 3.23686169 2.80000000 -2.38378380 0.84705882 0.84705882 0.84705882
v 3.23688711 0.00000000 -2.23378380 0.84705882 0.84705882 0.84705882
v 3.23688711 2.80000000 -2.23378380 0.84705882 0.84705882 0.84705882
f 966 968 965
f 969 966 965
f 965 968 967
f 967 969 965
f 966 972 968
f 970 966 969
f 970 972 966
f 968 972 967
f 971 969 967
f 967 972 971
f 971 970 969
f 972 970 971

o geometry_14
v 3.23686503 0.00000000 -2.38378380 0.84705882 0.84705882 0.84705882
v 3.23686503 2.80000000 -2.38378380 0.84705882 0.84705882 0.84705882
v 3.23688377 0.00000000 -2.23378380 0.84705882 0.84705882 0.84705882
v 3.23688377 2.80000000 -2.23378380 0.84705882 0.84705882 0.84705882
v 2.01761423 0.00000000 -2.38363140 0.84705882 0.84705882 0.84705882
v 2.01761423 2.80000000 -2.38363140 0.84705882 0.84705882 0.84705882
v 2.01763297 0.00000000 -2.23363140 0.84705882 0.84705882 0.84705882
v 2.01763297 2.80000000 -2.23363140 0.84705882 0.84705882 0.84705882
f 974 976 973
f 977 974 973
f 973 976 975
f 975 977 973
f 974 980 976
f 978 974 977
f 978 980 974
f 976 980 975
f 979 977 975
f 975 980 979
f 979 978 977
f 980 978 979

o geometry_15
v 5.13582920 0.00000000 -6.45521300 0.84705882 0.84705882 0.84705882
v 5.13582920 2.80000000 -6.45521300 0.84705882 0.84705882 0.84705882
v 5.13582920 0.00000000 -6.60521300 0.84705882 0.84705882 0.84705882
v 5.13582920 2.80000000 -6.60521300 0.84705882 0.84705882 0.84705882
v 5.71052960 0.00000000 -6.45521300 0.84705882 0.84705882 0.84705882
v 5.71052960 2.80000000 -6.45521300 0.84705882 0.84705882 0.84705882
v 5.71052960 0.00000000 -6.60521300 0.84705882 0.84705882 0.84705882
v 5.71052960 2.80000000 -6.60521300 0.84705882 0.84705882 0.84705882
f 982 984 981
f 985 982 981
f 981 984 983
f 983 985 981
f 982 988 984
f 986 982 985
f 986 988 982
f 984 988 983
f 987 985 983
f 983 988 987
f 987 986 985
f 988 986 987

o geometry_16
v 5.68632960 0.00000000 -6.60257760 0.84705882 0.84705882 0.84705882
v 5.68632960 2.80000000 -6.60257760 0.84705882 0.84705882 0.84705882
v 5.83632960 0.00000000 -6.60257760 0.84705882 0.84705882 0.84705882
v 5.83632960 2.80000000 -6.60257760 0.84705882 0.84705882 0.84705882
v 5.68632960 0.00000000 -6.58101300 0.84705882 0.84705882 0.84705882
v 5.68632960 2.80000000 -6.58101300 0.84705882 0.84705882 0.84705882
v 5.83632960 0.00000000 -6.58101300 0.84705882 0.84705882 0.84705882
v 5.83632960 2.80000000 -6.58101300 0.84705882 0.84705882 0.84705882
f 990 992 989
f 993 990 989
f 989 992 991
f 991 993 989
f 990 996 992
f 994 990 993
f 994 996 990
f 992 996 991
f 995 993 991
f 991 996 995
f 995 994 993
f 996 994 995

o geometry_17
v 5.11954780 0.00000000 -6.76289620 0.84705882 0.84705882 0.84705882
v 5.11954780 2.80000000 -6.76289620 0.84705882 0.84705882 0.84705882
v 5.11954780 0.00000000 -6.61289620 0.84705882 0.84705882 0.84705882
v 5.11954780 2.80000000 -6.61289620 0.84705882 0.84705882 0.84705882
v 5.06826520 0.00000000 -6.76289620 0.84705882 0.84705882 0.84705882
v 5.06826520 2.80000000 -6.76289620 0.84705882 0.84705882 0.84705882
v 5.06826520 0.00000000 -6.61289620 0.84705882 0.84705882 0.84705882
v 5.06826520 2.80000000 -6.61289620 0.84705882 0.84705882 0.84705882
f 998 1000 997
f 1001 998 997
f 997 1000 999
f 999 1001 997
f 998 1004 1000
f 1002 998 1001
f 1002 1004 998
f 1000 1004 999
f 1003 1001 999
f 999 1004 1003
f 1003 1002 1001
f 1004 1002 1003

o geometry_18
v 5.14326520 0.00000000 -6.68789620 0.84705882 0.84705882 0.84705882
v 5.14326520 2.80000000 -6.68789620 0.84705882 0.84705882 0.84705882
v 4.99326520 0.00000000 -6.68789620 0.84705882 0.84705882 0.84705882
v 4.99326520 2.80000000 -6.68789620 0.84705882 0.84705882 0.84705882
v 5.14326520 0.00000000 -7.99307520 0.84705882 0.84705882 0.84705882
v 5.14326520 2.80000000 -7.99307520 0.84705882 0.84705882 0.84705882
v 4.99326520 0.00000000 -7.99307520 0.84705882 0.84705882 0.84705882
v 4.99326520 2.80000000 -7.99307520 0.84705882 0.84705882 0.84705882
f 1006 1008 1005
f 1009 1006 1005
f 1005 1008 1007
f 1007 1009 1005
f 1006 1012 1008
f 1010 1006 1009
f 1010 1012 1006
f 1008 1012 1007
f 1011 1009 1007
f 1007 1012 1011
f 1011 1010 1009
f 1012 1010 1011

o geometry_19
v 5.06826520 0.00000000 -7.91807520 0.84705882 0.84705882 0.84705882
v 5.06826520 2.80000000 -7.91807520 0.84705882 0.84705882 0.84705882
v 5.06826520 0.00000000 -8.06807520 0.84705882 0.84705882 0.84705882
v 5.06826520 2.80000000 -8.06807520 0.84705882 0.84705882 0.84705882
v 5.11954780 0.00000000 -7.91807520 0.84705882 0.84705882 0.84705882
v 5.11954780 2.80000000 -7.91807520 0.84705882 0.84705882 0.84705882
v 5.11954780 0.00000000 -8.06807520 0.84705882 0.84705882 0.84705882
v 5.11954780 2.80000000 -8.06807520 0.84705882 0.84705882 0.84705882
f 1014 1016 1013
f 1017 1014 1013
f 1013 1016 1015
f 1015 1017 1013
f 1014 1020 1016
f 1018 1014 1017
f 1018 1020 1014
f 1016 1020 1015
f 1019 1017 1015
f 1015 1020 1019
f 1019 1018 1017
f 1020 1018 1019

o geometry_20
v 5.04454780 0.00000000 -7.99307520 0.84705882 0.84705882 0.84705882
v 5.04454780 2.80000000 -7.99307520 0.84705882 0.84705882 0.84705882
v 5.19454780 0.00000000 -7.99307520 0.84705882 0.84705882 0.84705882
v 5.19454780 2.80000000 -7.99307520 0.84705882 0.84705882 0.84705882
v 5.04454780 0.00000000 -6.93661300 0.84705882 0.84705882 0.84705882
v 5.04454780 2.80000000 -6.93661300 0.84705882 0.84705882 0.84705882
v 5.19454780 0.00000000 -6.93661300 0.84705882 0.84705882 0.84705882
v 5.19454780 2.80000000 -6.93661300 0.84705882 0.84705882 0.84705882
f 1022 1024 1021
f 1025 1022 1021
f 1021 1024 1023
f 1023 1025 1021
f 1022 1028 1024
f 1026 1022 1025
f 1026 1028 1022
f 1024 1028 1023
f 1027 1025 1023
f 1023 1028 1027
f 1027 1026 1025
f 1028 1026 1027

o geometry_21
v 5.04454780 2.10000000 -6.93661300 0.84705882 0.84705882 0.84705882
v 5.04454780 2.80000000 -6.93661300 0.84705882 0.84705882 0.84705882
v 5.19454780 2.10000000 -6.93661300 0.84705882 0.84705882 0.84705882
v 5.19454780 2.80000000 -6.93661300 0.84705882 0.84705882 0.84705882
v 5.04454780 2.10000000 -6.68789620 0.84705882 0.84705882 0.84705882
v 5.04454780 2.80000000 -6.68789620 0.84705882 0.84705882 0.84705882
v 5.19454780 2.10000000 -6.68789620 0.84705882 0.84705882 0.84705882
v 5.19454780 2.80000000 -6.68789620 0.84705882 0.84705882 0.84705882
f 1030 1032 1029
f 1033 1030 1029
f 1029 1032 1031
f 1031 1033 1029
f 1030 1036 1032
f 1034 1030 1033
f 1034 1036 1030
f 1032 1036 1031
f 1035 1033 1031
f 1031 1036 1035
f 1035 1034 1033
f 1036 1034 1035

o geometry_22
v 5.10316476 0.00000000 -6.92514147 0.54117647 0.35294118 0.16862745
v 5.10316476 2.10000000 -6.92514147 0.54117647 0.35294118 0.16862745
v 5.13593084 0.00000000 -6.94808453 0.54117647 0.35294118 0.16862745
v 5.13593084 2.10000000 -6.94808453 0.54117647 0.35294118 0.16862745
v 5.24582285 0.00000000 -6.72140460 0.54117647 0.35294118 0.16862745
v 5.24582285 2.10000000 -6.72140460 0.54117647 0.35294118 0.16862745
v 5.27858894 0.00000000 -6.74434765 0.54117647 0.35294118 0.16862745
v 5.27858894 2.10000000 -6.74434765 0.54117647 0.35294118 0.16862745
f 1038 1040 1037
f 1041 1038 1037
f 1037 1040 1039
f 1039 1041 1037
f 1038 1044 1040
f 1042 1038 1041
f 1042 1044 1038
f 1040 1044 1039
f 1043 1041 1039
f 1039 1044 1043
f 1043 1042 1041
f 1044 1042 1043

o geometry_23
v 4.99335249 0.00000000 -7.86263575 0.84705882 0.84705882 0.84705882
v 4.99335249 2.80000000 -7.86263575 0.84705882 0.84705882 0.84705882
v 5.13052871 0.00000000 -7.80195065 0.84705882 0.84705882 0.84705882
v 5.13052871 2.80000000 -7.80195065 0.84705882 0.84705882 0.84705882
v 4.86404109 0.00000000 -7.57033255 0.84705882 0.84705882 0.84705882
v 4.86404109 2.80000000 -7.57033255 0.84705882 0.84705882 0.84705882
v 5.00121731 0.00000000 -7.50964745 0.84705882 0.84705882 0.84705882
v 5.00121731 2.80000000 -7.50964745 0.84705882 0.84705882 0.84705882
f 1046 1048 1045
f 1049 1046 1045
f 1045 1048 1047
f 1047 1049 1045
f 1046 1052 1048
f 1050 1046 1049
f 1050 1052 1046
f 1048 1052 1047
f 1051 1049 1047
f 1047 1052 1051
f 1051 1050 1049
f 1052 1050 1051

o geometry_24
v 4.86404054 0.00000000 -7.57033131 0.84705882 0.84705882 0.84705882
v 4.86404054 2.80000000 -7.57033131 0.84705882 0.84705882 0.84705882
v 5.00121786 0.00000000 -7.50964869 0.84705882 0.84705882 0.84705882
v 5.00121786 2.80000000 -7.50964869 0.84705882 0.84705882 0.84705882
v 4.64656574 0.00000000 -7.07871431 0.84705882 0.84705882 0.84705882
v 4.64656574 2.80000000 -7.07871431 0.84705882 0.84705882 0.84705882
v 4.78374306 0.00000000 -7.01803169 0.84705882 0.84705882 0.84705882
v 4.78374306 2.80000000 -7.01803169 0.84705882 0.84705882 0.84705882
f 1054 1056 1053
f 1057 1054 1053
f 1053 1056 1055
f 1055 1057 1053
f 1054 1060 1056
f 1058 1054 1057
f 1058 1060 1054
f 1056 1060 1055
f 1059 1057 1055
f 1055 1060 1059
f 1059 1058 1057
f 1060 1058 1059

o geometry_25
v 5.47081060 0.00000000 -5.30329140 0.84705882 0.84705882 0.84705882
v 5.47081060 2.80000000 -5.30329140 0.84705882 0.84705882 0.84705882
v 5.62081060 0.00000000 -5.30329140 0.84705882 0.84705882 0.84705882
v 5.62081060 2.80000000 -5.30329140 0.84705882 0.84705882 0.84705882
v 5.47081060 0.00000000 -3.82094740 0.84705882 0.84705882 0.84705882
v 5.47081060 2.80000000 -3.82094740 0.84705882 0.84705882 0.84705882
v 5.62081060 0.00000000 -3.82094740 0.84705882 0.84705882 0.84705882
v 5.62081060 2.80000000 -3.82094740 0.84705882 0.84705882 0.84705882
f 1062 1064 1061
f 1065 1062 1061
f 1061 1064 1063
f 1063 1065 1061
f 1062 1068 1064
f 1066 1062 1065
f 1066 1068 1062
f 1064 1068 1063
f 1067 1065 1063
f 1063 1068 1067
f 1067 1066 1065
f 1068 1066 1067

o geometry_26
v 5.56016160 0.00000000 -5.39198200 0.84705882 0.84705882 0.84705882
v 5.56016160 2.80000000 -5.39198200 0.84705882 0.84705882 0.84705882
v 5.56016160 0.00000000 -5.24198200 0.84705882 0.84705882 0.84705882
v 5.56016160 2.80000000 -5.24198200 0.84705882 0.84705882 0.84705882
v 5.52815760 0.00000000 -5.39198200 0.84705882 0.84705882 0.84705882
v 5.52815760 2.80000000 -5.39198200 0.84705882 0.84705882 0.84705882
v 5.52815760 0.00000000 -5.24198200 0.84705882 0.84705882 0.84705882
v 5.52815760 2.80000000 -5.24198200 0.84705882 0.84705882 0.84705882
f 1070 1072 1069
f 1073 1070 1069
f 1069 1072 1071
f 1071 1073 1069
f 1070 1076 1072
f 1074 1070 1073
f 1074 1076 1070
f 1072 1076 1071
f 1075 1073 1071
f 1071 1076 1075
f 1075 1074 1073
f 1076 1074 1075

o geometry_27
v 5.45315760 0.00000000 -5.31698200 0.84705882 0.84705882 0.84705882
v 5.45315760 2.80000000 -5.31698200 0.84705882 0.84705882 0.84705882
v 5.60315760 0.00000000 -5.31698200 0.84705882 0.84705882 0.84705882
v 5.60315760 2.80000000 -5.31698200 0.84705882 0.84705882 0.84705882
v 5.45315760 0.00000000 -5.30329140 0.84705882 0.84705882 0.84705882
v 5.45315760 2.80000000 -5.30329140 0.84705882 0.84705882 0.84705882
v 5.60315760 0.00000000 -5.30329140 0.84705882 0.84705882 0.84705882
v 5.60315760 2.80000000 -5.30329140 0.84705882 0.84705882 0.84705882
f 1078 1080 1077
f 1081 1078 1077
f 1077 1080 1079
f 1079 1081 1077
f 1078 1084 1080
f 1082 1078 1081
f 1082 1084 1078
f 1080 1084 1079
f 1083 1081 1079
f 1079 1084 1083
f 1083 1082 1081
f 1084 1082 1083

o geometry_28
v 5.52815760 0.00000000 -5.22829140 0.84705882 0.84705882 0.84705882
v 5.52815760 2.80000000 -5.22829140 0.84705882 0.84705882 0.84705882
v 5.52815760 0.00000000 -5.37829140 0.84705882 0.84705882 0.84705882
v 5.52815760 2.80000000 -5.37829140 0.84705882 0.84705882 0.84705882
v 5.54581060 0.00000000 -5.22829140 0.84705882 0.84705882 0.84705882
v 5.54581060 2.80000000 -5.22829140 0.84705882 0.84705882 0.84705882
v 5.54581060 0.00000000 -5.37829140 0.84705882 0.84705882 0.84705882
v 5.54581060 2.80000000 -5.37829140 0.84705882 0.84705882 0.84705882
f 1086 1088 1085
f 1089 1086 1085
f 1085 1088 1087
f 1087 1089 1085
f 1086 1092 1088
f 1090 1086 1089
f 1090 1092 1086
f 1088 1092 1087
f 1091 1089 1087
f 1087 1092 1091
f 1091 1090 1089
f 1092 1090 1091

o geometry_29
v 5.54581060 0.00000000 -5.22829140 0.84705882 0.84705882 0.84705882
v 5.54581060 2.80000000 -5.22829140 0.84705882 0.84705882 0.84705882
v 5.54581060 0.00000000 -5.37829140 0.84705882 0.84705882 0.84705882
v 5.54581060 2.80000000 -5.37829140 0.84705882 0.84705882 0.84705882
v 5.56016160 0.00000000 -5.22829140 0.84705882 0.84705882 0.84705882
v 5.56016160 2.80000000 -5.22829140 0.84705882 0.84705882 0.84705882
v 5.56016160 0.00000000 -5.37829140 0.84705882 0.84705882 0.84705882
v 5.56016160 2.80000000 -5.37829140 0.84705882 0.84705882 0.84705882
f 1094 1096 1093
f 1097 1094 1093
f 1093 1096 1095
f 1095 1097 1093
f 1094 1100 1096
f 1098 1094 1097
f 1098 1100 1094
f 1096 1100 1095
f 1099 1097 1095
f 1095 1100 1099
f 1099 1098 1097
f 1100 1098 1099

o geometry_30
v 5.63516160 0.00000000 -5.30329140 0.84705882 0.84705882 0.84705882
v 5.63516160 2.80000000 -5.30329140 0.84705882 0.84705882 0.84705882
v 5.48516160 0.00000000 -5.30329140 0.84705882 0.84705882 0.84705882
v 5.48516160 2.80000000 -5.30329140 0.84705882 0.84705882 0.84705882
v 5.63516160 0.00000000 -5.31698200 0.84705882 0.84705882 0.84705882
v 5.63516160 2.80000000 -5.31698200 0.84705882 0.84705882 0.84705882
v 5.48516160 0.00000000 -5.31698200 0.84705882 0.84705882 0.84705882
v 5.48516160 2.80000000 -5.31698200 0.84705882 0.84705882 0.84705882
f 1102 1104 1101
f 1105 1102 1101
f 1101 1104 1103
f 1103 1105 1101
f 1102 1108 1104
f 1106 1102 1105
f 1106 1108 1102
f 1104 1108 1103
f 1107 1105 1103
f 1103 1108 1107
f 1107 1106 1105
f 1108 1106 1107

o geometry_31
v 5.56016160 0.00000000 -5.48088200 0.84705882 0.84705882 0.84705882
v 5.56016160 2.80000000 -5.48088200 0.84705882 0.84705882 0.84705882
v 5.56016160 0.00000000 -5.33088200 0.84705882 0.84705882 0.84705882
v 5.56016160 2.80000000 -5.33088200 0.84705882 0.84705882 0.84705882
v 5.52815760 0.00000000 -5.48088200 0.84705882 0.84705882 0.84705882
v 5.52815760 2.80000000 -5.48088200 0.84705882 0.84705882 0.84705882
v 5.52815760 0.00000000 -5.33088200 0.84705882 0.84705882 0.84705882
v 5.52815760 2.80000000 -5.33088200 0.84705882 0.84705882 0.84705882
f 1110 1112 1109
f 1113 1110 1109
f 1109 1112 1111
f 1111 1113 1109
f 1110 1116 1112
f 1114 1110 1113
f 1114 1116 1110
f 1112 1116 1111
f 1115 1113 1111
f 1111 1116 1115
f 1115 1114 1113
f 1116 1114 1115

o geometry_32
v 5.45315760 0.00000000 -5.40588200 0.84705882 0.84705882 0.84705882
v 5.45315760 2.80000000 -5.40588200 0.84705882 0.84705882 0.84705882
v 5.60315760 0.00000000 -5.40588200 0.84705882 0.84705882 0.84705882
v 5.60315760 2.80000000 -5.40588200 0.84705882 0.84705882 0.84705882
v 5.45315760 0.00000000 -5.39216600 0.84705882 0.84705882 0.84705882
v 5.45315760 2.80000000 -5.39216600 0.84705882 0.84705882 0.84705882
v 5.60315760 0.00000000 -5.39216600 0.84705882 0.84705882 0.84705882
v 5.60315760 2.80000000 -5.39216600 0.84705882 0.84705882 0.84705882
f 1118 1120 1117
f 1121 1118 1117
f 1117 1120 1119
f 1119 1121 1117
f 1118 1124 1120
f 1122 1118 1121
f 1122 1124 1118
f 1120 1124 1119
f 1123 1121 1119
f 1119 1124 1123
f 1123 1122 1121
f 1124 1122 1123

o geometry_33
v 5.52815760 0.00000000 -5.31716600 0.84705882 0.84705882 0.84705882
v 5.52815760 2.80000000 -5.31716600 0.84705882 0.84705882 0.84705882
v 5.52815760 0.00000000 -5.46716600 0.84705882 0.84705882 0.84705882
v 5.52815760 2.80000000 -5.46716600 0.84705882 0.84705882 0.84705882
v 5.56016160 0.00000000 -5.31716600 0.84705882 0.84705882 0.84705882
v 5.56016160 2.80000000 -5.31716600 0.84705882 0.84705882 0.84705882
v 5.56016160 0.00000000 -5.46716600 0.84705882 0.84705882 0.84705882
v 5.56016160 2.80000000 -5.46716600 0.84705882 0.84705882 0.84705882
f 1126 1128 1125
f 1129 1126 1125
f 1125 1128 1127
f 1127 1129 1125
f 1126 1132 1128
f 1130 1126 1129
f 1130 1132 1126
f 1128 1132 1127
f 1131 1129 1127
f 1127 1132 1131
f 1131 1130 1129
f 1132 1130 1131

o geometry_34
v 5.63516160 0.00000000 -5.39216600 0.84705882 0.84705882 0.84705882
v 5.63516160 2.80000000 -5.39216600 0.84705882 0.84705882 0.84705882
v 5.48516160 0.00000000 -5.39216600 0.84705882 0.84705882 0.84705882
v 5.48516160 2.80000000 -5.39216600 0.84705882 0.84705882 0.84705882
v 5.63516160 0.00000000 -5.40588200 0.84705882 0.84705882 0.84705882
v 5.63516160 2.80000000 -5.40588200 0.84705882 0.84705882 0.84705882
v 5.48516160 0.00000000 -5.40588200 0.84705882 0.84705882 0.84705882
v 5.48516160 2.80000000 -5.40588200 0.84705882 0.84705882 0.84705882
f 1134 1136 1133
f 1137 1134 1133
f 1133 1136 1135
f 1135 1137 1133
f 1134 1140 1136
f 1138 1134 1137
f 1138 1140 1134
f 1136 1140 1135
f 1139 1137 1135
f 1135 1140 1139
f 1139 1138 1137
f 1140 1138 1139

o geometry_35
v 6.05979880 0.00000000 -8.55251020 0.84705882 0.84705882 0.84705882
v 6.05979880 0.90000000 -8.55251020 0.84705882 0.84705882 0.84705882
v 5.90979880 0.00000000 -8.55251020 0.84705882 0.84705882 0.84705882
v 5.90979880 0.90000000 -8.55251020 0.84705882 0.84705882 0.84705882
v 6.05979880 0.00000000 -9.05916400 0.84705882 0.84705882 0.84705882
v 6.05979880 0.90000000 -9.05916400 0.84705882 0.84705882 0.84705882
v 5.90979880 0.00000000 -9.05916400 0.84705882 0.84705882 0.84705882
v 5.90979880 0.90000000 -9.05916400 0.84705882 0.84705882 0.84705882
f 1142 1144 1141
f 1145 1142 1141
f 1141 1144 1143
f 1143 1145 1141
f 1142 1148 1144
f 1146 1142 1145
f 1146 1148 1142
f 1144 1148 1143
f 1147 1145 1143
f 1143 1148 1147
f 1147 1146 1145
f 1148 1146 1147

o geometry_36
v 6.05979880 2.10000000 -8.55251020 0.84705882 0.84705882 0.84705882
v 6.05979880 2.80000000 -8.55251020 0.84705882 0.84705882 0.84705882
v 5.90979880 2.10000000 -8.55251020 0.84705882 0.84705882 0.84705882
v 5.90979880 2.80000000 -8.55251020 0.84705882 0.84705882 0.84705882
v 6.05979880 2.10000000 -9.05916400 0.84705882 0.84705882 0.84705882
v 6.05979880 2.80000000 -9.05916400 0.84705882 0.84705882 0.84705882
v 5.90979880 2.10000000 -9.05916400 0.84705882 0.84705882 0.84705882
v 5.90979880 2.80000000 -9.05916400 0.84705882 0.84705882 0.84705882
f 1150 1152 1149
f 1153 1150 1149
f 1149 1152 1151
f 1151 1153 1149
f 1150 1156 1152
f 1154 1150 1153
f 1154 1156 1150
f 1152 1156 1151
f 1155 1153 1151
f 1151 1156 1155
f 1155 1154 1153
f 1156 1154 1155

o geometry_37
v 5.99479880 0.90000000 -8.55251020 0.65882353 0.84313725 0.91764706
v 5.99479880 2.10000000 -8.55251020 0.65882353 0.84313725 0.91764706
v 5.97479880 0.90000000 -8.55251020 0.65882353 0.84313725 0.91764706
v 5.97479880 2.10000000 -8.55251020 0.65882353 0.84313725 0.91764706
v 5.99479880 0.90000000 -9.05916400 0.65882353 0.84313725 0.91764706
v 5.99479880 2.10000000 -9.05916400 0.65882353 0.84313725 0.91764706
v 5.97479880 0.90000000 -9.05916400 0.65882353 0.84313725 0.91764706
v 5.97479880 2.10000000 -9.05916400 0.65882353 0.84313725 0.91764706
f 1158 1160 1157
f 1161 1158 1157
f 1157 1160 1159
f 1159 1161 1157
f 1158 1164 1160
f 1162 1158 1161
f 1162 1164 1158
f 1160 1164 1159
f 1163 1161 1159
f 1159 1164 1163
f 1163 1162 1161
f 1164 1162 1163

o geometry_38
v 6.03783181 0.00000000 -9.11219701 0.84705882 0.84705882 0.84705882
v 6.03783181 2.80000000 -9.11219701 0.84705882 0.84705882 0.84705882
v 5.93176579 0.00000000 -9.00613099 0.84705882 0.84705882 0.84705882
v 5.93176579 2.80000000 -9.00613099 0.84705882 0.84705882 0.84705882
v 6.01878181 0.00000000 -9.13124701 0.84705882 0.84705882 0.84705882
v 6.01878181 2.80000000 -9.13124701 0.84705882 0.84705882 0.84705882
v 5.91271579 0.00000000 -9.02518099 0.84705882 0.84705882 0.84705882
v 5.91271579 2.80000000 -9.02518099 0.84705882 0.84705882 0.84705882
f 1166 1168 1165
f 1169 1166 1165
f 1165 1168 1167
f 1167 1169 1165
f 1166 1172 1168
f 1170 1166 1169
f 1170 1172 1166
f 1168 1172 1167
f 1171 1169 1167
f 1167 1172 1171
f 1171 1170 1169
f 1172 1170 1171

o geometry_39
v 5.96574880 0.00000000 -9.15321400 0.84705882 0.84705882 0.84705882
v 5.96574880 2.80000000 -9.15321400 0.84705882 0.84705882 0.84705882
v 5.96574880 0.00000000 -9.00321400 0.84705882 0.84705882 0.84705882
v 5.96574880 2.80000000 -9.00321400 0.84705882 0.84705882 0.84705882
v 5.89541620 0.00000000 -9.15321400 0.84705882 0.84705882 0.84705882
v 5.89541620 2.80000000 -9.15321400 0.84705882 0.84705882 0.84705882
v 5.89541620 0.00000000 -9.00321400 0.84705882 0.84705882 0.84705882
v 5.89541620 2.80000000 -9.00321400 0.84705882 0.84705882 0.84705882
f 1174 1176 1173
f 1177 1174 1173
f 1173 1176 1175
f 1175 1177 1173
f 1174 1180 1176
f 1178 1174 1177
f 1178 1180 1174
f 1176 1180 1175
f 1179 1177 1175
f 1175 1180 1179
f 1179 1178 1177
f 1180 1178 1179

o geometry_40
v 5.89541620 0.00000000 -9.15321400 0.84705882 0.84705882 0.84705882
v 5.89541620 2.80000000 -9.15321400 0.84705882 0.84705882 0.84705882
v 5.89541620 0.00000000 -9.00321400 0.84705882 0.84705882 0.84705882
v 5.89541620 2.80000000 -9.00321400 0.84705882 0.84705882 0.84705882
v 5.42419540 0.00000000 -9.15321400 0.84705882 0.84705882 0.84705882
v 5.42419540 2.80000000 -9.15321400 0.84705882 0.84705882 0.84705882
v 5.42419540 0.00000000 -9.00321400 0.84705882 0.84705882 0.84705882
v 5.42419540 2.80000000 -9.00321400 0.84705882 0.84705882 0.84705882
f 1182 1184 1181
f 1185 1182 1181
f 1181 1184 1183
f 1183 1185 1181
f 1182 1188 1184
f 1186 1182 1185
f 1186 1188 1182
f 1184 1188 1183
f 1187 1185 1183
f 1183 1188 1187
f 1187 1186 1185
f 1188 1186 1187

o geometry_41
v 5.34919540 0.00000000 -9.07821400 0.84705882 0.84705882 0.84705882
v 5.34919540 2.80000000 -9.07821400 0.84705882 0.84705882 0.84705882
v 5.49919540 0.00000000 -9.07821400 0.84705882 0.84705882 0.84705882
v 5.49919540 2.80000000 -9.07821400 0.84705882 0.84705882 0.84705882
v 5.34919540 0.00000000 -8.53346020 0.84705882 0.84705882 0.84705882
v 5.34919540 2.80000000 -8.53346020 0.84705882 0.84705882 0.84705882
v 5.49919540 0.00000000 -8.53346020 0.84705882 0.84705882 0.84705882
v 5.49919540 2.80000000 -8.53346020 0.84705882 0.84705882 0.84705882
f 1190 1192 1189
f 1193 1190 1189
f 1189 1192 1191
f 1191 1193 1189
f 1190 1196 1192
f 1194 1190 1193
f 1194 1196 1190
f 1192 1196 1191
f 1195 1193 1191
f 1191 1196 1195
f 1195 1194 1193
f 1196 1194 1195

o geometry_42
v 5.42419540 0.00000000 -8.45846020 0.84705882 0.84705882 0.84705882
v 5.42419540 2.80000000 -8.45846020 0.84705882 0.84705882 0.84705882
v 5.42419540 0.00000000 -8.60846020 0.84705882 0.84705882 0.84705882
v 5.42419540 2.80000000 -8.60846020 0.84705882 0.84705882 0.84705882
v 5.89541620 0.00000000 -8.45846020 0.84705882 0.84705882 0.84705882
v 5.89541620 2.80000000 -8.45846020 0.84705882 0.84705882 0.84705882
v 5.89541620 0.00000000 -8.60846020 0.84705882 0.84705882 0.84705882
v 5.89541620 2.80000000 -8.60846020 0.84705882 0.84705882 0.84705882
f 1198 1200 1197
f 1201 1198 1197
f 1197 1200 1199
f 1199 1201 1197
f 1198 1204 1200
f 1202 1198 1201
f 1202 1204 1198
f 1200 1204 1199
f 1203 1201 1199
f 1199 1204 1203
f 1203 1202 1201
f 1204 1202 1203

o geometry_43
v 5.89541620 0.00000000 -8.45846020 0.84705882 0.84705882 0.84705882
v 5.89541620 2.80000000 -8.45846020 0.84705882 0.84705882 0.84705882
v 5.89541620 0.00000000 -8.60846020 0.84705882 0.84705882 0.84705882
v 5.89541620 2.80000000 -8.60846020 0.84705882 0.84705882 0.84705882
v 5.96574880 0.00000000 -8.45846020 0.84705882 0.84705882 0.84705882
v 5.96574880 2.80000000 -8.45846020 0.84705882 0.84705882 0.84705882
v 5.96574880 0.00000000 -8.60846020 0.84705882 0.84705882 0.84705882
v 5.96574880 2.80000000 -8.60846020 0.84705882 0.84705882 0.84705882
f 1206 1208 1205
f 1209 1206 1205
f 1205 1208 1207
f 1207 1209 1205
f 1206 1212 1208
f 1210 1206 1209
f 1210 1212 1206
f 1208 1212 1207
f 1211 1209 1207
f 1207 1212 1211
f 1211 1210 1209
f 1212 1210 1211

o geometry_44
v 6.01878181 0.00000000 -8.48042719 0.84705882 0.84705882 0.84705882
v 6.01878181 2.80000000 -8.48042719 0.84705882 0.84705882 0.84705882
v 5.91271579 0.00000000 -8.58649321 0.84705882 0.84705882 0.84705882
v 5.91271579 2.80000000 -8.58649321 0.84705882 0.84705882 0.84705882
v 6.03783181 0.00000000 -8.49947719 0.84705882 0.84705882 0.84705882
v 6.03783181 2.80000000 -8.49947719 0.84705882 0.84705882 0.84705882
v 5.93176579 0.00000000 -8.60554321 0.84705882 0.84705882 0.84705882
v 5.93176579 2.80000000 -8.60554321 0.84705882 0.84705882 0.84705882
f 1214 1216 1213
f 1217 1214 1213
f 1213 1216 1215
f 1215 1217 1213
f 1214 1220 1216
f 1218 1214 1217
f 1218 1220 1214
f 1216 1220 1215
f 1219 1217 1215
f 1215 1220 1219
f 1219 1218 1217
f 1220 1218 1219

o geometry_45
v 7.56512980 0.00000000 -8.75149380 0.84705882 0.84705882 0.84705882
v 7.56512980 2.80000000 -8.75149380 0.84705882 0.84705882 0.84705882
v 7.41512980 0.00000000 -8.75149380 0.84705882 0.84705882 0.84705882
v 7.41512980 2.80000000 -8.75149380 0.84705882 0.84705882 0.84705882
v 7.56512980 0.00000000 -8.80229380 0.84705882 0.84705882 0.84705882
v 7.56512980 2.80000000 -8.80229380 0.84705882 0.84705882 0.84705882
v 7.41512980 0.00000000 -8.80229380 0.84705882 0.84705882 0.84705882
v 7.41512980 2.80000000 -8.80229380 0.84705882 0.84705882 0.84705882
f 1222 1224 1221
f 1225 1222 1221
f 1221 1224 1223
f 1223 1225 1221
f 1222 1228 1224
f 1226 1222 1225
f 1226 1228 1222
f 1224 1228 1223
f 1227 1225 1223
f 1223 1228 1227
f 1227 1226 1225
f 1228 1226 1227

o geometry_46
v 7.49012980 0.00000000 -8.87729380 0.84705882 0.84705882 0.84705882
v 7.49012980 2.80000000 -8.87729380 0.84705882 0.84705882 0.84705882
v 7.49012980 0.00000000 -8.72729380 0.84705882 0.84705882 0.84705882
v 7.49012980 2.80000000 -8.72729380 0.84705882 0.84705882 0.84705882
v 7.42662980 0.00000000 -8.87729380 0.84705882 0.84705882 0.84705882
v 7.42662980 2.80000000 -8.87729380 0.84705882 0.84705882 0.84705882
v 7.42662980 0.00000000 -8.72729380 0.84705882 0.84705882 0.84705882
v 7.42662980 2.80000000 -8.72729380 0.84705882 0.84705882 0.84705882
f 1230 1232 1229
f 1233 1230 1229
f 1229 1232 1231
f 1231 1233 1229
f 1230 1236 1232
f 1234 1230 1233
f 1234 1236 1230
f 1232 1236 1231
f 1235 1233 1231
f 1231 1236 1235
f 1235 1234 1233
f 1236 1234 1235

o geometry_47
v 7.42261660 0.00000000 -8.87729380 0.84705882 0.84705882 0.84705882
v 7.42261660 2.80000000 -8.87729380 0.84705882 0.84705882 0.84705882
v 7.42261660 0.00000000 -8.72729380 0.84705882 0.84705882 0.84705882
v 7.42261660 2.80000000 -8.72729380 0.84705882 0.84705882 0.84705882
v 7.35042980 0.00000000 -8.87729380 0.84705882 0.84705882 0.84705882
v 7.35042980 2.80000000 -8.87729380 0.84705882 0.84705882 0.84705882
v 7.35042980 0.00000000 -8.72729380 0.84705882 0.84705882 0.84705882
v 7.35042980 2.80000000 -8.72729380 0.84705882 0.84705882 0.84705882
f 1238 1240 1237
f 1241 1238 1237
f 1237 1240 1239
f 1239 1241 1237
f 1238 1244 1240
f 1242 1238 1241
f 1242 1244 1238
f 1240 1244 1239
f 1243 1241 1239
f 1239 1244 1243
f 1243 1242 1241
f 1244 1242 1243

o geometry_48
v 7.27542980 0.00000000 -8.80229380 0.84705882 0.84705882 0.84705882
v 7.27542980 2.80000000 -8.80229380 0.84705882 0.84705882 0.84705882
v 7.42542980 0.00000000 -8.80229380 0.84705882 0.84705882 0.84705882
v 7.42542980 2.80000000 -8.80229380 0.84705882 0.84705882 0.84705882
v 7.27542980 0.00000000 -8.75149380 0.84705882 0.84705882 0.84705882
v 7.27542980 2.80000000 -8.75149380 0.84705882 0.84705882 0.84705882
v 7.42542980 0.00000000 -8.75149380 0.84705882 0.84705882 0.84705882
v 7.42542980 2.80000000 -8.75149380 0.84705882 0.84705882 0.84705882
f 1246 1248 1245
f 1249 1246 1245
f 1245 1248 1247
f 1247 1249 1245
f 1246 1252 1248
f 1250 1246 1249
f 1250 1252 1246
f 1248 1252 1247
f 1251 1249 1247
f 1247 1252 1251
f 1251 1250 1249
f 1252 1250 1251

o geometry_49
v 7.35042980 0.00000000 -8.67649380 0.84705882 0.84705882 0.84705882
v 7.35042980 2.80000000 -8.67649380 0.84705882 0.84705882 0.84705882
v 7.35042980 0.00000000 -8.82649380 0.84705882 0.84705882 0.84705882
v 7.35042980 2.80000000 -8.82649380 0.84705882 0.84705882 0.84705882
v 7.42261660 0.00000000 -8.67649380 0.84705882 0.84705882 0.84705882
v 7.42261660 2.80000000 -8.67649380 0.84705882 0.84705882 0.84705882
v 7.42261660 0.00000000 -8.82649380 0.84705882 0.84705882 0.84705882
v 7.42261660 2.80000000 -8.82649380 0.84705882 0.84705882 0.84705882
f 1254 1256 1253
f 1257 1254 1253
f 1253 1256 1255
f 1255 1257 1253
f 1254 1260 1256
f 1258 1254 1257
f 1258 1260 1254
f 1256 1260 1255
f 1259 1257 1255
f 1255 1260 1259
f 1259 1258 1257
f 1260 1258 1259

o geometry_50
v 7.42662980 0.00000000 -8.67649380 0.84705882 0.84705882 0.84705882
v 7.42662980 2.80000000 -8.67649380 0.84705882 0.84705882 0.84705882
v 7.42662980 0.00000000 -8.82649380 0.84705882 0.84705882 0.84705882
v 7.42662980 2.80000000 -8.82649380 0.84705882 0.84705882 0.84705882
v 7.49012980 0.00000000 -8.67649380 0.84705882 0.84705882 0.84705882
v 7.49012980 2.80000000 -8.67649380 0.84705882 0.84705882 0.84705882
v 7.49012980 0.00000000 -8.82649380 0.84705882 0.84705882 0.84705882
v 7.49012980 2.80000000 -8.82649380 0.84705882 0.84705882 0.84705882
f 1262 1264 1261
f 1265 1262 1261
f 1261 1264 1263
f 1263 1265 1261
f 1262 1268 1264
f 1266 1262 1265
f 1266 1268 1262
f 1264 1268 1263
f 1267 1265 1263
f 1263 1268 1267
f 1267 1266 1265
f 1268 1266 1267

o geometry_51
v 7.35162980 0.00000000 -8.80229380 0.84705882 0.84705882 0.84705882
v 7.35162980 2.80000000 -8.80229380 0.84705882 0.84705882 0.84705882
v 7.50162980 0.00000000 -8.80229380 0.84705882 0.84705882 0.84705882
v 7.50162980 2.80000000 -8.80229380 0.84705882 0.84705882 0.84705882
v 7.35162980 0.00000000 -8.75149380 0.84705882 0.84705882 0.84705882
v 7.35162980 2.80000000 -8.75149380 0.84705882 0.84705882 0.84705882
v 7.50162980 0.00000000 -8.75149380 0.84705882 0.84705882 0.84705882
v 7.50162980 2.80000000 -8.75149380 0.84705882 0.84705882 0.84705882
f 1270 1272 1269
f 1273 1270 1269
f 1269 1272 1271
f 1271 1273 1269
f 1270 1276 1272
f 1274 1270 1273
f 1274 1276 1270
f 1272 1276 1271
f 1275 1273 1271
f 1271 1276 1275
f 1275 1274 1273
f 1276 1274 1275

o geometry_52
v 7.56512980 0.00000000 -8.82769380 0.84705882 0.84705882 0.84705882
v 7.56512980 2.80000000 -8.82769380 0.84705882 0.84705882 0.84705882
v 7.41512980 0.00000000 -8.82769380 0.84705882 0.84705882 0.84705882
v 7.41512980 2.80000000 -8.82769380 0.84705882 0.84705882 0.84705882
v 7.56512980 0.00000000 -8.87849380 0.84705882 0.84705882 0.84705882
v 7.56512980 2.80000000 -8.87849380 0.84705882 0.84705882 0.84705882
v 7.41512980 0.00000000 -8.87849380 0.84705882 0.84705882 0.84705882
v 7.41512980 2.80000000 -8.87849380 0.84705882 0.84705882 0.84705882
f 1278 1280 1277
f 1281 1278 1277
f 1277 1280 1279
f 1279 1281 1277
f 1278 1284 1280
f 1282 1278 1281
f 1282 1284 1278
f 1280 1284 1279
f 1283 1281 1279
f 1279 1284 1283
f 1283 1282 1281
f 1284 1282 1283

o geometry_53
v 7.49012980 0.00000000 -8.95349380 0.84705882 0.84705882 0.84705882
v 7.49012980 2.80000000 -8.95349380 0.84705882 0.84705882 0.84705882
v 7.49012980 0.00000000 -8.80349380 0.84705882 0.84705882 0.84705882
v 7.49012980 2.80000000 -8.80349380 0.84705882 0.84705882 0.84705882
v 7.42662980 0.00000000 -8.95349380 0.84705882 0.84705882 0.84705882
v 7.42662980 2.80000000 -8.95349380 0.84705882 0.84705882 0.84705882
v 7.42662980 0.00000000 -8.80349380 0.84705882 0.84705882 0.84705882
v 7.42662980 2.80000000 -8.80349380 0.84705882 0.84705882 0.84705882
f 1286 1288 1285
f 1289 1286 1285
f 1285 1288 1287
f 1287 1289 1285
f 1286 1292 1288
f 1290 1286 1289
f 1290 1292 1286
f 1288 1292 1287
f 1291 1289 1287
f 1287 1292 1291
f 1291 1290 1289
f 1292 1290 1291

o geometry_54
v 7.35162980 0.00000000 -8.87849380 0.84705882 0.84705882 0.84705882
v 7.35162980 2.80000000 -8.87849380 0.84705882 0.84705882 0.84705882
v 7.50162980 0.00000000 -8.87849380 0.84705882 0.84705882 0.84705882
v 7.50162980 2.80000000 -8.87849380 0.84705882 0.84705882 0.84705882
v 7.35162980 0.00000000 -8.82769380 0.84705882 0.84705882 0.84705882
v 7.35162980 2.80000000 -8.82769380 0.84705882 0.84705882 0.84705882
v 7.50162980 0.00000000 -8.82769380 0.84705882 0.84705882 0.84705882
v 7.50162980 2.80000000 -8.82769380 0.84705882 0.84705882 0.84705882
f 1294 1296 1293
f 1297 1294 1293
f 1293 1296 1295
f 1295 1297 1293
f 1294 1300 1296
f 1298 1294 1297
f 1298 1300 1294
f 1296 1300 1295
f 1299 1297 1295
f 1295 1300 1299
f 1299 1298 1297
f 1300 1298 1299

o geometry_55
v 7.42662980 0.00000000 -8.75269380 0.84705882 0.84705882 0.84705882
v 7.42662980 2.80000000 -8.75269380 0.84705882 0.84705882 0.84705882
v 7.42662980 0.00000000 -8.90269380 0.84705882 0.84705882 0.84705882
v 7.42662980 2.80000000 -8.90269380 0.84705882 0.84705882 0.84705882
v 7.49012980 0.00000000 -8.75269380 0.84705882 0.84705882 0.84705882
v 7.49012980 2.80000000 -8.75269380 0.84705882 0.84705882 0.84705882
v 7.49012980 0.00000000 -8.90269380 0.84705882 0.84705882 0.84705882
v 7.49012980 2.80000000 -8.90269380 0.84705882 0.84705882 0.84705882
f 1302 1304 1301
f 1305 1302 1301
f 1301 1304 1303
f 1303 1305 1301
f 1302 1308 1304
f 1306 1302 1305
f 1306 1308 1302
f 1304 1308 1303
f 1307 1305 1303
f 1303 1308 1307
f 1307 1306 1305
f 1308 1306 1307

o geometry_56
v 7.56512980 0.00000000 -8.67529380 0.84705882 0.84705882 0.84705882
v 7.56512980 2.80000000 -8.67529380 0.84705882 0.84705882 0.84705882
v 7.41512980 0.00000000 -8.67529380 0.84705882 0.84705882 0.84705882
v 7.41512980 2.80000000 -8.67529380 0.84705882 0.84705882 0.84705882
v 7.56512980 0.00000000 -8.72609380 0.84705882 0.84705882 0.84705882
v 7.56512980 2.80000000 -8.72609380 0.84705882 0.84705882 0.84705882
v 7.41512980 0.00000000 -8.72609380 0.84705882 0.84705882 0.84705882
v 7.41512980 2.80000000 -8.72609380 0.84705882 0.84705882 0.84705882
f 1310 1312 1309
f 1313 1310 1309
f 1309 1312 1311
f 1311 1313 1309
f 1310 1316 1312
f 1314 1310 1313
f 1314 1316 1310
f 1312 1316 1311
f 1315 1313 1311
f 1311 1316 1315
f 1315 1314 1313
f 1316 1314 1315

o geometry_57
v 7.49012980 0.00000000 -8.80109380 0.84705882 0.84705882 0.84705882
v 7.49012980 2.80000000 -8.80109380 0.84705882 0.84705882 0.84705882
v 7.49012980 0.00000000 -8.65109380 0.84705882 0.84705882 0.84705882
v 7.49012980 2.80000000 -8.65109380 0.84705882 0.84705882 0.84705882
v 7.42662980 0.00000000 -8.80109380 0.84705882 0.84705882 0.84705882
v 7.42662980 2.80000000 -8.80109380 0.84705882 0.84705882 0.84705882
v 7.42662980 0.00000000 -8.65109380 0.84705882 0.84705882 0.84705882
v 7.42662980 2.80000000 -8.65109380 0.84705882 0.84705882 0.84705882
f 1318 1320 1317
f 1321 1318 1317
f 1317 1320 1319
f 1319 1321 1317
f 1318 1324 1320
f 1322 1318 1321
f 1322 1324 1318
f 1320 1324 1319
f 1323 1321 1319
f 1319 1324 1323
f 1323 1322 1321
f 1324 1322 1323

o geometry_58
v 7.35162980 0.00000000 -8.72609380 0.84705882 0.84705882 0.84705882
v 7.35162980 2.80000000 -8.72609380 0.84705882 0.84705882 0.84705882
v 7.50162980 0.00000000 -8.72609380 0.84705882 0.84705882 0.84705882
v 7.50162980 2.80000000 -8.72609380 0.84705882 0.84705882 0.84705882
v 7.35162980 0.00000000 -8.67529380 0.84705882 0.84705882 0.84705882
v 7.35162980 2.80000000 -8.67529380 0.84705882 0.84705882 0.84705882
v 7.50162980 0.00000000 -8.67529380 0.84705882 0.84705882 0.84705882
v 7.50162980 2.80000000 -8.67529380 0.84705882 0.84705882 0.84705882
f 1326 1328 1325
f 1329 1326 1325
f 1325 1328 1327
f 1327 1329 1325
f 1326 1332 1328
f 1330 1326 1329
f 1330 1332 1326
f 1328 1332 1327
f 1331 1329 1327
f 1327 1332 1331
f 1331 1330 1329
f 1332 1330 1331

o geometry_59
v 7.42662980 0.00000000 -8.60029380 0.84705882 0.84705882 0.84705882
v 7.42662980 2.80000000 -8.60029380 0.84705882 0.84705882 0.84705882
v 7.42662980 0.00000000 -8.75029380 0.84705882 0.84705882 0.84705882
v 7.42662980 2.80000000 -8.75029380 0.84705882 0.84705882 0.84705882
v 7.49012980 0.00000000 -8.60029380 0.84705882 0.84705882 0.84705882
v 7.49012980 2.80000000 -8.60029380 0.84705882 0.84705882 0.84705882
v 7.49012980 0.00000000 -8.75029380 0.84705882 0.84705882 0.84705882
v 7.49012980 2.80000000 -8.75029380 0.84705882 0.84705882 0.84705882
f 1334 1336 1333
f 1337 1334 1333
f 1333 1336 1335
f 1335 1337 1333
f 1334 1340 1336
f 1338 1334 1337
f 1338 1340 1334
f 1336 1340 1335
f 1339 1337 1335
f 1335 1340 1339
f 1339 1338 1337
f 1340 1338 1339

o geometry_60
v 7.37659180 0.00000000 -9.09644500 0.84705882 0.84705882 0.84705882
v 7.37659180 2.80000000 -9.09644500 0.84705882 0.84705882 0.84705882
v 7.37659180 0.00000000 -8.94644500 0.84705882 0.84705882 0.84705882
v 7.37659180 2.80000000 -8.94644500 0.84705882 0.84705882 0.84705882
v 7.03376800 0.00000000 -9.09644500 0.84705882 0.84705882 0.84705882
v 7.03376800 2.80000000 -9.09644500 0.84705882 0.84705882 0.84705882
v 7.03376800 0.00000000 -8.94644500 0.84705882 0.84705882 0.84705882
v 7.03376800 2.80000000 -8.94644500 0.84705882 0.84705882 0.84705882
f 1342 1344 1341
f 1345 1342 1341
f 1341 1344 1343
f 1343 1345 1341
f 1342 1348 1344
f 1346 1342 1345
f 1346 1348 1342
f 1344 1348 1343
f 1347 1345 1343
f 1343 1348 1347
f 1347 1346 1345
f 1348 1346 1347

o geometry_61
v 6.98073499 0.00000000 -9.07447801 0.84705882 0.84705882 0.84705882
v 6.98073499 2.80000000 -9.07447801 0.84705882 0.84705882 0.84705882
v 7.08680101 0.00000000 -8.96841199 0.84705882 0.84705882 0.84705882
v 7.08680101 2.80000000 -8.96841199 0.84705882 0.84705882 0.84705882
v 6.93471019 0.00000000 -9.02845321 0.84705882 0.84705882 0.84705882
v 6.93471019 2.80000000 -9.02845321 0.84705882 0.84705882 0.84705882
v 7.04077621 0.00000000 -8.92238719 0.84705882 0.84705882 0.84705882
v 7.04077621 2.80000000 -8.92238719 0.84705882 0.84705882 0.84705882
f 1350 1352 1349
f 1353 1350 1349
f 1349 1352 1351
f 1351 1353 1349
f 1350 1356 1352
f 1354 1350 1353
f 1354 1356 1350
f 1352 1356 1351
f 1355 1353 1351
f 1351 1356 1355
f 1355 1354 1353
f 1356 1354 1355

o geometry_62
v 6.91274320 0.00000000 -8.97542020 0.84705882 0.84705882 0.84705882
v 6.91274320 2.80000000 -8.97542020 0.84705882 0.84705882 0.84705882
v 7.06274320 0.00000000 -8.97542020 0.84705882 0.84705882 0.84705882
v 7.06274320 2.80000000 -8.97542020 0.84705882 0.84705882 0.84705882
v 6.91274320 0.00000000 -8.57745300 0.84705882 0.84705882 0.84705882
v 6.91274320 2.80000000 -8.57745300 0.84705882 0.84705882 0.84705882
v 7.06274320 0.00000000 -8.57745300 0.84705882 0.84705882 0.84705882
v 7.06274320 2.80000000 -8.57745300 0.84705882 0.84705882 0.84705882
f 1358 1360 1357
f 1361 1358 1357
f 1357 1360 1359
f 1359 1361 1357
f 1358 1364 1360
f 1362 1358 1361
f 1362 1364 1358
f 1360 1364 1359
f 1363 1361 1359
f 1359 1364 1363
f 1363 1362 1361
f 1364 1362 1363

o geometry_63
v 6.93471019 0.00000000 -8.52441999 0.84705882 0.84705882 0.84705882
v 6.93471019 2.80000000 -8.52441999 0.84705882 0.84705882 0.84705882
v 7.04077621 0.00000000 -8.63048601 0.84705882 0.84705882 0.84705882
v 7.04077621 2.80000000 -8.63048601 0.84705882 0.84705882 0.84705882
v 6.98073499 0.00000000 -8.47839519 0.84705882 0.84705882 0.84705882
v 6.98073499 2.80000000 -8.47839519 0.84705882 0.84705882 0.84705882
v 7.08680101 0.00000000 -8.58446121 0.84705882 0.84705882 0.84705882
v 7.08680101 2.80000000 -8.58446121 0.84705882 0.84705882 0.84705882
f 1366 1368 1365
f 1369 1366 1365
f 1365 1368 1367
f 1367 1369 1365
f 1366 1372 1368
f 1370 1366 1369
f 1370 1372 1366
f 1368 1372 1367
f 1371 1369 1367
f 1367 1372 1371
f 1371 1370 1369
f 1372 1370 1371

o geometry_64
v 7.03376800 0.00000000 -8.45642820 0.84705882 0.84705882 0.84705882
v 7.03376800 2.80000000 -8.45642820 0.84705882 0.84705882 0.84705882
v 7.03376800 0.00000000 -8.60642820 0.84705882 0.84705882 0.84705882
v 7.03376800 2.80000000 -8.60642820 0.84705882 0.84705882 0.84705882
v 7.37659180 0.00000000 -8.45642820 0.84705882 0.84705882 0.84705882
v 7.37659180 2.80000000 -8.45642820 0.84705882 0.84705882 0.84705882
v 7.37659180 0.00000000 -8.60642820 0.84705882 0.84705882 0.84705882
v 7.37659180 2.80000000 -8.60642820 0.84705882 0.84705882 0.84705882
f 1374 1376 1373
f 1377 1374 1373
f 1373 1376 1375
f 1375 1377 1373
f 1374 1380 1376
f 1378 1374 1377
f 1378 1380 1374
f 1376 1380 1375
f 1379 1377 1375
f 1375 1380 1379
f 1379 1378 1377
f 1380 1378 1379

o geometry_65
v 7.42962481 0.00000000 -8.47839519 0.84705882 0.84705882 0.84705882
v 7.42962481 2.80000000 -8.47839519 0.84705882 0.84705882 0.84705882
v 7.32355879 0.00000000 -8.58446121 0.84705882 0.84705882 0.84705882
v 7.32355879 2.80000000 -8.58446121 0.84705882 0.84705882 0.84705882
v 7.47564961 0.00000000 -8.52441999 0.84705882 0.84705882 0.84705882
v 7.47564961 2.80000000 -8.52441999 0.84705882 0.84705882 0.84705882
v 7.36958359 0.00000000 -8.63048601 0.84705882 0.84705882 0.84705882
v 7.36958359 2.80000000 -8.63048601 0.84705882 0.84705882 0.84705882
f 1382 1384 1381
f 1385 1382 1381
f 1381 1384 1383
f 1383 1385 1381
f 1382 1388 1384
f 1386 1382 1385
f 1386 1388 1382
f 1384 1388 1383
f 1387 1385 1383
f 1383 1388 1387
f 1387 1386 1385
f 1388 1386 1387

o geometry_66
v 7.49761660 0.00000000 -8.57745300 0.84705882 0.84705882 0.84705882
v 7.49761660 2.80000000 -8.57745300 0.84705882 0.84705882 0.84705882
v 7.34761660 0.00000000 -8.57745300 0.84705882 0.84705882 0.84705882
v 7.34761660 2.80000000 -8.57745300 0.84705882 0.84705882 0.84705882
v 7.49761660 0.00000000 -8.75149380 0.84705882 0.84705882 0.84705882
v 7.49761660 2.80000000 -8.75149380 0.84705882 0.84705882 0.84705882
v 7.34761660 0.00000000 -8.75149380 0.84705882 0.84705882 0.84705882
v 7.34761660 2.80000000 -8.75149380 0.84705882 0.84705882 0.84705882
f 1390 1392 1389
f 1393 1390 1389
f 1389 1392 1391
f 1391 1393 1389
f 1390 1396 1392
f 1394 1390 1393
f 1394 1396 1390
f 1392 1396 1391
f 1395 1393 1391
f 1391 1396 1395
f 1395 1394 1393
f 1396 1394 1395

o geometry_67
v 7.49761660 0.00000000 -8.75149380 0.84705882 0.84705882 0.84705882
v 7.49761660 2.80000000 -8.75149380 0.84705882 0.84705882 0.84705882
v 7.34761660 0.00000000 -8.75149380 0.84705882 0.84705882 0.84705882
v 7.34761660 2.80000000 -8.75149380 0.84705882 0.84705882 0.84705882
v 7.49761660 0.00000000 -8.80229380 0.84705882 0.84705882 0.84705882
v 7.49761660 2.80000000 -8.80229380 0.84705882 0.84705882 0.84705882
v 7.34761660 0.00000000 -8.80229380 0.84705882 0.84705882 0.84705882
v 7.34761660 2.80000000 -8.80229380 0.84705882 0.84705882 0.84705882
f 1398 1400 1397
f 1401 1398 1397
f 1397 1400 1399
f 1399 1401 1397
f 1398 1404 1400
f 1402 1398 1401
f 1402 1404 1398
f 1400 1404 1399
f 1403 1401 1399
f 1399 1404 1403
f 1403 1402 1401
f 1404 1402 1403

o geometry_68
v 7.49761660 0.00000000 -8.80229380 0.84705882 0.84705882 0.84705882
v 7.49761660 2.80000000 -8.80229380 0.84705882 0.84705882 0.84705882
v 7.34761660 0.00000000 -8.80229380 0.84705882 0.84705882 0.84705882
v 7.34761660 2.80000000 -8.80229380 0.84705882 0.84705882 0.84705882
v 7.49761660 0.00000000 -8.97542020 0.84705882 0.84705882 0.84705882
v 7.49761660 2.80000000 -8.97542020 0.84705882 0.84705882 0.84705882
v 7.34761660 0.00000000 -8.97542020 0.84705882 0.84705882 0.84705882
v 7.34761660 2.80000000 -8.97542020 0.84705882 0.84705882 0.84705882
f 1406 1408 1405
f 1409 1406 1405
f 1405 1408 1407
f 1407 1409 1405
f 1406 1412 1408
f 1410 1406 1409
f 1410 1412 1406
f 1408 1412 1407
f 1411 1409 1407
f 1407 1412 1411
f 1411 1410 1409
f 1412 1410 1411

o geometry_69
v 7.47564961 0.00000000 -9.02845321 0.84705882 0.84705882 0.84705882
v 7.47564961 2.80000000 -9.02845321 0.84705882 0.84705882 0.84705882
v 7.36958359 0.00000000 -8.92238719 0.84705882 0.84705882 0.84705882
v 7.36958359 2.80000000 -8.92238719 0.84705882 0.84705882 0.84705882
v 7.42962481 0.00000000 -9.07447801 0.84705882 0.84705882 0.84705882
v 7.42962481 2.80000000 -9.07447801 0.84705882 0.84705882 0.84705882
v 7.32355879 0.00000000 -8.96841199 0.84705882 0.84705882 0.84705882
v 7.32355879 2.80000000 -8.96841199 0.84705882 0.84705882 0.84705882
f 1414 1416 1413
f 1417 1414 1413
f 1413 1416 1415
f 1415 1417 1413
f 1414 1420 1416
f 1418 1414 1417
f 1418 1420 1414
f 1416 1420 1415
f 1419 1417 1415
f 1415 1420 1419
f 1419 1418 1417
f 1420 1418 1419

o geometry_70
v 10.02365280 0.00000000 -7.25204940 0.84705882 0.84705882 0.84705882
v 10.02365280 2.80000000 -7.25204940 0.84705882 0.84705882 0.84705882
v 10.02365280 0.00000000 -7.10204940 0.84705882 0.84705882 0.84705882
v 10.02365280 2.80000000 -7.10204940 0.84705882 0.84705882 0.84705882
v 9.12522940 0.00000000 -7.25204940 0.84705882 0.84705882 0.84705882
v 9.12522940 2.80000000 -7.25204940 0.84705882 0.84705882 0.84705882
v 9.12522940 0.00000000 -7.10204940 0.84705882 0.84705882 0.84705882
v 9.12522940 2.80000000 -7.10204940 0.84705882 0.84705882 0.84705882
f 1422 1424 1421
f 1425 1422 1421
f 1421 1424 1423
f 1423 1425 1421
f 1422 1428 1424
f 1426 1422 1425
f 1426 1428 1422
f 1424 1428 1423
f 1427 1425 1423
f 1423 1428 1427
f 1427 1426 1425
f 1428 1426 1427

o geometry_71
v 9.12522940 0.00000000 -7.25204940 0.84705882 0.84705882 0.84705882
v 9.12522940 2.80000000 -7.25204940 0.84705882 0.84705882 0.84705882
v 9.12522940 0.00000000 -7.10204940 0.84705882 0.84705882 0.84705882
v 9.12522940 2.80000000 -7.10204940 0.84705882 0.84705882 0.84705882
v 9.09982940 0.00000000 -7.25204940 0.84705882 0.84705882 0.84705882
v 9.09982940 2.80000000 -7.25204940 0.84705882 0.84705882 0.84705882
v 9.09982940 0.00000000 -7.10204940 0.84705882 0.84705882 0.84705882
v 9.09982940 2.80000000 -7.10204940 0.84705882 0.84705882 0.84705882
f 1430 1432 1429
f 1433 1430 1429
f 1429 1432 1431
f 1431 1433 1429
f 1430 1436 1432
f 1434 1430 1433
f 1434 1436 1430
f 1432 1436 1431
f 1435 1433 1431
f 1431 1436 1435
f 1435 1434 1433
f 1436 1434 1435

o geometry_72
v 9.20022940 0.00000000 -6.72160200 0.84705882 0.84705882 0.84705882
v 9.20022940 2.80000000 -6.72160200 0.84705882 0.84705882 0.84705882
v 9.05022940 0.00000000 -6.72160200 0.84705882 0.84705882 0.84705882
v 9.05022940 2.80000000 -6.72160200 0.84705882 0.84705882 0.84705882
v 9.20022940 0.00000000 -6.95332620 0.84705882 0.84705882 0.84705882
v 9.20022940 2.80000000 -6.95332620 0.84705882 0.84705882 0.84705882
v 9.05022940 0.00000000 -6.95332620 0.84705882 0.84705882 0.84705882
v 9.05022940 2.80000000 -6.95332620 0.84705882 0.84705882 0.84705882
f 1438 1440 1437
f 1441 1438 1437
f 1437 1440 1439
f 1439 1441 1437
f 1438 1444 1440
f 1442 1438 1441
f 1442 1444 1438
f 1440 1444 1439
f 1443 1441 1439
f 1439 1444 1443
f 1443 1442 1441
f 1444 1442 1443

o geometry_73
v 9.20022940 0.00000000 -6.95332620 0.84705882 0.84705882 0.84705882
v 9.20022940 2.80000000 -6.95332620 0.84705882 0.84705882 0.84705882
v 9.05022940 0.00000000 -6.95332620 0.84705882 0.84705882 0.84705882
v 9.05022940 2.80000000 -6.95332620 0.84705882 0.84705882 0.84705882
v 9.20022940 0.00000000 -7.17704940 0.84705882 0.84705882 0.84705882
v 9.20022940 2.80000000 -7.17704940 0.84705882 0.84705882 0.84705882
v 9.05022940 0.00000000 -7.17704940 0.84705882 0.84705882 0.84705882
v 9.05022940 2.80000000 -7.17704940 0.84705882 0.84705882 0.84705882
f 1446 1448 1445
f 1449 1446 1445
f 1445 1448 1447
f 1447 1449 1445
f 1446 1452 1448
f 1450 1446 1449
f 1450 1452 1446
f 1448 1452 1447
f 1451 1449 1447
f 1447 1452 1451
f 1451 1450 1449
f 1452 1450 1451

o geometry_74
v 9.17482940 0.00000000 -6.72160200 0.84705882 0.84705882 0.84705882
v 9.17482940 2.80000000 -6.72160200 0.84705882 0.84705882 0.84705882
v 9.02482940 0.00000000 -6.72160200 0.84705882 0.84705882 0.84705882
v 9.02482940 2.80000000 -6.72160200 0.84705882 0.84705882 0.84705882
v 9.17482940 0.00000000 -6.95332620 0.84705882 0.84705882 0.84705882
v 9.17482940 2.80000000 -6.95332620 0.84705882 0.84705882 0.84705882
v 9.02482940 0.00000000 -6.95332620 0.84705882 0.84705882 0.84705882
v 9.02482940 2.80000000 -6.95332620 0.84705882 0.84705882 0.84705882
f 1454 1456 1453
f 1457 1454 1453
f 1453 1456 1455
f 1455 1457 1453
f 1454 1460 1456
f 1458 1454 1457
f 1458 1460 1454
f 1456 1460 1455
f 1459 1457 1455
f 1455 1460 1459
f 1459 1458 1457
f 1460 1458 1459

o geometry_75
v 9.17482940 0.00000000 -6.95332620 0.84705882 0.84705882 0.84705882
v 9.17482940 2.80000000 -6.95332620 0.84705882 0.84705882 0.84705882
v 9.02482940 0.00000000 -6.95332620 0.84705882 0.84705882 0.84705882
v 9.02482940 2.80000000 -6.95332620 0.84705882 0.84705882 0.84705882
v 9.17482940 0.00000000 -7.17704940 0.84705882 0.84705882 0.84705882
v 9.17482940 2.80000000 -7.17704940 0.84705882 0.84705882 0.84705882
v 9.02482940 0.00000000 -7.17704940 0.84705882 0.84705882 0.84705882
v 9.02482940 2.80000000 -7.17704940 0.84705882 0.84705882 0.84705882
f 1462 1464 1461
f 1465 1462 1461
f 1461 1464 1463
f 1463 1465 1461
f 1462 1468 1464
f 1466 1462 1465
f 1466 1468 1462
f 1464 1468 1463
f 1467 1465 1463
f 1463 1468 1467
f 1467 1466 1465
f 1468 1466 1467

o geometry_76
v 9.17482940 0.00000000 -7.17704940 0.84705882 0.84705882 0.84705882
v 9.17482940 2.80000000 -7.17704940 0.84705882 0.84705882 0.84705882
v 9.02482940 0.00000000 -7.17704940 0.84705882 0.84705882 0.84705882
v 9.02482940 2.80000000 -7.17704940 0.84705882 0.84705882 0.84705882
v 9.17482940 0.00000000 -7.20244940 0.84705882 0.84705882 0.84705882
v 9.17482940 2.80000000 -7.20244940 0.84705882 0.84705882 0.84705882
v 9.02482940 0.00000000 -7.20244940 0.84705882 0.84705882 0.84705882
v 9.02482940 2.80000000 -7.20244940 0.84705882 0.84705882 0.84705882
f 1470 1472 1469
f 1473 1470 1469
f 1469 1472 1471
f 1471 1473 1469
f 1470 1476 1472
f 1474 1470 1473
f 1474 1476 1470
f 1472 1476 1471
f 1475 1473 1471
f 1471 1476 1475
f 1475 1474 1473
f 1476 1474 1475

o geometry_77
v 10.26355580 0.00000000 -9.97753260 0.84705882 0.84705882 0.84705882
v 10.26355580 2.80000000 -9.97753260 0.84705882 0.84705882 0.84705882
v 10.26355580 0.00000000 -10.12753260 0.84705882 0.84705882 0.84705882
v 10.26355580 2.80000000 -10.12753260 0.84705882 0.84705882 0.84705882
v 10.34115280 0.00000000 -9.97753260 0.84705882 0.84705882 0.84705882
v 10.34115280 2.80000000 -9.97753260 0.84705882 0.84705882 0.84705882
v 10.34115280 0.00000000 -10.12753260 0.84705882 0.84705882 0.84705882
v 10.34115280 2.80000000 -10.12753260 0.84705882 0.84705882 0.84705882
f 1478 1480 1477
f 1481 1478 1477
f 1477 1480 1479
f 1479 1481 1477
f 1478 1484 1480
f 1482 1478 1481
f 1482 1484 1478
f 1480 1484 1479
f 1483 1481 1479
f 1479 1484 1483
f 1483 1482 1481
f 1484 1482 1483

o geometry_78
v 10.36775280 0.00000000 -9.95093260 0.84705882 0.84705882 0.84705882
v 10.36775280 2.80000000 -9.95093260 0.84705882 0.84705882 0.84705882
v 10.51775280 0.00000000 -9.95093260 0.84705882 0.84705882 0.84705882
v 10.51775280 2.80000000 -9.95093260 0.84705882 0.84705882 0.84705882
v 10.36775280 0.00000000 -8.45235800 0.84705882 0.84705882 0.84705882
v 10.36775280 2.80000000 -8.45235800 0.84705882 0.84705882 0.84705882
v 10.51775280 0.00000000 -8.45235800 0.84705882 0.84705882 0.84705882
v 10.51775280 2.80000000 -8.45235800 0.84705882 0.84705882 0.84705882
f 1486 1488 1485
f 1489 1486 1485
f 1485 1488 1487
f 1487 1489 1485
f 1486 1492 1488
f 1490 1486 1489
f 1490 1492 1486
f 1488 1492 1487
f 1491 1489 1487
f 1487 1492 1491
f 1491 1490 1489
f 1492 1490 1491

o geometry_79
v 10.44275280 0.00000000 -8.52735800 0.84705882 0.84705882 0.84705882
v 10.44275280 2.80000000 -8.52735800 0.84705882 0.84705882 0.84705882
v 10.44275280 0.00000000 -8.37735800 0.84705882 0.84705882 0.84705882
v 10.44275280 2.80000000 -8.37735800 0.84705882 0.84705882 0.84705882
v 8.70287820 0.00000000 -8.52735800 0.84705882 0.84705882 0.84705882
v 8.70287820 2.80000000 -8.52735800 0.84705882 0.84705882 0.84705882
v 8.70287820 0.00000000 -8.37735800 0.84705882 0.84705882 0.84705882
v 8.70287820 2.80000000 -8.37735800 0.84705882 0.84705882 0.84705882
f 1494 1496 1493
f 1497 1494 1493
f 1493 1496 1495
f 1495 1497 1493
f 1494 1500 1496
f 1498 1494 1497
f 1498 1500 1494
f 1496 1500 1495
f 1499 1497 1495
f 1495 1500 1499
f 1499 1498 1497
f 1500 1498 1499

o geometry_80
v 8.75589352 0.00000000 -8.50540869 0.84705882 0.84705882 0.84705882
v 8.75589352 2.80000000 -8.50540869 0.84705882 0.84705882 0.84705882
v 8.64986288 0.00000000 -8.39930731 0.84705882 0.84705882 0.84705882
v 8.64986288 2.80000000 -8.39930731 0.84705882 0.84705882 0.84705882
v 8.71779352 0.00000000 -8.54348329 0.84705882 0.84705882 0.84705882
v 8.71779352 2.80000000 -8.54348329 0.84705882 0.84705882 0.84705882
v 8.61176288 0.00000000 -8.43738191 0.84705882 0.84705882 0.84705882
v 8.61176288 2.80000000 -8.43738191 0.84705882 0.84705882 0.84705882
f 1502 1504 1501
f 1505 1502 1501
f 1501 1504 1503
f 1503 1505 1501
f 1502 1508 1504
f 1506 1502 1505
f 1506 1508 1502
f 1504 1508 1503
f 1507 1505 1503
f 1503 1508 1507
f 1507 1506 1505
f 1508 1506 1507

o geometry_81
v 8.73977820 0.00000000 -8.49043260 0.84705882 0.84705882 0.84705882
v 8.73977820 2.80000000 -8.49043260 0.84705882 0.84705882 0.84705882
v 8.58977820 0.00000000 -8.49043260 0.84705882 0.84705882 0.84705882
v 8.58977820 2.80000000 -8.49043260 0.84705882 0.84705882 0.84705882
v 8.73977820 0.00000000 -10.05253260 0.84705882 0.84705882 0.84705882
v 8.73977820 2.80000000 -10.05253260 0.84705882 0.84705882 0.84705882
v 8.58977820 0.00000000 -10.05253260 0.84705882 0.84705882 0.84705882
v 8.58977820 2.80000000 -10.05253260 0.84705882 0.84705882 0.84705882
f 1510 1512 1509
f 1513 1510 1509
f 1509 1512 1511
f 1511 1513 1509
f 1510 1516 1512
f 1514 1510 1513
f 1514 1516 1510
f 1512 1516 1511
f 1515 1513 1511
f 1511 1516 1515
f 1515 1514 1513
f 1516 1514 1515

o geometry_82
v 10.38045280 0.00000000 -9.95093260 0.84705882 0.84705882 0.84705882
v 10.38045280 2.80000000 -9.95093260 0.84705882 0.84705882 0.84705882
v 10.53045280 0.00000000 -9.95093260 0.84705882 0.84705882 0.84705882
v 10.53045280 2.80000000 -9.95093260 0.84705882 0.84705882 0.84705882
v 10.38045280 0.00000000 -8.27455800 0.84705882 0.84705882 0.84705882
v 10.38045280 2.80000000 -8.27455800 0.84705882 0.84705882 0.84705882
v 10.53045280 0.00000000 -8.27455800 0.84705882 0.84705882 0.84705882
v 10.53045280 2.80000000 -8.27455800 0.84705882 0.84705882 0.84705882
f 1518 1520 1517
f 1521 1518 1517
f 1517 1520 1519
f 1519 1521 1517
f 1518 1524 1520
f 1522 1518 1521
f 1522 1524 1518
f 1520 1524 1519
f 1523 1521 1519
f 1519 1524 1523
f 1523 1522 1521
f 1524 1522 1523

o geometry_83
v 10.45545280 0.00000000 -8.34955800 0.84705882 0.84705882 0.84705882
v 10.45545280 2.80000000 -8.34955800 0.84705882 0.84705882 0.84705882
v 10.45545280 0.00000000 -8.19955800 0.84705882 0.84705882 0.84705882
v 10.45545280 2.80000000 -8.19955800 0.84705882 0.84705882 0.84705882
v 10.44275280 0.00000000 -8.34955800 0.84705882 0.84705882 0.84705882
v 10.44275280 2.80000000 -8.34955800 0.84705882 0.84705882 0.84705882
v 10.44275280 0.00000000 -8.19955800 0.84705882 0.84705882 0.84705882
v 10.44275280 2.80000000 -8.19955800 0.84705882 0.84705882 0.84705882
f 1526 1528 1525
f 1529 1526 1525
f 1525 1528 1527
f 1527 1529 1525
f 1526 1532 1528
f 1530 1526 1529
f 1530 1532 1526
f 1528 1532 1527
f 1531 1529 1527
f 1527 1532 1531
f 1531 1530 1529
f 1532 1530 1531

o geometry_84
v 10.44275280 0.00000000 -8.34955800 0.84705882 0.84705882 0.84705882
v 10.44275280 2.80000000 -8.34955800 0.84705882 0.84705882 0.84705882
v 10.44275280 0.00000000 -8.19955800 0.84705882 0.84705882 0.84705882
v 10.44275280 2.80000000 -8.19955800 0.84705882 0.84705882 0.84705882
v 10.03635280 0.00000000 -8.34955800 0.84705882 0.84705882 0.84705882
v 10.03635280 2.80000000 -8.34955800 0.84705882 0.84705882 0.84705882
v 10.03635280 0.00000000 -8.19955800 0.84705882 0.84705882 0.84705882
v 10.03635280 2.80000000 -8.19955800 0.84705882 0.84705882 0.84705882
f 1534 1536 1533
f 1537 1534 1533
f 1533 1536 1535
f 1535 1537 1533
f 1534 1540 1536
f 1538 1534 1537
f 1538 1540 1534
f 1536 1540 1535
f 1539 1537 1535
f 1535 1540 1539
f 1539 1538 1537
f 1540 1538 1539

o geometry_85
v 10.03635280 0.00000000 -8.34955800 0.84705882 0.84705882 0.84705882
v 10.03635280 2.80000000 -8.34955800 0.84705882 0.84705882 0.84705882
v 10.03635280 0.00000000 -8.19955800 0.84705882 0.84705882 0.84705882
v 10.03635280 2.80000000 -8.19955800 0.84705882 0.84705882 0.84705882
v 8.57587820 0.00000000 -8.34955800 0.84705882 0.84705882 0.84705882
v 8.57587820 2.80000000 -8.34955800 0.84705882 0.84705882 0.84705882
v 8.57587820 0.00000000 -8.19955800 0.84705882 0.84705882 0.84705882
v 8.57587820 2.80000000 -8.19955800 0.84705882 0.84705882 0.84705882
f 1542 1544 1541
f 1545 1542 1541
f 1541 1544 1543
f 1543 1545 1541
f 1542 1548 1544
f 1546 1542 1545
f 1546 1548 1542
f 1544 1548 1543
f 1547 1545 1543
f 1543 1548 1547
f 1547 1546 1545
f 1548 1546 1547

o geometry_86
v 8.62890767 0.00000000 -8.32759454 0.84705882 0.84705882 0.84705882
v 8.62890767 2.80000000 -8.32759454 0.84705882 0.84705882 0.84705882
v 8.52284873 0.00000000 -8.22152146 0.84705882 0.84705882 0.84705882
v 8.52284873 2.80000000 -8.22152146 0.84705882 0.84705882 0.84705882
v 8.43840767 0.00000000 -8.51806914 0.84705882 0.84705882 0.84705882
v 8.43840767 2.80000000 -8.51806914 0.84705882 0.84705882 0.84705882
v 8.33234873 0.00000000 -8.41199606 0.84705882 0.84705882 0.84705882
v 8.33234873 2.80000000 -8.41199606 0.84705882 0.84705882 0.84705882
f 1550 1552 1549
f 1553 1550 1549
f 1549 1552 1551
f 1551 1553 1549
f 1550 1556 1552
f 1554 1550 1553
f 1554 1556 1550
f 1552 1556 1551
f 1555 1553 1551
f 1551 1556 1555
f 1555 1554 1553
f 1556 1554 1555

o geometry_87
v 8.46037820 0.00000000 -8.46503260 0.84705882 0.84705882 0.84705882
v 8.46037820 2.80000000 -8.46503260 0.84705882 0.84705882 0.84705882
v 8.31037820 0.00000000 -8.46503260 0.84705882 0.84705882 0.84705882
v 8.31037820 2.80000000 -8.46503260 0.84705882 0.84705882 0.84705882
v 8.46037820 0.00000000 -10.05253260 0.84705882 0.84705882 0.84705882
v 8.46037820 2.80000000 -10.05253260 0.84705882 0.84705882 0.84705882
v 8.31037820 0.00000000 -10.05253260 0.84705882 0.84705882 0.84705882
v 8.31037820 2.80000000 -10.05253260 0.84705882 0.84705882 0.84705882
f 1558 1560 1557
f 1561 1558 1557
f 1557 1560 1559
f 1559 1561 1557
f 1558 1564 1560
f 1562 1558 1561
f 1562 1564 1558
f 1560 1564 1559
f 1563 1561 1559
f 1559 1564 1563
f 1563 1562 1561
f 1564 1562 1563

o geometry_88
v 10.23704440 0.00000000 -9.85032320 0.84705882 0.84705882 0.84705882
v 10.23704440 2.80000000 -9.85032320 0.84705882 0.84705882 0.84705882
v 10.38704440 0.00000000 -9.85032320 0.84705882 0.84705882 0.84705882
v 10.38704440 2.80000000 -9.85032320 0.84705882 0.84705882 0.84705882
v 10.23704440 0.00000000 -9.39081180 0.84705882 0.84705882 0.84705882
v 10.23704440 2.80000000 -9.39081180 0.84705882 0.84705882 0.84705882
v 10.38704440 0.00000000 -9.39081180 0.84705882 0.84705882 0.84705882
v 10.38704440 2.80000000 -9.39081180 0.84705882 0.84705882 0.84705882
f 1566 1568 1565
f 1569 1566 1565
f 1565 1568 1567
f 1567 1569 1565
f 1566 1572 1568
f 1570 1566 1569
f 1570 1572 1566
f 1568 1572 1567
f 1571 1569 1567
f 1567 1572 1571
f 1571 1570 1569
f 1572 1570 1571

o geometry_89
v 10.04462700 0.00000000 -9.39081180 0.84705882 0.84705882 0.84705882
v 10.04462700 2.80000000 -9.39081180 0.84705882 0.84705882 0.84705882
v 9.89462700 0.00000000 -9.39081180 0.84705882 0.84705882 0.84705882
v 9.89462700 2.80000000 -9.39081180 0.84705882 0.84705882 0.84705882
v 10.04462700 0.00000000 -9.85032320 0.84705882 0.84705882 0.84705882
v 10.04462700 2.80000000 -9.85032320 0.84705882 0.84705882 0.84705882
v 9.89462700 0.00000000 -9.85032320 0.84705882 0.84705882 0.84705882
v 9.89462700 2.80000000 -9.85032320 0.84705882 0.84705882 0.84705882
f 1574 1576 1573
f 1577 1574 1573
f 1573 1576 1575
f 1575 1577 1573
f 1574 1580 1576
f 1578 1574 1577
f 1578 1580 1574
f 1576 1580 1575
f 1579 1577 1575
f 1575 1580 1579
f 1579 1578 1577
f 1580 1578 1579

o geometry_90
v 7.49701320 0.00000000 -5.34633820 0.84705882 0.84705882 0.84705882
v 7.49701320 2.80000000 -5.34633820 0.84705882 0.84705882 0.84705882
v 7.49701320 0.00000000 -5.19633820 0.84705882 0.84705882 0.84705882
v 7.49701320 2.80000000 -5.19633820 0.84705882 0.84705882 0.84705882
v 7.35761800 0.00000000 -5.34633820 0.84705882 0.84705882 0.84705882
v 7.35761800 2.80000000 -5.34633820 0.84705882 0.84705882 0.84705882
v 7.35761800 0.00000000 -5.19633820 0.84705882 0.84705882 0.84705882
v 7.35761800 2.80000000 -5.19633820 0.84705882 0.84705882 0.84705882
f 1582 1584 1581
f 1585 1582 1581
f 1581 1584 1583
f 1583 1585 1581
f 1582 1588 1584
f 1586 1582 1585
f 1586 1588 1582
f 1584 1588 1583
f 1587 1585 1583
f 1583 1588 1587
f 1587 1586 1585
f 1588 1586 1587

o geometry_91
v 7.43261800 2.10000000 -5.27133820 0.84705882 0.84705882 0.84705882
v 7.43261800 2.80000000 -5.27133820 0.84705882 0.84705882 0.84705882
v 7.28261800 2.10000000 -5.27133820 0.84705882 0.84705882 0.84705882
v 7.28261800 2.80000000 -5.27133820 0.84705882 0.84705882 0.84705882
v 7.43261800 2.10000000 -5.29704300 0.84705882 0.84705882 0.84705882
v 7.43261800 2.80000000 -5.29704300 0.84705882 0.84705882 0.84705882
v 7.28261800 2.10000000 -5.29704300 0.84705882 0.84705882 0.84705882
v 7.28261800 2.80000000 -5.29704300 0.84705882 0.84705882 0.84705882
f 1590 1592 1589
f 1593 1590 1589
f 1589 1592 1591
f 1591 1593 1589
f 1590 1596 1592
f 1594 1590 1593
f 1594 1596 1590
f 1592 1596 1591
f 1595 1593 1591
f 1591 1596 1595
f 1595 1594 1593
f 1596 1594 1595

o geometry_92
v 7.37400104 0.00000000 -5.28280973 0.54117647 0.35294118 0.16862745
v 7.37400104 2.10000000 -5.28280973 0.54117647 0.35294118 0.16862745
v 7.34123496 0.00000000 -5.25986667 0.54117647 0.35294118 0.16862745
v 7.34123496 2.10000000 -5.25986667 0.54117647 0.35294118 0.16862745
v 7.35925737 0.00000000 -5.30386587 0.54117647 0.35294118 0.16862745
v 7.35925737 2.10000000 -5.30386587 0.54117647 0.35294118 0.16862745
v 7.32649129 0.00000000 -5.28092281 0.54117647 0.35294118 0.16862745
v 7.32649129 2.10000000 -5.28092281 0.54117647 0.35294118 0.16862745
f 1598 1600 1597
f 1601 1598 1597
f 1597 1600 1599
f 1599 1601 1597
f 1598 1604 1600
f 1602 1598 1601
f 1602 1604 1598
f 1600 1604 1599
f 1603 1601 1599
f 1599 1604 1603
f 1603 1602 1601
f 1604 1602 1603

o geometry_93
v 7.35761800 0.00000000 -5.22204300 0.84705882 0.84705882 0.84705882
v 7.35761800 2.80000000 -5.22204300 0.84705882 0.84705882 0.84705882
v 7.35761800 0.00000000 -5.37204300 0.84705882 0.84705882 0.84705882
v 7.35761800 2.80000000 -5.37204300 0.84705882 0.84705882 0.84705882
v 7.47062260 0.00000000 -5.22204300 0.84705882 0.84705882 0.84705882
v 7.47062260 2.80000000 -5.22204300 0.84705882 0.84705882 0.84705882
v 7.47062260 0.00000000 -5.37204300 0.84705882 0.84705882 0.84705882
v 7.47062260 2.80000000 -5.37204300 0.84705882 0.84705882 0.84705882
f 1606 1608 1605
f 1609 1606 1605
f 1605 1608 1607
f 1607 1609 1605
f 1606 1612 1608
f 1610 1606 1609
f 1610 1612 1606
f 1608 1612 1607
f 1611 1609 1607
f 1607 1612 1611
f 1611 1610 1609
f 1612 1610 1611

o geometry_94
v 7.48365280 0.00000000 -5.22204300 0.84705882 0.84705882 0.84705882
v 7.48365280 2.80000000 -5.22204300 0.84705882 0.84705882 0.84705882
v 7.48365280 0.00000000 -5.37204300 0.84705882 0.84705882 0.84705882
v 7.48365280 2.80000000 -5.37204300 0.84705882 0.84705882 0.84705882
v 7.49701320 0.00000000 -5.22204300 0.84705882 0.84705882 0.84705882
v 7.49701320 2.80000000 -5.22204300 0.84705882 0.84705882 0.84705882
v 7.49701320 0.00000000 -5.37204300 0.84705882 0.84705882 0.84705882
v 7.49701320 2.80000000 -5.37204300 0.84705882 0.84705882 0.84705882
f 1614 1616 1613
f 1617 1614 1613
f 1613 1616 1615
f 1615 1617 1613
f 1614 1620 1616
f 1618 1614 1617
f 1618 1620 1614
f 1616 1620 1615
f 1619 1617 1615
f 1615 1620 1619
f 1619 1618 1617
f 1620 1618 1619

o geometry_95
v 7.42201320 0.00000000 -5.29704300 0.84705882 0.84705882 0.84705882
v 7.42201320 2.80000000 -5.29704300 0.84705882 0.84705882 0.84705882
v 7.57201320 0.00000000 -5.29704300 0.84705882 0.84705882 0.84705882
v 7.57201320 2.80000000 -5.29704300 0.84705882 0.84705882 0.84705882
v 7.42201320 0.00000000 -5.27133820 0.84705882 0.84705882 0.84705882
v 7.42201320 2.80000000 -5.27133820 0.84705882 0.84705882 0.84705882
v 7.57201320 0.00000000 -5.27133820 0.84705882 0.84705882 0.84705882
v 7.57201320 2.80000000 -5.27133820 0.84705882 0.84705882 0.84705882
f 1622 1624 1621
f 1625 1622 1621
f 1621 1624 1623
f 1623 1625 1621
f 1622 1628 1624
f 1626 1622 1625
f 1626 1628 1622
f 1624 1628 1623
f 1627 1625 1623
f 1623 1628 1627
f 1627 1626 1625
f 1628 1626 1627

o geometry_96
v 7.55865280 0.00000000 -5.29704300 0.84705882 0.84705882 0.84705882
v 7.55865280 2.80000000 -5.29704300 0.84705882 0.84705882 0.84705882
v 7.40865280 0.00000000 -5.29704300 0.84705882 0.84705882 0.84705882
v 7.40865280 2.80000000 -5.29704300 0.84705882 0.84705882 0.84705882
v 7.55865280 0.00000000 -5.34309320 0.84705882 0.84705882 0.84705882
v 7.55865280 2.80000000 -5.34309320 0.84705882 0.84705882 0.84705882
v 7.40865280 0.00000000 -5.34309320 0.84705882 0.84705882 0.84705882
v 7.40865280 2.80000000 -5.34309320 0.84705882 0.84705882 0.84705882
f 1630 1632 1629
f 1633 1630 1629
f 1629 1632 1631
f 1631 1633 1629
f 1630 1636 1632
f 1634 1630 1633
f 1634 1636 1630
f 1632 1636 1631
f 1635 1633 1631
f 1631 1636 1635
f 1635 1634 1633
f 1636 1634 1635

o geometry_97
v 7.48365280 0.00000000 -5.41809320 0.84705882 0.84705882 0.84705882
v 7.48365280 2.80000000 -5.41809320 0.84705882 0.84705882 0.84705882
v 7.48365280 0.00000000 -5.26809320 0.84705882 0.84705882 0.84705882
v 7.48365280 2.80000000 -5.26809320 0.84705882 0.84705882 0.84705882
v 7.47062260 0.00000000 -5.41809320 0.84705882 0.84705882 0.84705882
v 7.47062260 2.80000000 -5.41809320 0.84705882 0.84705882 0.84705882
v 7.47062260 0.00000000 -5.26809320 0.84705882 0.84705882 0.84705882
v 7.47062260 2.80000000 -5.26809320 0.84705882 0.84705882 0.84705882
f 1638 1640 1637
f 1641 1638 1637
f 1637 1640 1639
f 1639 1641 1637
f 1638 1644 1640
f 1642 1638 1641
f 1642 1644 1638
f 1640 1644 1639
f 1643 1641 1639
f 1639 1644 1643
f 1643 1642 1641
f 1644 1642 1643

o geometry_98
v 7.39562260 0.00000000 -5.34309320 0.84705882 0.84705882 0.84705882
v 7.39562260 2.80000000 -5.34309320 0.84705882 0.84705882 0.84705882
v 7.54562260 0.00000000 -5.34309320 0.84705882 0.84705882 0.84705882
v 7.54562260 2.80000000 -5.34309320 0.84705882 0.84705882 0.84705882
v 7.39562260 0.00000000 -5.29704300 0.84705882 0.84705882 0.84705882
v 7.39562260 2.80000000 -5.29704300 0.84705882 0.84705882 0.84705882
v 7.54562260 0.00000000 -5.29704300 0.84705882 0.84705882 0.84705882
v 7.54562260 2.80000000 -5.29704300 0.84705882 0.84705882 0.84705882
f 1646 1648 1645
f 1649 1646 1645
f 1645 1648 1647
f 1647 1649 1645
f 1646 1652 1648
f 1650 1646 1649
f 1650 1652 1646
f 1648 1652 1647
f 1651 1649 1647
f 1647 1652 1651
f 1651 1650 1649
f 1652 1650 1651

o geometry_99
v 7.47062260 0.00000000 -5.21180680 0.84705882 0.84705882 0.84705882
v 7.47062260 2.80000000 -5.21180680 0.84705882 0.84705882 0.84705882
v 7.47062260 0.00000000 -5.36180680 0.84705882 0.84705882 0.84705882
v 7.47062260 2.80000000 -5.36180680 0.84705882 0.84705882 0.84705882
v 7.48365280 0.00000000 -5.21180680 0.84705882 0.84705882 0.84705882
v 7.48365280 2.80000000 -5.21180680 0.84705882 0.84705882 0.84705882
v 7.48365280 0.00000000 -5.36180680 0.84705882 0.84705882 0.84705882
v 7.48365280 2.80000000 -5.36180680 0.84705882 0.84705882 0.84705882
f 1654 1656 1653
f 1657 1654 1653
f 1653 1656 1655
f 1655 1657 1653
f 1654 1660 1656
f 1658 1654 1657
f 1658 1660 1654
f 1656 1660 1655
f 1659 1657 1655
f 1655 1660 1659
f 1659 1658 1657
f 1660 1658 1659

o geometry_100
v 8.20249200 0.00000000 -4.61312260 0.84705882 0.84705882 0.84705882
v 8.20249200 2.80000000 -4.61312260 0.84705882 0.84705882 0.84705882
v 8.05249200 0.00000000 -4.61312260 0.84705882 0.84705882 0.84705882
v 8.05249200 2.80000000 -4.61312260 0.84705882 0.84705882 0.84705882
v 8.20249200 0.00000000 -4.77776540 0.84705882 0.84705882 0.84705882
v 8.20249200 2.80000000 -4.77776540 0.84705882 0.84705882 0.84705882
v 8.05249200 0.00000000 -4.77776540 0.84705882 0.84705882 0.84705882
v 8.05249200 2.80000000 -4.77776540 0.84705882 0.84705882 0.84705882
f 1662 1664 1661
f 1665 1662 1661
f 1661 1664 1663
f 1663 1665 1661
f 1662 1668 1664
f 1666 1662 1665
f 1666 1668 1662
f 1664 1668 1663
f 1667 1665 1663
f 1663 1668 1667
f 1667 1666 1665
f 1668 1666 1667

o geometry_101
v 8.18449029 0.00000000 -4.82651163 0.84705882 0.84705882 0.84705882
v 8.18449029 2.80000000 -4.82651163 0.84705882 0.84705882 0.84705882
v 8.07049371 0.00000000 -4.72901917 0.84705882 0.84705882 0.84705882
v 8.07049371 2.80000000 -4.72901917 0.84705882 0.84705882 0.84705882
v 8.09236449 0.00000000 -4.93423303 0.84705882 0.84705882 0.84705882
v 8.09236449 2.80000000 -4.93423303 0.84705882 0.84705882 0.84705882
v 7.97836791 0.00000000 -4.83674057 0.84705882 0.84705882 0.84705882
v 7.97836791 2.80000000 -4.83674057 0.84705882 0.84705882 0.84705882
f 1670 1672 1669
f 1673 1670 1669
f 1669 1672 1671
f 1671 1673 1669
f 1670 1676 1672
f 1674 1670 1673
f 1674 1676 1670
f 1672 1676 1671
f 1675 1673 1671
f 1671 1676 1675
f 1675 1674 1673
f 1676 1674 1675

o geometry_102
v 8.03536620 0.00000000 -4.96048680 0.84705882 0.84705882 0.84705882
v 8.03536620 2.80000000 -4.96048680 0.84705882 0.84705882 0.84705882
v 8.03536620 0.00000000 -4.81048680 0.84705882 0.84705882 0.84705882
v 8.03536620 2.80000000 -4.81048680 0.84705882 0.84705882 0.84705882
v 7.60399800 0.00000000 -4.96048680 0.84705882 0.84705882 0.84705882
v 7.60399800 2.80000000 -4.96048680 0.84705882 0.84705882 0.84705882
v 7.60399800 0.00000000 -4.81048680 0.84705882 0.84705882 0.84705882
v 7.60399800 2.80000000 -4.81048680 0.84705882 0.84705882 0.84705882
f 1678 1680 1677
f 1681 1678 1677
f 1677 1680 1679
f 1679 1681 1677
f 1678 1684 1680
f 1682 1678 1681
f 1682 1684 1678
f 1680 1684 1679
f 1683 1681 1679
f 1679 1684 1683
f 1683 1682 1681
f 1684 1682 1683

o geometry_103
v 7.52899800 0.00000000 -4.88548680 0.84705882 0.84705882 0.84705882
v 7.52899800 2.80000000 -4.88548680 0.84705882 0.84705882 0.84705882
v 7.67899800 0.00000000 -4.88548680 0.84705882 0.84705882 0.84705882
v 7.67899800 2.80000000 -4.88548680 0.84705882 0.84705882 0.84705882
v 7.52899800 0.00000000 -4.66277960 0.84705882 0.84705882 0.84705882
v 7.52899800 2.80000000 -4.66277960 0.84705882 0.84705882 0.84705882
v 7.67899800 0.00000000 -4.66277960 0.84705882 0.84705882 0.84705882
v 7.67899800 2.80000000 -4.66277960 0.84705882 0.84705882 0.84705882
f 1686 1688 1685
f 1689 1686 1685
f 1685 1688 1687
f 1687 1689 1685
f 1686 1692 1688
f 1690 1686 1689
f 1690 1692 1686
f 1688 1692 1687
f 1691 1689 1687
f 1687 1692 1691
f 1691 1690 1689
f 1692 1690 1691

o geometry_104
v 7.52899800 0.00000000 -4.66277960 0.84705882 0.84705882 0.84705882
v 7.52899800 2.80000000 -4.66277960 0.84705882 0.84705882 0.84705882
v 7.67899800 0.00000000 -4.66277960 0.84705882 0.84705882 0.84705882
v 7.67899800 2.80000000 -4.66277960 0.84705882 0.84705882 0.84705882
v 7.52899800 0.00000000 -4.50540120 0.84705882 0.84705882 0.84705882
v 7.52899800 2.80000000 -4.50540120 0.84705882 0.84705882 0.84705882
v 7.67899800 0.00000000 -4.50540120 0.84705882 0.84705882 0.84705882
v 7.67899800 2.80000000 -4.50540120 0.84705882 0.84705882 0.84705882
f 1694 1696 1693
f 1697 1694 1693
f 1693 1696 1695
f 1695 1697 1693
f 1694 1700 1696
f 1698 1694 1697
f 1698 1700 1694
f 1696 1700 1695
f 1699 1697 1695
f 1695 1700 1699
f 1699 1698 1697
f 1700 1698 1699

o geometry_105
v 7.60399800 0.00000000 -4.43040120 0.84705882 0.84705882 0.84705882
v 7.60399800 2.80000000 -4.43040120 0.84705882 0.84705882 0.84705882
v 7.60399800 0.00000000 -4.58040120 0.84705882 0.84705882 0.84705882
v 7.60399800 2.80000000 -4.58040120 0.84705882 0.84705882 0.84705882
v 8.03536620 0.00000000 -4.43040120 0.84705882 0.84705882 0.84705882
v 8.03536620 2.80000000 -4.43040120 0.84705882 0.84705882 0.84705882
v 8.03536620 0.00000000 -4.58040120 0.84705882 0.84705882 0.84705882
v 8.03536620 2.80000000 -4.58040120 0.84705882 0.84705882 0.84705882
f 1702 1704 1701
f 1705 1702 1701
f 1701 1704 1703
f 1703 1705 1701
f 1702 1708 1704
f 1706 1702 1705
f 1706 1708 1702
f 1704 1708 1703
f 1707 1705 1703
f 1703 1708 1707
f 1707 1706 1705
f 1708 1706 1707

o geometry_106
v 8.09236449 0.00000000 -4.45665497 0.84705882 0.84705882 0.84705882
v 8.09236449 2.80000000 -4.45665497 0.84705882 0.84705882 0.84705882
v 7.97836791 0.00000000 -4.55414743 0.84705882 0.84705882 0.84705882
v 7.97836791 2.80000000 -4.55414743 0.84705882 0.84705882 0.84705882
v 8.18449029 0.00000000 -4.56437637 0.84705882 0.84705882 0.84705882
v 8.18449029 2.80000000 -4.56437637 0.84705882 0.84705882 0.84705882
v 8.07049371 0.00000000 -4.66186883 0.84705882 0.84705882 0.84705882
v 8.07049371 2.80000000 -4.66186883 0.84705882 0.84705882 0.84705882
f 1710 1712 1709
f 1713 1710 1709
f 1709 1712 1711
f 1711 1713 1709
f 1710 1716 1712
f 1714 1710 1713
f 1714 1716 1710
f 1712 1716 1711
f 1715 1713 1711
f 1711 1716 1715
f 1715 1714 1713
f 1716 1714 1715

o geometry_107
v 4.85762920 0.00000000 -9.03917420 0.84705882 0.84705882 0.84705882
v 4.85762920 2.80000000 -9.03917420 0.84705882 0.84705882 0.84705882
v 5.00762920 0.00000000 -9.03917420 0.84705882 0.84705882 0.84705882
v 5.00762920 2.80000000 -9.03917420 0.84705882 0.84705882 0.84705882
v 4.85762920 0.00000000 -8.25002160 0.84705882 0.84705882 0.84705882
v 4.85762920 2.80000000 -8.25002160 0.84705882 0.84705882 0.84705882
v 5.00762920 0.00000000 -8.25002160 0.84705882 0.84705882 0.84705882
v 5.00762920 2.80000000 -8.25002160 0.84705882 0.84705882 0.84705882
f 1718 1720 1717
f 1721 1718 1717
f 1717 1720 1719
f 1719 1721 1717
f 1718 1724 1720
f 1722 1718 1721
f 1722 1724 1718
f 1720 1724 1719
f 1723 1721 1719
f 1719 1724 1723
f 1723 1722 1721
f 1724 1722 1723

o geometry_108
v 4.85762920 0.00000000 -8.10000920 0.84705882 0.84705882 0.84705882
v 4.85762920 2.80000000 -8.10000920 0.84705882 0.84705882 0.84705882
v 5.00762920 0.00000000 -8.10000920 0.84705882 0.84705882 0.84705882
v 5.00762920 2.80000000 -8.10000920 0.84705882 0.84705882 0.84705882
v 4.85762920 0.00000000 -7.53999000 0.84705882 0.84705882 0.84705882
v 4.85762920 2.80000000 -7.53999000 0.84705882 0.84705882 0.84705882
v 5.00762920 0.00000000 -7.53999000 0.84705882 0.84705882 0.84705882
v 5.00762920 2.80000000 -7.53999000 0.84705882 0.84705882 0.84705882
f 1726 1728 1725
f 1729 1726 1725
f 1725 1728 1727
f 1727 1729 1725
f 1726 1732 1728
f 1730 1726 1729
f 1730 1732 1726
f 1728 1732 1727
f 1731 1729 1727
f 1727 1732 1731
f 1731 1730 1729
f 1732 1730 1731

o geometry_109
v 4.85762920 0.00000000 -7.53999000 0.84705882 0.84705882 0.84705882
v 4.85762920 2.80000000 -7.53999000 0.84705882 0.84705882 0.84705882
v 5.00762920 0.00000000 -7.53999000 0.84705882 0.84705882 0.84705882
v 5.00762920 2.80000000 -7.53999000 0.84705882 0.84705882 0.84705882
v 4.85762920 0.00000000 -6.73341300 0.84705882 0.84705882 0.84705882
v 4.85762920 2.80000000 -6.73341300 0.84705882 0.84705882 0.84705882
v 5.00762920 0.00000000 -6.73341300 0.84705882 0.84705882 0.84705882
v 5.00762920 2.80000000 -6.73341300 0.84705882 0.84705882 0.84705882
f 1734 1736 1733
f 1737 1734 1733
f 1733 1736 1735
f 1735 1737 1733
f 1734 1740 1736
f 1738 1734 1737
f 1738 1740 1734
f 1736 1740 1735
f 1739 1737 1735
f 1735 1740 1739
f 1739 1738 1737
f 1740 1738 1739

o geometry_110
v 10.36775280 0.00000000 -8.45235800 0.84705882 0.84705882 0.84705882
v 10.36775280 2.80000000 -8.45235800 0.84705882 0.84705882 0.84705882
v 10.51775280 0.00000000 -8.45235800 0.84705882 0.84705882 0.84705882
v 10.51775280 2.80000000 -8.45235800 0.84705882 0.84705882 0.84705882
v 10.36775280 0.00000000 -8.27455800 0.84705882 0.84705882 0.84705882
v 10.36775280 2.80000000 -8.27455800 0.84705882 0.84705882 0.84705882
v 10.51775280 0.00000000 -8.27455800 0.84705882 0.84705882 0.84705882
v 10.51775280 2.80000000 -8.27455800 0.84705882 0.84705882 0.84705882
f 1742 1744 1741
f 1745 1742 1741
f 1741 1744 1743
f 1743 1745 1741
f 1742 1748 1744
f 1746 1742 1745
f 1746 1748 1742
f 1744 1748 1743
f 1747 1745 1743
f 1743 1748 1747
f 1747 1746 1745
f 1748 1746 1747

o geometry_111
v 10.36775280 0.00000000 -8.27455800 0.84705882 0.84705882 0.84705882
v 10.36775280 2.80000000 -8.27455800 0.84705882 0.84705882 0.84705882
v 10.51775280 0.00000000 -8.27455800 0.84705882 0.84705882 0.84705882
v 10.51775280 2.80000000 -8.27455800 0.84705882 0.84705882 0.84705882
v 10.36775280 0.00000000 -7.66803140 0.84705882 0.84705882 0.84705882
v 10.36775280 2.80000000 -7.66803140 0.84705882 0.84705882 0.84705882
v 10.51775280 0.00000000 -7.66803140 0.84705882 0.84705882 0.84705882
v 10.51775280 2.80000000 -7.66803140 0.84705882 0.84705882 0.84705882
f 1750 1752 1749
f 1753 1750 1749
f 1749 1752 1751
f 1751 1753 1749
f 1750 1756 1752
f 1754 1750 1753
f 1754 1756 1750
f 1752 1756 1751
f 1755 1753 1751
f 1751 1756 1755
f 1755 1754 1753
f 1756 1754 1755

o geometry_112
v 10.38045280 0.00000000 -8.27455800 0.84705882 0.84705882 0.84705882
v 10.38045280 2.80000000 -8.27455800 0.84705882 0.84705882 0.84705882
v 10.53045280 0.00000000 -8.27455800 0.84705882 0.84705882 0.84705882
v 10.53045280 2.80000000 -8.27455800 0.84705882 0.84705882 0.84705882
v 10.38045280 0.00000000 -7.71248140 0.84705882 0.84705882 0.84705882
v 10.38045280 2.80000000 -7.71248140 0.84705882 0.84705882 0.84705882
v 10.53045280 0.00000000 -7.71248140 0.84705882 0.84705882 0.84705882
v 10.53045280 2.80000000 -7.71248140 0.84705882 0.84705882 0.84705882
f 1758 1760 1757
f 1761 1758 1757
f 1757 1760 1759
f 1759 1761 1757
f 1758 1764 1760
f 1762 1758 1761
f 1762 1764 1758
f 1760 1764 1759
f 1763 1761 1759
f 1759 1764 1763
f 1763 1762 1761
f 1764 1762 1763

o geometry_113
v 10.26355580 0.00000000 -10.12753260 0.84705882 0.84705882 0.84705882
v 10.26355580 2.80000000 -10.12753260 0.84705882 0.84705882 0.84705882
v 10.26355580 0.00000000 -9.97753260 0.84705882 0.84705882 0.84705882
v 10.26355580 2.80000000 -9.97753260 0.84705882 0.84705882 0.84705882
v 10.22588760 0.00000000 -10.12753260 0.84705882 0.84705882 0.84705882
v 10.22588760 2.80000000 -10.12753260 0.84705882 0.84705882 0.84705882
v 10.22588760 0.00000000 -9.97753260 0.84705882 0.84705882 0.84705882
v 10.22588760 2.80000000 -9.97753260 0.84705882 0.84705882 0.84705882
f 1766 1768 1765
f 1769 1766 1765
f 1765 1768 1767
f 1767 1769 1765
f 1766 1772 1768
f 1770 1766 1769
f 1770 1772 1766
f 1768 1772 1767
f 1771 1769 1767
f 1767 1772 1771
f 1771 1770 1769
f 1772 1770 1771

o geometry_114
v 10.22588760 0.00000000 -10.12753260 0.84705882 0.84705882 0.84705882
v 10.22588760 0.90000000 -10.12753260 0.84705882 0.84705882 0.84705882
v 10.22588760 0.00000000 -9.97753260 0.84705882 0.84705882 0.84705882
v 10.22588760 0.90000000 -9.97753260 0.84705882 0.84705882 0.84705882
v 8.66477820 0.00000000 -10.12753260 0.84705882 0.84705882 0.84705882
v 8.66477820 0.90000000 -10.12753260 0.84705882 0.84705882 0.84705882
v 8.66477820 0.00000000 -9.97753260 0.84705882 0.84705882 0.84705882
v 8.66477820 0.90000000 -9.97753260 0.84705882 0.84705882 0.84705882
f 1774 1776 1773
f 1777 1774 1773
f 1773 1776 1775
f 1775 1777 1773
f 1774 1780 1776
f 1778 1774 1777
f 1778 1780 1774
f 1776 1780 1775
f 1779 1777 1775
f 1775 1780 1779
f 1779 1778 1777
f 1780 1778 1779

o geometry_115
v 10.22588760 2.10000000 -10.12753260 0.84705882 0.84705882 0.84705882
v 10.22588760 2.80000000 -10.12753260 0.84705882 0.84705882 0.84705882
v 10.22588760 2.10000000 -9.97753260 0.84705882 0.84705882 0.84705882
v 10.22588760 2.80000000 -9.97753260 0.84705882 0.84705882 0.84705882
v 8.66477820 2.10000000 -10.12753260 0.84705882 0.84705882 0.84705882
v 8.66477820 2.80000000 -10.12753260 0.84705882 0.84705882 0.84705882
v 8.66477820 2.10000000 -9.97753260 0.84705882 0.84705882 0.84705882
v 8.66477820 2.80000000 -9.97753260 0.84705882 0.84705882 0.84705882
f 1782 1784 1781
f 1785 1782 1781
f 1781 1784 1783
f 1783 1785 1781
f 1782 1788 1784
f 1786 1782 1785
f 1786 1788 1782
f 1784 1788 1783
f 1787 1785 1783
f 1783 1788 1787
f 1787 1786 1785
f 1788 1786 1787

o geometry_116
v 10.22588760 0.90000000 -10.06253260 0.65882353 0.84313725 0.91764706
v 10.22588760 2.10000000 -10.06253260 0.65882353 0.84313725 0.91764706
v 10.22588760 0.90000000 -10.04253260 0.65882353 0.84313725 0.91764706
v 10.22588760 2.10000000 -10.04253260 0.65882353 0.84313725 0.91764706
v 8.66477820 0.90000000 -10.06253260 0.65882353 0.84313725 0.91764706
v 8.66477820 2.10000000 -10.06253260 0.65882353 0.84313725 0.91764706
v 8.66477820 0.90000000 -10.04253260 0.65882353 0.84313725 0.91764706
v 8.66477820 2.10000000 -10.04253260 0.65882353 0.84313725 0.91764706
f 1790 1792 1789
f 1793 1790 1789
f 1789 1792 1791
f 1791 1793 1789
f 1790 1796 1792
f 1794 1790 1793
f 1794 1796 1790
f 1792 1796 1791
f 1795 1793 1791
f 1791 1796 1795
f 1795 1794 1793
f 1796 1794 1795

o geometry_117
v 10.22588760 0.00000000 -10.12753260 0.84705882 0.84705882 0.84705882
v 10.22588760 0.90000000 -10.12753260 0.84705882 0.84705882 0.84705882
v 10.22588760 0.00000000 -9.97753260 0.84705882 0.84705882 0.84705882
v 10.22588760 0.90000000 -9.97753260 0.84705882 0.84705882 0.84705882
v 8.66477820 0.00000000 -10.12753260 0.84705882 0.84705882 0.84705882
v 8.66477820 0.90000000 -10.12753260 0.84705882 0.84705882 0.84705882
v 8.66477820 0.00000000 -9.97753260 0.84705882 0.84705882 0.84705882
v 8.66477820 0.90000000 -9.97753260 0.84705882 0.84705882 0.84705882
f 1798 1800 1797
f 1801 1798 1797
f 1797 1800 1799
f 1799 1801 1797
f 1798 1804 1800
f 1802 1798 1801
f 1802 1804 1798
f 1800 1804 1799
f 1803 1801 1799
f 1799 1804 1803
f 1803 1802 1801
f 1804 1802 1803

o geometry_118
v 10.22588760 2.10000000 -10.12753260 0.84705882 0.84705882 0.84705882
v 10.22588760 2.80000000 -10.12753260 0.84705882 0.84705882 0.84705882
v 10.22588760 2.10000000 -9.97753260 0.84705882 0.84705882 0.84705882
v 10.22588760 2.80000000 -9.97753260 0.84705882 0.84705882 0.84705882
v 8.66477820 2.10000000 -10.12753260 0.84705882 0.84705882 0.84705882
v 8.66477820 2.80000000 -10.12753260 0.84705882 0.84705882 0.84705882
v 8.66477820 2.10000000 -9.97753260 0.84705882 0.84705882 0.84705882
v 8.66477820 2.80000000 -9.97753260 0.84705882 0.84705882 0.84705882
f 1806 1808 1805
f 1809 1806 1805
f 1805 1808 1807
f 1807 1809 1805
f 1806 1812 1808
f 1810 1806 1809
f 1810 1812 1806
f 1808 1812 1807
f 1811 1809 1807
f 1807 1812 1811
f 1811 1810 1809
f 1812 1810 1811

o geometry_119
v 10.22588760 0.90000000 -10.06253260 0.65882353 0.84313725 0.91764706
v 10.22588760 2.10000000 -10.06253260 0.65882353 0.84313725 0.91764706
v 10.22588760 0.90000000 -10.04253260 0.65882353 0.84313725 0.91764706
v 10.22588760 2.10000000 -10.04253260 0.65882353 0.84313725 0.91764706
v 8.66477820 0.90000000 -10.06253260 0.65882353 0.84313725 0.91764706
v 8.66477820 2.10000000 -10.06253260 0.65882353 0.84313725 0.91764706
v 8.66477820 0.90000000 -10.04253260 0.65882353 0.84313725 0.91764706
v 8.66477820 2.10000000 -10.04253260 0.65882353 0.84313725 0.91764706
f 1814 1816 1813
f 1817 1814 1813
f 1813 1816 1815
f 1815 1817 1813
f 1814 1820 1816
f 1818 1814 1817
f 1818 1820 1814
f 1816 1820 1815
f 1819 1817 1815
f 1815 1820 1819
f 1819 1818 1817
f 1820 1818 1819

o geometry_120
v 10.22588760 0.00000000 -10.12753260 0.84705882 0.84705882 0.84705882
v 10.22588760 0.90000000 -10.12753260 0.84705882 0.84705882 0.84705882
v 10.22588760 0.00000000 -9.97753260 0.84705882 0.84705882 0.84705882
v 10.22588760 0.90000000 -9.97753260 0.84705882 0.84705882 0.84705882
v 8.66477820 0.00000000 -10.12753260 0.84705882 0.84705882 0.84705882
v 8.66477820 0.90000000 -10.12753260 0.84705882 0.84705882 0.84705882
v 8.66477820 0.00000000 -9.97753260 0.84705882 0.84705882 0.84705882
v 8.66477820 0.90000000 -9.97753260 0.84705882 0.84705882 0.84705882
f 1822 1824 1821
f 1825 1822 1821
f 1821 1824 1823
f 1823 1825 1821
f 1822 1828 1824
f 1826 1822 1825
f 1826 1828 1822
f 1824 1828 1823
f 1827 1825 1823
f 1823 1828 1827
f 1827 1826 1825
f 1828 1826 1827

o geometry_121
v 10.22588760 2.10000000 -10.12753260 0.84705882 0.84705882 0.84705882
v 10.22588760 2.80000000 -10.12753260 0.84705882 0.84705882 0.84705882
v 10.22588760 2.10000000 -9.97753260 0.84705882 0.84705882 0.84705882
v 10.22588760 2.80000000 -9.97753260 0.84705882 0.84705882 0.84705882
v 8.66477820 2.10000000 -10.12753260 0.84705882 0.84705882 0.84705882
v 8.66477820 2.80000000 -10.12753260 0.84705882 0.84705882 0.84705882
v 8.66477820 2.10000000 -9.97753260 0.84705882 0.84705882 0.84705882
v 8.66477820 2.80000000 -9.97753260 0.84705882 0.84705882 0.84705882
f 1830 1832 1829
f 1833 1830 1829
f 1829 1832 1831
f 1831 1833 1829
f 1830 1836 1832
f 1834 1830 1833
f 1834 1836 1830
f 1832 1836 1831
f 1835 1833 1831
f 1831 1836 1835
f 1835 1834 1833
f 1836 1834 1835

o geometry_122
v 10.22588760 0.90000000 -10.06253260 0.65882353 0.84313725 0.91764706
v 10.22588760 2.10000000 -10.06253260 0.65882353 0.84313725 0.91764706
v 10.22588760 0.90000000 -10.04253260 0.65882353 0.84313725 0.91764706
v 10.22588760 2.10000000 -10.04253260 0.65882353 0.84313725 0.91764706
v 8.66477820 0.90000000 -10.06253260 0.65882353 0.84313725 0.91764706
v 8.66477820 2.10000000 -10.06253260 0.65882353 0.84313725 0.91764706
v 8.66477820 0.90000000 -10.04253260 0.65882353 0.84313725 0.91764706
v 8.66477820 2.10000000 -10.04253260 0.65882353 0.84313725 0.91764706
f 1838 1840 1837
f 1841 1838 1837
f 1837 1840 1839
f 1839 1841 1837
f 1838 1844 1840
f 1842 1838 1841
f 1842 1844 1838
f 1840 1844 1839
f 1843 1841 1839
f 1839 1844 1843
f 1843 1842 1841
f 1844 1842 1843

o geometry_123
v 8.66477820 0.00000000 -10.12753260 0.84705882 0.84705882 0.84705882
v 8.66477820 2.80000000 -10.12753260 0.84705882 0.84705882 0.84705882
v 8.66477820 0.00000000 -9.97753260 0.84705882 0.84705882 0.84705882
v 8.66477820 2.80000000 -9.97753260 0.84705882 0.84705882 0.84705882
v 8.38537820 0.00000000 -10.12753260 0.84705882 0.84705882 0.84705882
v 8.38537820 2.80000000 -10.12753260 0.84705882 0.84705882 0.84705882
v 8.38537820 0.00000000 -9.97753260 0.84705882 0.84705882 0.84705882
v 8.38537820 2.80000000 -9.97753260 0.84705882 0.84705882 0.84705882
f 1846 1848 1845
f 1849 1846 1845
f 1845 1848 1847
f 1847 1849 1845
f 1846 1852 1848
f 1850 1846 1849
f 1850 1852 1846
f 1848 1852 1847
f 1851 1849 1847
f 1847 1852 1851
f 1851 1850 1849
f 1852 1850 1851

o geometry_124
v 10.49355280 0.00000000 -6.79660200 0.84705882 0.84705882 0.84705882
v 10.49355280 2.80000000 -6.79660200 0.84705882 0.84705882 0.84705882
v 10.49355280 0.00000000 -6.64660200 0.84705882 0.84705882 0.84705882
v 10.49355280 2.80000000 -6.64660200 0.84705882 0.84705882 0.84705882
v 10.03635280 0.00000000 -6.79660200 0.84705882 0.84705882 0.84705882
v 10.03635280 2.80000000 -6.79660200 0.84705882 0.84705882 0.84705882
v 10.03635280 0.00000000 -6.64660200 0.84705882 0.84705882 0.84705882
v 10.03635280 2.80000000 -6.64660200 0.84705882 0.84705882 0.84705882
f 1854 1856 1853
f 1857 1854 1853
f 1853 1856 1855
f 1855 1857 1853
f 1854 1860 1856
f 1858 1854 1857
f 1858 1860 1854
f 1856 1860 1855
f 1859 1857 1855
f 1855 1860 1859
f 1859 1858 1857
f 1860 1858 1859

o geometry_125
v 10.11135280 0.00000000 -6.72160200 0.84705882 0.84705882 0.84705882
v 10.11135280 2.80000000 -6.72160200 0.84705882 0.84705882 0.84705882
v 9.96135280 0.00000000 -6.72160200 0.84705882 0.84705882 0.84705882
v 9.96135280 2.80000000 -6.72160200 0.84705882 0.84705882 0.84705882
v 10.11135280 0.00000000 -6.95332620 0.84705882 0.84705882 0.84705882
v 10.11135280 2.80000000 -6.95332620 0.84705882 0.84705882 0.84705882
v 9.96135280 0.00000000 -6.95332620 0.84705882 0.84705882 0.84705882
v 9.96135280 2.80000000 -6.95332620 0.84705882 0.84705882 0.84705882
f 1862 1864 1861
f 1865 1862 1861
f 1861 1864 1863
f 1863 1865 1861
f 1862 1868 1864
f 1866 1862 1865
f 1866 1868 1862
f 1864 1868 1863
f 1867 1865 1863
f 1863 1868 1867
f 1867 1866 1865
f 1868 1866 1867

o geometry_126
v 10.11135280 0.00000000 -6.95332620 0.84705882 0.84705882 0.84705882
v 10.11135280 2.80000000 -6.95332620 0.84705882 0.84705882 0.84705882
v 9.96135280 0.00000000 -6.95332620 0.84705882 0.84705882 0.84705882
v 9.96135280 2.80000000 -6.95332620 0.84705882 0.84705882 0.84705882
v 10.11135280 0.00000000 -7.10084940 0.84705882 0.84705882 0.84705882
v 10.11135280 2.80000000 -7.10084940 0.84705882 0.84705882 0.84705882
v 9.96135280 0.00000000 -7.10084940 0.84705882 0.84705882 0.84705882
v 9.96135280 2.80000000 -7.10084940 0.84705882 0.84705882 0.84705882
f 1870 1872 1869
f 1873 1870 1869
f 1869 1872 1871
f 1871 1873 1869
f 1870 1876 1872
f 1874 1870 1873
f 1874 1876 1870
f 1872 1876 1871
f 1875 1873 1871
f 1871 1876 1875
f 1875 1874 1873
f 1876 1874 1875

o geometry_127
v 10.11135280 0.00000000 -7.10084940 0.84705882 0.84705882 0.84705882
v 10.11135280 2.80000000 -7.10084940 0.84705882 0.84705882 0.84705882
v 9.96135280 0.00000000 -7.10084940 0.84705882 0.84705882 0.84705882
v 9.96135280 2.80000000 -7.10084940 0.84705882 0.84705882 0.84705882
v 10.11135280 0.00000000 -7.20244940 0.84705882 0.84705882 0.84705882
v 10.11135280 2.80000000 -7.20244940 0.84705882 0.84705882 0.84705882
v 9.96135280 0.00000000 -7.20244940 0.84705882 0.84705882 0.84705882
v 9.96135280 2.80000000 -7.20244940 0.84705882 0.84705882 0.84705882
f 1878 1880 1877
f 1881 1878 1877
f 1877 1880 1879
f 1879 1881 1877
f 1878 1884 1880
f 1882 1878 1881
f 1882 1884 1878
f 1880 1884 1879
f 1883 1881 1879
f 1879 1884 1883
f 1883 1882 1881
f 1884 1882 1883

o geometry_128
v 10.11135280 0.00000000 -7.20244940 0.84705882 0.84705882 0.84705882
v 10.11135280 2.80000000 -7.20244940 0.84705882 0.84705882 0.84705882
v 9.96135280 0.00000000 -7.20244940 0.84705882 0.84705882 0.84705882
v 9.96135280 2.80000000 -7.20244940 0.84705882 0.84705882 0.84705882
v 10.11135280 0.00000000 -7.66803140 0.84705882 0.84705882 0.84705882
v 10.11135280 2.80000000 -7.66803140 0.84705882 0.84705882 0.84705882
v 9.96135280 0.00000000 -7.66803140 0.84705882 0.84705882 0.84705882
v 9.96135280 2.80000000 -7.66803140 0.84705882 0.84705882 0.84705882
f 1886 1888 1885
f 1889 1886 1885
f 1885 1888 1887
f 1887 1889 1885
f 1886 1892 1888
f 1890 1886 1889
f 1890 1892 1886
f 1888 1892 1887
f 1891 1889 1887
f 1887 1892 1891
f 1891 1890 1889
f 1892 1890 1891

o geometry_129
v 9.96135280 0.00000000 -8.27455800 0.84705882 0.84705882 0.84705882
v 9.96135280 2.80000000 -8.27455800 0.84705882 0.84705882 0.84705882
v 10.11135280 0.00000000 -8.27455800 0.84705882 0.84705882 0.84705882
v 10.11135280 2.80000000 -8.27455800 0.84705882 0.84705882 0.84705882
v 9.96135280 0.00000000 -7.67499100 0.84705882 0.84705882 0.84705882
v 9.96135280 2.80000000 -7.67499100 0.84705882 0.84705882 0.84705882
v 10.11135280 0.00000000 -7.67499100 0.84705882 0.84705882 0.84705882
v 10.11135280 2.80000000 -7.67499100 0.84705882 0.84705882 0.84705882
f 1894 1896 1893
f 1897 1894 1893
f 1893 1896 1895
f 1895 1897 1893
f 1894 1900 1896
f 1898 1894 1897
f 1898 1900 1894
f 1896 1900 1895
f 1899 1897 1895
f 1895 1900 1899
f 1899 1898 1897
f 1900 1898 1899

o geometry_130
v 10.41855280 0.00000000 -7.20244940 0.84705882 0.84705882 0.84705882
v 10.41855280 2.80000000 -7.20244940 0.84705882 0.84705882 0.84705882
v 10.56855280 0.00000000 -7.20244940 0.84705882 0.84705882 0.84705882
v 10.56855280 2.80000000 -7.20244940 0.84705882 0.84705882 0.84705882
v 10.41855280 0.00000000 -6.72160200 0.84705882 0.84705882 0.84705882
v 10.41855280 2.80000000 -6.72160200 0.84705882 0.84705882 0.84705882
v 10.56855280 0.00000000 -6.72160200 0.84705882 0.84705882 0.84705882
v 10.56855280 2.80000000 -6.72160200 0.84705882 0.84705882 0.84705882
f 1902 1904 1901
f 1905 1902 1901
f 1901 1904 1903
f 1903 1905 1901
f 1902 1908 1904
f 1906 1902 1905
f 1906 1908 1902
f 1904 1908 1903
f 1907 1905 1903
f 1903 1908 1907
f 1907 1906 1905
f 1908 1906 1907

o geometry_131
v 7.52699157 0.00000000 -5.60241971 0.84705882 0.84705882 0.84705882
v 7.52699157 2.80000000 -5.60241971 0.84705882 0.84705882 0.84705882
v 7.67699123 0.00000000 -5.60273949 0.84705882 0.84705882 0.84705882
v 7.67699123 2.80000000 -5.60273949 0.84705882 0.84705882 0.84705882
v 7.52803297 0.00000000 -5.11392691 0.84705882 0.84705882 0.84705882
v 7.52803297 2.80000000 -5.11392691 0.84705882 0.84705882 0.84705882
v 7.67803263 0.00000000 -5.11424669 0.84705882 0.84705882 0.84705882
v 7.67803263 2.80000000 -5.11424669 0.84705882 0.84705882 0.84705882
f 1910 1912 1909
f 1913 1910 1909
f 1909 1912 1911
f 1911 1913 1909
f 1910 1916 1912
f 1914 1910 1913
f 1914 1916 1910
f 1912 1916 1911
f 1915 1913 1911
f 1911 1916 1915
f 1915 1914 1913
f 1916 1914 1915

o geometry_132
v 7.52803297 0.00000000 -5.11392640 0.84705882 0.84705882 0.84705882
v 7.52803297 2.80000000 -5.11392640 0.84705882 0.84705882 0.84705882
v 7.67803263 0.00000000 -5.11424720 0.84705882 0.84705882 0.84705882
v 7.67803263 2.80000000 -5.11424720 0.84705882 0.84705882 0.84705882
v 7.52899817 0.00000000 -4.66261920 0.84705882 0.84705882 0.84705882
v 7.52899817 2.80000000 -4.66261920 0.84705882 0.84705882 0.84705882
v 7.67899783 0.00000000 -4.66294000 0.84705882 0.84705882 0.84705882
v 7.67899783 2.80000000 -4.66294000 0.84705882 0.84705882 0.84705882
f 1918 1920 1917
f 1921 1918 1917
f 1917 1920 1919
f 1919 1921 1917
f 1918 1924 1920
f 1922 1918 1921
f 1922 1924 1918
f 1920 1924 1919
f 1923 1921 1919
f 1919 1924 1923
f 1923 1922 1921
f 1924 1922 1923

o geometry_133
v 9.12519780 0.00000000 -3.37558380 0.84705882 0.84705882 0.84705882
v 9.12519780 2.80000000 -3.37558380 0.84705882 0.84705882 0.84705882
v 8.97519780 0.00000000 -3.37558380 0.84705882 0.84705882 0.84705882
v 8.97519780 2.80000000 -3.37558380 0.84705882 0.84705882 0.84705882
v 9.12519780 0.00000000 -4.84057960 0.84705882 0.84705882 0.84705882
v 9.12519780 2.80000000 -4.84057960 0.84705882 0.84705882 0.84705882
v 8.97519780 0.00000000 -4.84057960 0.84705882 0.84705882 0.84705882
v 8.97519780 2.80000000 -4.84057960 0.84705882 0.84705882 0.84705882
f 1926 1928 1925
f 1929 1926 1925
f 1925 1928 1927
f 1927 1929 1925
f 1926 1932 1928
f 1930 1926 1929
f 1930 1932 1926
f 1928 1932 1927
f 1931 1929 1927
f 1927 1932 1931
f 1931 1930 1929
f 1932 1930 1931

o geometry_134
v 9.05019780 0.00000000 -4.91557960 0.84705882 0.84705882 0.84705882
v 9.05019780 2.80000000 -4.91557960 0.84705882 0.84705882 0.84705882
v 9.05019780 0.00000000 -4.76557960 0.84705882 0.84705882 0.84705882
v 9.05019780 2.80000000 -4.76557960 0.84705882 0.84705882 0.84705882
v 8.97846820 0.00000000 -4.91557960 0.84705882 0.84705882 0.84705882
v 8.97846820 2.80000000 -4.91557960 0.84705882 0.84705882 0.84705882
v 8.97846820 0.00000000 -4.76557960 0.84705882 0.84705882 0.84705882
v 8.97846820 2.80000000 -4.76557960 0.84705882 0.84705882 0.84705882
f 1934 1936 1933
f 1937 1934 1933
f 1933 1936 1935
f 1935 1937 1933
f 1934 1940 1936
f 1938 1934 1937
f 1938 1940 1934
f 1936 1940 1935
f 1939 1937 1935
f 1935 1940 1939
f 1939 1938 1937
f 1940 1938 1939

o geometry_135
v 8.97846820 0.00000000 -4.91557960 0.84705882 0.84705882 0.84705882
v 8.97846820 2.80000000 -4.91557960 0.84705882 0.84705882 0.84705882
v 8.97846820 0.00000000 -4.76557960 0.84705882 0.84705882 0.84705882
v 8.97846820 2.80000000 -4.76557960 0.84705882 0.84705882 0.84705882
v 8.95019800 0.00000000 -4.91557960 0.84705882 0.84705882 0.84705882
v 8.95019800 2.80000000 -4.91557960 0.84705882 0.84705882 0.84705882
v 8.95019800 0.00000000 -4.76557960 0.84705882 0.84705882 0.84705882
v 8.95019800 2.80000000 -4.76557960 0.84705882 0.84705882 0.84705882
f 1942 1944 1941
f 1945 1942 1941
f 1941 1944 1943
f 1943 1945 1941
f 1942 1948 1944
f 1946 1942 1945
f 1946 1948 1942
f 1944 1948 1943
f 1947 1945 1943
f 1943 1948 1947
f 1947 1946 1945
f 1948 1946 1947

o geometry_136
v 8.87519800 0.00000000 -4.84058306 0.84705882 0.84705882 0.84705882
v 8.87519800 2.80000000 -4.84058306 0.84705882 0.84705882 0.84705882
v 9.02519800 0.00000000 -4.84057614 0.84705882 0.84705882 0.84705882
v 9.02519800 2.80000000 -4.84057614 0.84705882 0.84705882 0.84705882
v 8.87517260 0.00000000 -4.28996186 0.84705882 0.84705882 0.84705882
v 8.87517260 2.80000000 -4.28996186 0.84705882 0.84705882 0.84705882
v 9.02517260 0.00000000 -4.28995494 0.84705882 0.84705882 0.84705882
v 9.02517260 2.80000000 -4.28995494 0.84705882 0.84705882 0.84705882
f 1950 1952 1949
f 1953 1950 1949
f 1949 1952 1951
f 1951 1953 1949
f 1950 1956 1952
f 1954 1950 1953
f 1954 1956 1950
f 1952 1956 1951
f 1955 1953 1951
f 1951 1956 1955
f 1955 1954 1953
f 1956 1954 1955

o geometry_137
v 8.87517260 0.00000000 -4.28996048 0.84705882 0.84705882 0.84705882
v 8.87517260 2.80000000 -4.28996048 0.84705882 0.84705882 0.84705882
v 9.02517260 0.00000000 -4.28995632 0.84705882 0.84705882 0.84705882
v 9.02517260 2.80000000 -4.28995632 0.84705882 0.84705882 0.84705882
v 8.87514720 0.00000000 -3.37556048 0.84705882 0.84705882 0.84705882
v 8.87514720 2.80000000 -3.37556048 0.84705882 0.84705882 0.84705882
v 9.02514720 0.00000000 -3.37555632 0.84705882 0.84705882 0.84705882
v 9.02514720 2.80000000 -3.37555632 0.84705882 0.84705882 0.84705882
f 1958 1960 1957
f 1961 1958 1957
f 1957 1960 1959
f 1959 1961 1957
f 1958 1964 1960
f 1962 1958 1961
f 1962 1964 1958
f 1960 1964 1959
f 1963 1961 1959
f 1959 1964 1963
f 1963 1962 1961
f 1964 1962 1963

o geometry_138
v 10.03635280 0.00000000 -7.02832620 0.84705882 0.84705882 0.84705882
v 10.03635280 2.80000000 -7.02832620 0.84705882 0.84705882 0.84705882
v 10.03635280 0.00000000 -6.87832620 0.84705882 0.84705882 0.84705882
v 10.03635280 2.80000000 -6.87832620 0.84705882 0.84705882 0.84705882
v 9.12522940 0.00000000 -7.02832620 0.84705882 0.84705882 0.84705882
v 9.12522940 2.80000000 -7.02832620 0.84705882 0.84705882 0.84705882
v 9.12522940 0.00000000 -6.87832620 0.84705882 0.84705882 0.84705882
v 9.12522940 2.80000000 -6.87832620 0.84705882 0.84705882 0.84705882
f 1966 1968 1965
f 1969 1966 1965
f 1965 1968 1967
f 1967 1969 1965
f 1966 1972 1968
f 1970 1966 1969
f 1970 1972 1966
f 1968 1972 1967
f 1971 1969 1967
f 1967 1972 1971
f 1971 1970 1969
f 1972 1970 1971

o geometry_139
v 9.09982940 0.00000000 -7.02832620 0.84705882 0.84705882 0.84705882
v 9.09982940 2.80000000 -7.02832620 0.84705882 0.84705882 0.84705882
v 9.09982940 0.00000000 -6.87832620 0.84705882 0.84705882 0.84705882
v 9.09982940 2.80000000 -6.87832620 0.84705882 0.84705882 0.84705882
v 8.56330520 0.00000000 -7.02832620 0.84705882 0.84705882 0.84705882
v 8.56330520 2.80000000 -7.02832620 0.84705882 0.84705882 0.84705882
v 8.56330520 0.00000000 -6.87832620 0.84705882 0.84705882 0.84705882
v 8.56330520 2.80000000 -6.87832620 0.84705882 0.84705882 0.84705882
f 1974 1976 1973
f 1977 1974 1973
f 1973 1976 1975
f 1975 1977 1973
f 1974 1980 1976
f 1978 1974 1977
f 1978 1980 1974
f 1976 1980 1975
f 1979 1977 1975
f 1975 1980 1979
f 1979 1978 1977
f 1980 1978 1979

o geometry_140
v 4.87032920 0.00000000 -9.03917420 0.84705882 0.84705882 0.84705882
v 4.87032920 2.80000000 -9.03917420 0.84705882 0.84705882 0.84705882
v 5.02032920 0.00000000 -9.03917420 0.84705882 0.84705882 0.84705882
v 5.02032920 2.80000000 -9.03917420 0.84705882 0.84705882 0.84705882
v 4.87032920 0.00000000 -8.25002160 0.84705882 0.84705882 0.84705882
v 4.87032920 2.80000000 -8.25002160 0.84705882 0.84705882 0.84705882
v 5.02032920 0.00000000 -8.25002160 0.84705882 0.84705882 0.84705882
v 5.02032920 2.80000000 -8.25002160 0.84705882 0.84705882 0.84705882
f 1982 1984 1981
f 1985 1982 1981
f 1981 1984 1983
f 1983 1985 1981
f 1982 1988 1984
f 1986 1982 1985
f 1986 1988 1982
f 1984 1988 1983
f 1987 1985 1983
f 1983 1988 1987
f 1987 1986 1985
f 1988 1986 1987

o geometry_141
v 2.03165060 0.00000000 -7.31271080 0.84705882 0.84705882 0.84705882
v 2.03165060 2.80000000 -7.31271080 0.84705882 0.84705882 0.84705882
v 2.18165060 0.00000000 -7.31271080 0.84705882 0.84705882 0.84705882
v 2.18165060 2.80000000 -7.31271080 0.84705882 0.84705882 0.84705882
v 2.03165060 0.00000000 -5.57377600 0.84705882 0.84705882 0.84705882
v 2.03165060 2.80000000 -5.57377600 0.84705882 0.84705882 0.84705882
v 2.18165060 0.00000000 -5.57377600 0.84705882 0.84705882 0.84705882
v 2.18165060 2.80000000 -5.57377600 0.84705882 0.84705882 0.84705882
f 1990 1992 1989
f 1993 1990 1989
f 1989 1992 1991
f 1991 1993 1989
f 1990 1996 1992
f 1994 1990 1993
f 1994 1996 1990
f 1992 1996 1991
f 1995 1993 1991
f 1991 1996 1995
f 1995 1994 1993
f 1996 1994 1995

o geometry_142
v 2.33850180 0.00000000 -5.39572820 0.84705882 0.84705882 0.84705882
v 2.33850180 2.80000000 -5.39572820 0.84705882 0.84705882 0.84705882
v 2.33850180 0.00000000 -5.54572820 0.84705882 0.84705882 0.84705882
v 2.33850180 2.80000000 -5.54572820 0.84705882 0.84705882 0.84705882
v 2.89565080 0.00000000 -5.39572820 0.84705882 0.84705882 0.84705882
v 2.89565080 2.80000000 -5.39572820 0.84705882 0.84705882 0.84705882
v 2.89565080 0.00000000 -5.54572820 0.84705882 0.84705882 0.84705882
v 2.89565080 2.80000000 -5.54572820 0.84705882 0.84705882 0.84705882
f 1998 2000 1997
f 2001 1998 1997
f 1997 2000 1999
f 1999 2001 1997
f 1998 2004 2000
f 2002 1998 2001
f 2002 2004 1998
f 2000 2004 1999
f 2003 2001 1999
f 1999 2004 2003
f 2003 2002 2001
f 2004 2002 2003

o geometry_143
v 3.07369860 0.00000000 -5.57377600 0.84705882 0.84705882 0.84705882
v 3.07369860 2.80000000 -5.57377600 0.84705882 0.84705882 0.84705882
v 2.92369860 0.00000000 -5.57377600 0.84705882 0.84705882 0.84705882
v 2.92369860 2.80000000 -5.57377600 0.84705882 0.84705882 0.84705882
v 3.07369860 0.00000000 -7.01362580 0.84705882 0.84705882 0.84705882
v 3.07369860 2.80000000 -7.01362580 0.84705882 0.84705882 0.84705882
v 2.92369860 0.00000000 -7.01362580 0.84705882 0.84705882 0.84705882
v 2.92369860 2.80000000 -7.01362580 0.84705882 0.84705882 0.84705882
f 2006 2008 2005
f 2009 2006 2005
f 2005 2008 2007
f 2007 2009 2005
f 2006 2012 2008
f 2010 2006 2009
f 2010 2012 2006
f 2008 2012 2007
f 2011 2009 2007
f 2007 2012 2011
f 2011 2010 2009
f 2012 2010 2011

o geometry_144
v 2.18165060 0.00000000 -7.31271080 0.84705882 0.84705882 0.84705882
v 2.18165060 2.80000000 -7.31271080 0.84705882 0.84705882 0.84705882
v 2.03165060 0.00000000 -7.31271080 0.84705882 0.84705882 0.84705882
v 2.03165060 2.80000000 -7.31271080 0.84705882 0.84705882 0.84705882
v 2.18165060 0.00000000 -7.39399080 0.84705882 0.84705882 0.84705882
v 2.18165060 2.80000000 -7.39399080 0.84705882 0.84705882 0.84705882
v 2.03165060 0.00000000 -7.39399080 0.84705882 0.84705882 0.84705882
v 2.03165060 2.80000000 -7.39399080 0.84705882 0.84705882 0.84705882
f 2014 2016 2013
f 2017 2014 2013
f 2013 2016 2015
f 2015 2017 2013
f 2014 2020 2016
f 2018 2014 2017
f 2018 2020 2014
f 2016 2020 2015
f 2019 2017 2015
f 2015 2020 2019
f 2019 2018 2017
f 2020 2018 2019

o geometry_145
v 2.25894280 0.00000000 -5.62528720 0.84705882 0.84705882 0.84705882
v 2.25894280 2.80000000 -5.62528720 0.84705882 0.84705882 0.84705882
v 2.10894280 0.00000000 -5.62528720 0.84705882 0.84705882 0.84705882
v 2.10894280 2.80000000 -5.62528720 0.84705882 0.84705882 0.84705882
v 2.25894280 0.00000000 -7.39399080 0.84705882 0.84705882 0.84705882
v 2.25894280 2.80000000 -7.39399080 0.84705882 0.84705882 0.84705882
v 2.10894280 0.00000000 -7.39399080 0.84705882 0.84705882 0.84705882
v 2.10894280 2.80000000 -7.39399080 0.84705882 0.84705882 0.84705882
f 2022 2024 2021
f 2025 2022 2021
f 2021 2024 2023
f 2023 2025 2021
f 2022 2028 2024
f 2026 2022 2025
f 2026 2028 2022
f 2024 2028 2023
f 2027 2025 2023
f 2023 2028 2027
f 2027 2026 2025
f 2028 2026 2027

o geometry_146
v 2.15052260 0.00000000 -8.97973820 0.84705882 0.84705882 0.84705882
v 2.15052260 2.80000000 -8.97973820 0.84705882 0.84705882 0.84705882
v 2.30052260 0.00000000 -8.97973820 0.84705882 0.84705882 0.84705882
v 2.30052260 2.80000000 -8.97973820 0.84705882 0.84705882 0.84705882
v 2.15052260 0.00000000 -8.38151740 0.84705882 0.84705882 0.84705882
v 2.15052260 2.80000000 -8.38151740 0.84705882 0.84705882 0.84705882
v 2.30052260 0.00000000 -8.38151740 0.84705882 0.84705882 0.84705882
v 2.30052260 2.80000000 -8.38151740 0.84705882 0.84705882 0.84705882
f 2030 2032 2029
f 2033 2030 2029
f 2029 2032 2031
f 2031 2033 2029
f 2030 2036 2032
f 2034 2030 2033
f 2034 2036 2030
f 2032 2036 2031
f 2035 2033 2031
f 2031 2036 2035
f 2035 2034 2033
f 2036 2034 2035

o geometry_147
v 2.13064740 0.00000000 -8.38151740 0.84705882 0.84705882 0.84705882
v 2.13064740 2.80000000 -8.38151740 0.84705882 0.84705882 0.84705882
v 1.98064740 0.00000000 -8.38151740 0.84705882 0.84705882 0.84705882
v 1.98064740 2.80000000 -8.38151740 0.84705882 0.84705882 0.84705882
v 2.13064740 0.00000000 -8.97973820 0.84705882 0.84705882 0.84705882
v 2.13064740 2.80000000 -8.97973820 0.84705882 0.84705882 0.84705882
v 1.98064740 0.00000000 -8.97973820 0.84705882 0.84705882 0.84705882
v 1.98064740 2.80000000 -8.97973820 0.84705882 0.84705882 0.84705882
f 2038 2040 2037
f 2041 2038 2037
f 2037 2040 2039
f 2039 2041 2037
f 2038 2044 2040
f 2042 2038 2041
f 2042 2044 2038
f 2040 2044 2039
f 2043 2041 2039
f 2039 2044 2043
f 2043 2042 2041
f 2044 2042 2043

o geometry_148
v 3.23687440 0.00000000 -2.38378380 0.84705882 0.84705882 0.84705882
v 3.23687440 2.80000000 -2.38378380 0.84705882 0.84705882 0.84705882
v 3.23687440 0.00000000 -2.23378380 0.84705882 0.84705882 0.84705882
v 3.23687440 2.80000000 -2.23378380 0.84705882 0.84705882 0.84705882
v 3.22412360 0.00000000 -2.38378380 0.84705882 0.84705882 0.84705882
v 3.22412360 2.80000000 -2.38378380 0.84705882 0.84705882 0.84705882
v 3.22412360 0.00000000 -2.23378380 0.84705882 0.84705882 0.84705882
v 3.22412360 2.80000000 -2.23378380 0.84705882 0.84705882 0.84705882
f 2046 2048 2045
f 2049 2046 2045
f 2045 2048 2047
f 2047 2049 2045
f 2046 2052 2048
f 2050 2046 2049
f 2050 2052 2046
f 2048 2052 2047
f 2051 2049 2047
f 2047 2052 2051
f 2051 2050 2049
f 2052 2050 2051

o geometry_149
v 2.03344780 0.00000000 -2.24965880 0.84705882 0.84705882 0.84705882
v 2.03344780 2.80000000 -2.24965880 0.84705882 0.84705882 0.84705882
v 2.03344780 0.00000000 -2.39965880 0.84705882 0.84705882 0.84705882
v 2.03344780 2.80000000 -2.39965880 0.84705882 0.84705882 0.84705882
v 3.23687440 0.00000000 -2.24965880 0.84705882 0.84705882 0.84705882
v 3.23687440 2.80000000 -2.24965880 0.84705882 0.84705882 0.84705882
v 3.23687440 0.00000000 -2.39965880 0.84705882 0.84705882 0.84705882
v 3.23687440 2.80000000 -2.39965880 0.84705882 0.84705882 0.84705882
f 2054 2056 2053
f 2057 2054 2053
f 2053 2056 2055
f 2055 2057 2053
f 2054 2060 2056
f 2058 2054 2057
f 2058 2060 2054
f 2056 2060 2055
f 2059 2057 2055
f 2055 2060 2059
f 2059 2058 2057
f 2060 2058 2059

o geometry_150
v 5.82041620 0.00000000 -9.07821400 0.84705882 0.84705882 0.84705882
v 5.82041620 2.80000000 -9.07821400 0.84705882 0.84705882 0.84705882
v 5.97041620 0.00000000 -9.07821400 0.84705882 0.84705882 0.84705882
v 5.97041620 2.80000000 -9.07821400 0.84705882 0.84705882 0.84705882
v 5.82041620 0.00000000 -8.53346020 0.84705882 0.84705882 0.84705882
v 5.82041620 2.80000000 -8.53346020 0.84705882 0.84705882 0.84705882
v 5.97041620 0.00000000 -8.53346020 0.84705882 0.84705882 0.84705882
v 5.97041620 2.80000000 -8.53346020 0.84705882 0.84705882 0.84705882
f 2062 2064 2061
f 2065 2062 2061
f 2061 2064 2063
f 2063 2065 2061
f 2062 2068 2064
f 2066 2062 2065
f 2066 2068 2062
f 2064 2068 2063
f 2067 2065 2063
f 2063 2068 2067
f 2067 2066 2065
f 2068 2066 2067

o geometry_151
v 12.00630060 0.00000000 -4.52730220 0.84705882 0.84705882 0.84705882
v 12.00630060 2.80000000 -4.52730220 0.84705882 0.84705882 0.84705882
v 12.00630060 0.00000000 -4.67730220 0.84705882 0.84705882 0.84705882
v 12.00630060 2.80000000 -4.67730220 0.84705882 0.84705882 0.84705882
v 12.47919780 0.00000000 -4.52730220 0.84705882 0.84705882 0.84705882
v 12.47919780 2.80000000 -4.52730220 0.84705882 0.84705882 0.84705882
v 12.47919780 0.00000000 -4.67730220 0.84705882 0.84705882 0.84705882
v 12.47919780 2.80000000 -4.67730220 0.84705882 0.84705882 0.84705882
f 2070 2072 2069
f 2073 2070 2069
f 2069 2072 2071
f 2071 2073 2069
f 2070 2076 2072
f 2074 2070 2073
f 2074 2076 2070
f 2072 2076 2071
f 2075 2073 2071
f 2071 2076 2075
f 2075 2074 2073
f 2076 2074 2075

o geometry_152
v 12.00630060 0.00000000 -4.55270220 0.84705882 0.84705882 0.84705882
v 12.00630060 2.80000000 -4.55270220 0.84705882 0.84705882 0.84705882
v 12.00630060 0.00000000 -4.70270220 0.84705882 0.84705882 0.84705882
v 12.00630060 2.80000000 -4.70270220 0.84705882 0.84705882 0.84705882
v 12.47919780 0.00000000 -4.55270220 0.84705882 0.84705882 0.84705882
v 12.47919780 2.80000000 -4.55270220 0.84705882 0.84705882 0.84705882
v 12.47919780 0.00000000 -4.70270220 0.84705882 0.84705882 0.84705882
v 12.47919780 2.80000000 -4.70270220 0.84705882 0.84705882 0.84705882
f 2078 2080 2077
f 2081 2078 2077
f 2077 2080 2079
f 2079 2081 2077
f 2078 2084 2080
f 2082 2078 2081
f 2082 2084 2078
f 2080 2084 2079
f 2083 2081 2079
f 2079 2084 2083
f 2083 2082 2081
f 2084 2082 2083

o geometry_153
v 9.54768220 0.00000000 -3.34335740 0.84705882 0.84705882 0.84705882
v 9.54768220 2.80000000 -3.34335740 0.84705882 0.84705882 0.84705882
v 9.54768220 0.00000000 -3.49335740 0.84705882 0.84705882 0.84705882
v 9.54768220 2.80000000 -3.49335740 0.84705882 0.84705882 0.84705882
v 11.92933860 0.00000000 -3.34335740 0.84705882 0.84705882 0.84705882
v 11.92933860 2.80000000 -3.34335740 0.84705882 0.84705882 0.84705882
v 11.92933860 0.00000000 -3.49335740 0.84705882 0.84705882 0.84705882
v 11.92933860 2.80000000 -3.49335740 0.84705882 0.84705882 0.84705882
f 2086 2088 2085
f 2089 2086 2085
f 2085 2088 2087
f 2087 2089 2085
f 2086 2092 2088
f 2090 2086 2089
f 2090 2092 2086
f 2088 2092 2087
f 2091 2089 2087
f 2087 2092 2091
f 2091 2090 2089
f 2092 2090 2091

o geometry_154
v 11.92933860 2.10000000 -3.59523680 0.84705882 0.84705882 0.84705882
v 11.92933860 2.80000000 -3.59523680 0.84705882 0.84705882 0.84705882
v 11.92933860 2.10000000 -3.44523680 0.84705882 0.84705882 0.84705882
v 11.92933860 2.80000000 -3.44523680 0.84705882 0.84705882 0.84705882
v 11.10588240 2.10000000 -3.59523680 0.84705882 0.84705882 0.84705882
v 11.10588240 2.80000000 -3.59523680 0.84705882 0.84705882 0.84705882
v 11.10588240 2.10000000 -3.44523680 0.84705882 0.84705882 0.84705882
v 11.10588240 2.80000000 -3.44523680 0.84705882 0.84705882 0.84705882
f 2094 2096 2093
f 2097 2094 2093
f 2093 2096 2095
f 2095 2097 2093
f 2094 2100 2096
f 2098 2094 2097
f 2098 2100 2094
f 2096 2100 2095
f 2099 2097 2095
f 2095 2100 2099
f 2099 2098 2097
f 2100 2098 2099

o geometry_155
v 11.91786707 0.00000000 -3.53661984 0.54117647 0.35294118 0.16862745
v 11.91786707 2.10000000 -3.53661984 0.54117647 0.35294118 0.16862745
v 11.94081013 0.00000000 -3.50385376 0.54117647 0.35294118 0.16862745
v 11.94081013 2.10000000 -3.50385376 0.54117647 0.35294118 0.16862745
v 11.24333124 0.00000000 -3.06430477 0.54117647 0.35294118 0.16862745
v 11.24333124 2.10000000 -3.06430477 0.54117647 0.35294118 0.16862745
v 11.26627430 0.00000000 -3.03153869 0.54117647 0.35294118 0.16862745
v 11.26627430 2.10000000 -3.03153869 0.54117647 0.35294118 0.16862745
f 2102 2104 2101
f 2105 2102 2101
f 2101 2104 2103
f 2103 2105 2101
f 2102 2108 2104
f 2106 2102 2105
f 2106 2108 2102
f 2104 2108 2103
f 2107 2105 2103
f 2103 2108 2107
f 2107 2106 2105
f 2108 2106 2107

o geometry_156
v 11.10588240 0.00000000 -3.59523680 0.84705882 0.84705882 0.84705882
v 11.10588240 2.80000000 -3.59523680 0.84705882 0.84705882 0.84705882
v 11.10588240 0.00000000 -3.44523680 0.84705882 0.84705882 0.84705882
v 11.10588240 2.80000000 -3.44523680 0.84705882 0.84705882 0.84705882
v 9.99768220 0.00000000 -3.59523680 0.84705882 0.84705882 0.84705882
v 9.99768220 2.80000000 -3.59523680 0.84705882 0.84705882 0.84705882
v 9.99768220 0.00000000 -3.44523680 0.84705882 0.84705882 0.84705882
v 9.99768220 2.80000000 -3.44523680 0.84705882 0.84705882 0.84705882
f 2110 2112 2109
f 2113 2110 2109
f 2109 2112 2111
f 2111 2113 2109
f 2110 2116 2112
f 2114 2110 2113
f 2114 2116 2110
f 2112 2116 2111
f 2115 2113 2111
f 2111 2116 2115
f 2115 2114 2113
f 2116 2114 2115

o geometry_157
v 9.99768220 2.10000000 -3.59523680 0.84705882 0.84705882 0.84705882
v 9.99768220 2.80000000 -3.59523680 0.84705882 0.84705882 0.84705882
v 9.99768220 2.10000000 -3.44523680 0.84705882 0.84705882 0.84705882
v 9.99768220 2.80000000 -3.44523680 0.84705882 0.84705882 0.84705882
v 9.54768220 2.10000000 -3.59523680 0.84705882 0.84705882 0.84705882
v 9.54768220 2.80000000 -3.59523680 0.84705882 0.84705882 0.84705882
v 9.54768220 2.10000000 -3.44523680 0.84705882 0.84705882 0.84705882
v 9.54768220 2.80000000 -3.44523680 0.84705882 0.84705882 0.84705882
f 2118 2120 2117
f 2121 2118 2117
f 2117 2120 2119
f 2119 2121 2117
f 2118 2124 2120
f 2122 2118 2121
f 2122 2124 2118
f 2120 2124 2119
f 2123 2121 2119
f 2119 2124 2123
f 2123 2122 2121
f 2124 2122 2123

o geometry_158
v 9.98621067 0.00000000 -3.53661984 0.54117647 0.35294118 0.16862745
v 9.98621067 2.10000000 -3.53661984 0.54117647 0.35294118 0.16862745
v 10.00915373 0.00000000 -3.50385376 0.54117647 0.35294118 0.16862745
v 10.00915373 2.10000000 -3.50385376 0.54117647 0.35294118 0.16862745
v 9.61759225 0.00000000 -3.27851044 0.54117647 0.35294118 0.16862745
v 9.61759225 2.10000000 -3.27851044 0.54117647 0.35294118 0.16862745
v 9.64053531 0.00000000 -3.24574436 0.54117647 0.35294118 0.16862745
v 9.64053531 2.10000000 -3.24574436 0.54117647 0.35294118 0.16862745
f 2126 2128 2125
f 2129 2126 2125
f 2125 2128 2127
f 2127 2129 2125
f 2126 2132 2128
f 2130 2126 2129
f 2130 2132 2126
f 2128 2132 2127
f 2131 2129 2127
f 2127 2132 2131
f 2131 2130 2129
f 2132 2130 2131

o geometry_159
v 9.54907920 0.00000000 -3.38877260 0.84705882 0.84705882 0.84705882
v 9.54907920 2.80000000 -3.38877260 0.84705882 0.84705882 0.84705882
v 9.54907920 0.00000000 -3.53877260 0.84705882 0.84705882 0.84705882
v 9.54907920 2.80000000 -3.53877260 0.84705882 0.84705882 0.84705882
v 11.92298860 0.00000000 -3.38877260 0.84705882 0.84705882 0.84705882
v 11.92298860 2.80000000 -3.38877260 0.84705882 0.84705882 0.84705882
v 11.92298860 0.00000000 -3.53877260 0.84705882 0.84705882 0.84705882
v 11.92298860 2.80000000 -3.53877260 0.84705882 0.84705882 0.84705882
f 2134 2136 2133
f 2137 2134 2133
f 2133 2136 2135
f 2135 2137 2133
f 2134 2140 2136
f 2138 2134 2137
f 2138 2140 2134
f 2136 2140 2135
f 2139 2137 2135
f 2135 2140 2139
f 2139 2138 2137
f 2140 2138 2139

o geometry_160
v 9.54907920 0.00000000 -3.40147260 0.84705882 0.84705882 0.84705882
v 9.54907920 2.80000000 -3.40147260 0.84705882 0.84705882 0.84705882
v 9.54907920 0.00000000 -3.55147260 0.84705882 0.84705882 0.84705882
v 9.54907920 2.80000000 -3.55147260 0.84705882 0.84705882 0.84705882
v 11.92298860 0.00000000 -3.40147260 0.84705882 0.84705882 0.84705882
v 11.92298860 2.80000000 -3.40147260 0.84705882 0.84705882 0.84705882
v 11.92298860 0.00000000 -3.55147260 0.84705882 0.84705882 0.84705882
v 11.92298860 2.80000000 -3.55147260 0.84705882 0.84705882 0.84705882
f 2142 2144 2141
f 2145 2142 2141
f 2141 2144 2143
f 2143 2145 2141
f 2142 2148 2144
f 2146 2142 2145
f 2146 2148 2142
f 2144 2148 2143
f 2147 2145 2143
f 2143 2148 2147
f 2147 2146 2145
f 2148 2146 2147

o geometry_161
v 2.01754740 0.00000000 -9.10534740 0.84705882 0.84705882 0.84705882
v 2.01754740 2.80000000 -9.10534740 0.84705882 0.84705882 0.84705882
v 2.01754740 0.00000000 -9.25534740 0.84705882 0.84705882 0.84705882
v 2.01754740 2.80000000 -9.25534740 0.84705882 0.84705882 0.84705882
v 5.16122920 0.00000000 -9.10534740 0.84705882 0.84705882 0.84705882
v 5.16122920 2.80000000 -9.10534740 0.84705882 0.84705882 0.84705882
v 5.16122920 0.00000000 -9.25534740 0.84705882 0.84705882 0.84705882
v 5.16122920 2.80000000 -9.25534740 0.84705882 0.84705882 0.84705882
f 2150 2152 2149
f 2153 2150 2149
f 2149 2152 2151
f 2151 2153 2149
f 2150 2156 2152
f 2154 2150 2153
f 2154 2156 2150
f 2152 2156 2151
f 2155 2153 2151
f 2151 2156 2155
f 2155 2154 2153
f 2156 2154 2155

o geometry_162
v 5.08622920 0.00000000 -9.18034740 0.84705882 0.84705882 0.84705882
v 5.08622920 2.80000000 -9.18034740 0.84705882 0.84705882 0.84705882
v 5.23622920 0.00000000 -9.18034740 0.84705882 0.84705882 0.84705882
v 5.23622920 2.80000000 -9.18034740 0.84705882 0.84705882 0.84705882
v 5.08622920 0.00000000 -8.25002160 0.84705882 0.84705882 0.84705882
v 5.08622920 2.80000000 -8.25002160 0.84705882 0.84705882 0.84705882
v 5.23622920 0.00000000 -8.25002160 0.84705882 0.84705882 0.84705882
v 5.23622920 2.80000000 -8.25002160 0.84705882 0.84705882 0.84705882
f 2158 2160 2157
f 2161 2158 2157
f 2157 2160 2159
f 2159 2161 2157
f 2158 2164 2160
f 2162 2158 2161
f 2162 2164 2158
f 2160 2164 2159
f 2163 2161 2159
f 2159 2164 2163
f 2163 2162 2161
f 2164 2162 2163

o geometry_163
v 5.16122920 0.00000000 -8.32502160 0.84705882 0.84705882 0.84705882
v 5.16122920 2.80000000 -8.32502160 0.84705882 0.84705882 0.84705882
v 5.16122920 0.00000000 -8.17502160 0.84705882 0.84705882 0.84705882
v 5.16122920 2.80000000 -8.17502160 0.84705882 0.84705882 0.84705882
v 4.94532920 0.00000000 -8.32502160 0.84705882 0.84705882 0.84705882
v 4.94532920 2.80000000 -8.32502160 0.84705882 0.84705882 0.84705882
v 4.94532920 0.00000000 -8.17502160 0.84705882 0.84705882 0.84705882
v 4.94532920 2.80000000 -8.17502160 0.84705882 0.84705882 0.84705882
f 2166 2168 2165
f 2169 2166 2165
f 2165 2168 2167
f 2167 2169 2165
f 2166 2172 2168
f 2170 2166 2169
f 2170 2172 2166
f 2168 2172 2167
f 2171 2169 2167
f 2167 2172 2171
f 2171 2170 2169
f 2172 2170 2171

o geometry_164
v 4.94532920 0.00000000 -8.32502160 0.84705882 0.84705882 0.84705882
v 4.94532920 2.80000000 -8.32502160 0.84705882 0.84705882 0.84705882
v 4.94532920 0.00000000 -8.17502160 0.84705882 0.84705882 0.84705882
v 4.94532920 2.80000000 -8.17502160 0.84705882 0.84705882 0.84705882
v 4.93262920 0.00000000 -8.32502160 0.84705882 0.84705882 0.84705882
v 4.93262920 2.80000000 -8.32502160 0.84705882 0.84705882 0.84705882
v 4.93262920 0.00000000 -8.17502160 0.84705882 0.84705882 0.84705882
v 4.93262920 2.80000000 -8.17502160 0.84705882 0.84705882 0.84705882
f 2174 2176 2173
f 2177 2174 2173
f 2173 2176 2175
f 2175 2177 2173
f 2174 2180 2176
f 2178 2174 2177
f 2178 2180 2174
f 2176 2180 2175
f 2179 2177 2175
f 2175 2180 2179
f 2179 2178 2177
f 2180 2178 2179

o geometry_165
v 4.93262920 0.00000000 -8.32502160 0.84705882 0.84705882 0.84705882
v 4.93262920 2.80000000 -8.32502160 0.84705882 0.84705882 0.84705882
v 4.93262920 0.00000000 -8.17502160 0.84705882 0.84705882 0.84705882
v 4.93262920 2.80000000 -8.17502160 0.84705882 0.84705882 0.84705882
v 3.14043060 0.00000000 -8.32502160 0.84705882 0.84705882 0.84705882
v 3.14043060 2.80000000 -8.32502160 0.84705882 0.84705882 0.84705882
v 3.14043060 0.00000000 -8.17502160 0.84705882 0.84705882 0.84705882
v 3.14043060 2.80000000 -8.17502160 0.84705882 0.84705882 0.84705882
f 2182 2184 2181
f 2185 2182 2181
f 2181 2184 2183
f 2183 2185 2181
f 2182 2188 2184
f 2186 2182 2185
f 2186 2188 2182
f 2184 2188 2183
f 2187 2185 2183
f 2183 2188 2187
f 2187 2186 2185
f 2188 2186 2187

o geometry_166
v 3.14043060 0.00000000 -8.32502160 0.84705882 0.84705882 0.84705882
v 3.14043060 0.90000000 -8.32502160 0.84705882 0.84705882 0.84705882
v 3.14043060 0.00000000 -8.17502160 0.84705882 0.84705882 0.84705882
v 3.14043060 0.90000000 -8.17502160 0.84705882 0.84705882 0.84705882
v 2.03603860 0.00000000 -8.32502160 0.84705882 0.84705882 0.84705882
v 2.03603860 0.90000000 -8.32502160 0.84705882 0.84705882 0.84705882
v 2.03603860 0.00000000 -8.17502160 0.84705882 0.84705882 0.84705882
v 2.03603860 0.90000000 -8.17502160 0.84705882 0.84705882 0.84705882
f 2190 2192 2189
f 2193 2190 2189
f 2189 2192 2191
f 2191 2193 2189
f 2190 2196 2192
f 2194 2190 2193
f 2194 2196 2190
f 2192 2196 2191
f 2195 2193 2191
f 2191 2196 2195
f 2195 2194 2193
f 2196 2194 2195

o geometry_167
v 3.14043060 2.10000000 -8.32502160 0.84705882 0.84705882 0.84705882
v 3.14043060 2.80000000 -8.32502160 0.84705882 0.84705882 0.84705882
v 3.14043060 2.10000000 -8.17502160 0.84705882 0.84705882 0.84705882
v 3.14043060 2.80000000 -8.17502160 0.84705882 0.84705882 0.84705882
v 2.03603860 2.10000000 -8.32502160 0.84705882 0.84705882 0.84705882
v 2.03603860 2.80000000 -8.32502160 0.84705882 0.84705882 0.84705882
v 2.03603860 2.10000000 -8.17502160 0.84705882 0.84705882 0.84705882
v 2.03603860 2.80000000 -8.17502160 0.84705882 0.84705882 0.84705882
f 2198 2200 2197
f 2201 2198 2197
f 2197 2200 2199
f 2199 2201 2197
f 2198 2204 2200
f 2202 2198 2201
f 2202 2204 2198
f 2200 2204 2199
f 2203 2201 2199
f 2199 2204 2203
f 2203 2202 2201
f 2204 2202 2203

o geometry_168
v 3.14043060 0.90000000 -8.26002160 0.65882353 0.84313725 0.91764706
v 3.14043060 2.10000000 -8.26002160 0.65882353 0.84313725 0.91764706
v 3.14043060 0.90000000 -8.24002160 0.65882353 0.84313725 0.91764706
v 3.14043060 2.10000000 -8.24002160 0.65882353 0.84313725 0.91764706
v 2.03603860 0.90000000 -8.26002160 0.65882353 0.84313725 0.91764706
v 2.03603860 2.10000000 -8.26002160 0.65882353 0.84313725 0.91764706
v 2.03603860 0.90000000 -8.24002160 0.65882353 0.84313725 0.91764706
v 2.03603860 2.10000000 -8.24002160 0.65882353 0.84313725 0.91764706
f 2206 2208 2205
f 2209 2206 2205
f 2205 2208 2207
f 2207 2209 2205
f 2206 2212 2208
f 2210 2206 2209
f 2210 2212 2206
f 2208 2212 2207
f 2211 2209 2207
f 2207 2212 2211
f 2211 2210 2209
f 2212 2210 2211

o geometry_169
v 3.14043060 0.00000000 -8.32502160 0.84705882 0.84705882 0.84705882
v 3.14043060 0.90000000 -8.32502160 0.84705882 0.84705882 0.84705882
v 3.14043060 0.00000000 -8.17502160 0.84705882 0.84705882 0.84705882
v 3.14043060 0.90000000 -8.17502160 0.84705882 0.84705882 0.84705882
v 2.03603860 0.00000000 -8.32502160 0.84705882 0.84705882 0.84705882
v 2.03603860 0.90000000 -8.32502160 0.84705882 0.84705882 0.84705882
v 2.03603860 0.00000000 -8.17502160 0.84705882 0.84705882 0.84705882
v 2.03603860 0.90000000 -8.17502160 0.84705882 0.84705882 0.84705882
f 2214 2216 2213
f 2217 2214 2213
f 2213 2216 2215
f 2215 2217 2213
f 2214 2220 2216
f 2218 2214 2217
f 2218 2220 2214
f 2216 2220 2215
f 2219 2217 2215
f 2215 2220 2219
f 2219 2218 2217
f 2220 2218 2219

o geometry_170
v 3.14043060 2.10000000 -8.32502160 0.84705882 0.84705882 0.84705882
v 3.14043060 2.80000000 -8.32502160 0.84705882 0.84705882 0.84705882
v 3.14043060 2.10000000 -8.17502160 0.84705882 0.84705882 0.84705882
v 3.14043060 2.80000000 -8.17502160 0.84705882 0.84705882 0.84705882
v 2.03603860 2.10000000 -8.32502160 0.84705882 0.84705882 0.84705882
v 2.03603860 2.80000000 -8.32502160 0.84705882 0.84705882 0.84705882
v 2.03603860 2.10000000 -8.17502160 0.84705882 0.84705882 0.84705882
v 2.03603860 2.80000000 -8.17502160 0.84705882 0.84705882 0.84705882
f 2222 2224 2221
f 2225 2222 2221
f 2221 2224 2223
f 2223 2225 2221
f 2222 2228 2224
f 2226 2222 2225
f 2226 2228 2222
f 2224 2228 2223
f 2227 2225 2223
f 2223 2228 2227
f 2227 2226 2225
f 2228 2226 2227

o geometry_171
v 3.14043060 0.90000000 -8.26002160 0.65882353 0.84313725 0.91764706
v 3.14043060 2.10000000 -8.26002160 0.65882353 0.84313725 0.91764706
v 3.14043060 0.90000000 -8.24002160 0.65882353 0.84313725 0.91764706
v 3.14043060 2.10000000 -8.24002160 0.65882353 0.84313725 0.91764706
v 2.03603860 0.90000000 -8.26002160 0.65882353 0.84313725 0.91764706
v 2.03603860 2.10000000 -8.26002160 0.65882353 0.84313725 0.91764706
v 2.03603860 0.90000000 -8.24002160 0.65882353 0.84313725 0.91764706
v 2.03603860 2.10000000 -8.24002160 0.65882353 0.84313725 0.91764706
f 2230 2232 2229
f 2233 2230 2229
f 2229 2232 2231
f 2231 2233 2229
f 2230 2236 2232
f 2234 2230 2233
f 2234 2236 2230
f 2232 2236 2231
f 2235 2233 2231
f 2231 2236 2235
f 2235 2234 2233
f 2236 2234 2235

o geometry_172
v 3.14043060 0.00000000 -8.32502160 0.84705882 0.84705882 0.84705882
v 3.14043060 0.90000000 -8.32502160 0.84705882 0.84705882 0.84705882
v 3.14043060 0.00000000 -8.17502160 0.84705882 0.84705882 0.84705882
v 3.14043060 0.90000000 -8.17502160 0.84705882 0.84705882 0.84705882
v 2.03603860 0.00000000 -8.32502160 0.84705882 0.84705882 0.84705882
v 2.03603860 0.90000000 -8.32502160 0.84705882 0.84705882 0.84705882
v 2.03603860 0.00000000 -8.17502160 0.84705882 0.84705882 0.84705882
v 2.03603860 0.90000000 -8.17502160 0.84705882 0.84705882 0.84705882
f 2238 2240 2237
f 2241 2238 2237
f 2237 2240 2239
f 2239 2241 2237
f 2238 2244 2240
f 2242 2238 2241
f 2242 2244 2238
f 2240 2244 2239
f 2243 2241 2239
f 2239 2244 2243
f 2243 2242 2241
f 2244 2242 2243

o geometry_173
v 3.14043060 2.10000000 -8.32502160 0.84705882 0.84705882 0.84705882
v 3.14043060 2.80000000 -8.32502160 0.84705882 0.84705882 0.84705882
v 3.14043060 2.10000000 -8.17502160 0.84705882 0.84705882 0.84705882
v 3.14043060 2.80000000 -8.17502160 0.84705882 0.84705882 0.84705882
v 2.03603860 2.10000000 -8.32502160 0.84705882 0.84705882 0.84705882
v 2.03603860 2.80000000 -8.32502160 0.84705882 0.84705882 0.84705882
v 2.03603860 2.10000000 -8.17502160 0.84705882 0.84705882 0.84705882
v 2.03603860 2.80000000 -8.17502160 0.84705882 0.84705882 0.84705882
f 2246 2248 2245
f 2249 2246 2245
f 2245 2248 2247
f 2247 2249 2245
f 2246 2252 2248
f 2250 2246 2249
f 2250 2252 2246
f 2248 2252 2247
f 2251 2249 2247
f 2247 2252 2251
f 2251 2250 2249
f 2252 2250 2251

o geometry_174
v 3.14043060 0.90000000 -8.26002160 0.65882353 0.84313725 0.91764706
v 3.14043060 2.10000000 -8.26002160 0.65882353 0.84313725 0.91764706
v 3.14043060 0.90000000 -8.24002160 0.65882353 0.84313725 0.91764706
v 3.14043060 2.10000000 -8.24002160 0.65882353 0.84313725 0.91764706
v 2.03603860 0.90000000 -8.26002160 0.65882353 0.84313725 0.91764706
v 2.03603860 2.10000000 -8.26002160 0.65882353 0.84313725 0.91764706
v 2.03603860 0.90000000 -8.24002160 0.65882353 0.84313725 0.91764706
v 2.03603860 2.10000000 -8.24002160 0.65882353 0.84313725 0.91764706
f 2254 2256 2253
f 2257 2254 2253
f 2253 2256 2255
f 2255 2257 2253
f 2254 2260 2256
f 2258 2254 2257
f 2258 2260 2254
f 2256 2260 2255
f 2259 2257 2255
f 2255 2260 2259
f 2259 2258 2257
f 2260 2258 2259

o geometry_175
v 2.03603860 0.00000000 -8.32502160 0.84705882 0.84705882 0.84705882
v 2.03603860 2.80000000 -8.32502160 0.84705882 0.84705882 0.84705882
v 2.03603860 0.00000000 -8.17502160 0.84705882 0.84705882 0.84705882
v 2.03603860 2.80000000 -8.17502160 0.84705882 0.84705882 0.84705882
v 2.01754740 0.00000000 -8.32502160 0.84705882 0.84705882 0.84705882
v 2.01754740 2.80000000 -8.32502160 0.84705882 0.84705882 0.84705882
v 2.01754740 0.00000000 -8.17502160 0.84705882 0.84705882 0.84705882
v 2.01754740 2.80000000 -8.17502160 0.84705882 0.84705882 0.84705882
f 2262 2264 2261
f 2265 2262 2261
f 2261 2264 2263
f 2263 2265 2261
f 2262 2268 2264
f 2266 2262 2265
f 2266 2268 2262
f 2264 2268 2263
f 2267 2265 2263
f 2263 2268 2267
f 2267 2266 2265
f 2268 2266 2267

o geometry_176
v 2.09244580 0.00000000 -8.25002160 0.84705882 0.84705882 0.84705882
v 2.09244580 2.80000000 -8.25002160 0.84705882 0.84705882 0.84705882
v 1.94244580 0.00000000 -8.25002160 0.84705882 0.84705882 0.84705882
v 1.94244580 2.80000000 -8.25002160 0.84705882 0.84705882 0.84705882
v 2.09244580 0.00000000 -9.18034740 0.84705882 0.84705882 0.84705882
v 2.09244580 2.80000000 -9.18034740 0.84705882 0.84705882 0.84705882
v 1.94244580 0.00000000 -9.18034740 0.84705882 0.84705882 0.84705882
v 1.94244580 2.80000000 -9.18034740 0.84705882 0.84705882 0.84705882
f 2270 2272 2269
f 2273 2270 2269
f 2269 2272 2271
f 2271 2273 2269
f 2270 2276 2272
f 2274 2270 2273
f 2274 2276 2270
f 2272 2276 2271
f 2275 2273 2271
f 2271 2276 2275
f 2275 2274 2273
f 2276 2274 2275

o geometry_177
v 5.16122920 0.00000000 -9.30374680 0.84705882 0.84705882 0.84705882
v 5.16122920 2.80000000 -9.30374680 0.84705882 0.84705882 0.84705882
v 5.16122920 0.00000000 -9.45374680 0.84705882 0.84705882 0.84705882
v 5.16122920 2.80000000 -9.45374680 0.84705882 0.84705882 0.84705882
v 5.84131420 0.00000000 -9.30374680 0.84705882 0.84705882 0.84705882
v 5.84131420 2.80000000 -9.30374680 0.84705882 0.84705882 0.84705882
v 5.84131420 0.00000000 -9.45374680 0.84705882 0.84705882 0.84705882
v 5.84131420 2.80000000 -9.45374680 0.84705882 0.84705882 0.84705882
f 2278 2280 2277
f 2281 2278 2277
f 2277 2280 2279
f 2279 2281 2277
f 2278 2284 2280
f 2282 2278 2281
f 2282 2284 2278
f 2280 2284 2279
f 2283 2281 2279
f 2279 2284 2283
f 2283 2282 2281
f 2284 2282 2283

o geometry_178
v 5.76631420 0.00000000 -9.37874680 0.84705882 0.84705882 0.84705882
v 5.76631420 2.80000000 -9.37874680 0.84705882 0.84705882 0.84705882
v 5.91631420 0.00000000 -9.37874680 0.84705882 0.84705882 0.84705882
v 5.91631420 2.80000000 -9.37874680 0.84705882 0.84705882 0.84705882
v 5.76631420 0.00000000 -9.22873440 0.84705882 0.84705882 0.84705882
v 5.76631420 2.80000000 -9.22873440 0.84705882 0.84705882 0.84705882
v 5.91631420 0.00000000 -9.22873440 0.84705882 0.84705882 0.84705882
v 5.91631420 2.80000000 -9.22873440 0.84705882 0.84705882 0.84705882
f 2286 2288 2285
f 2289 2286 2285
f 2285 2288 2287
f 2287 2289 2285
f 2286 2292 2288
f 2290 2286 2289
f 2290 2292 2286
f 2288 2292 2287
f 2291 2289 2287
f 2287 2292 2291
f 2291 2290 2289
f 2292 2290 2291

o geometry_179
v 5.84131420 0.00000000 -9.30373440 0.84705882 0.84705882 0.84705882
v 5.84131420 2.80000000 -9.30373440 0.84705882 0.84705882 0.84705882
v 5.84131420 0.00000000 -9.15373440 0.84705882 0.84705882 0.84705882
v 5.84131420 2.80000000 -9.15373440 0.84705882 0.84705882 0.84705882
v 5.39122620 0.00000000 -9.30373440 0.84705882 0.84705882 0.84705882
v 5.39122620 2.80000000 -9.30373440 0.84705882 0.84705882 0.84705882
v 5.39122620 0.00000000 -9.15373440 0.84705882 0.84705882 0.84705882
v 5.39122620 2.80000000 -9.15373440 0.84705882 0.84705882 0.84705882
f 2294 2296 2293
f 2297 2294 2293
f 2293 2296 2295
f 2295 2297 2293
f 2294 2300 2296
f 2298 2294 2297
f 2298 2300 2294
f 2296 2300 2295
f 2299 2297 2295
f 2295 2300 2299
f 2299 2298 2297
f 2300 2298 2299

o geometry_180
v 5.31622620 0.00000000 -9.22873440 0.84705882 0.84705882 0.84705882
v 5.31622620 2.80000000 -9.22873440 0.84705882 0.84705882 0.84705882
v 5.46622620 0.00000000 -9.22873440 0.84705882 0.84705882 0.84705882
v 5.46622620 2.80000000 -9.22873440 0.84705882 0.84705882 0.84705882
v 5.31622620 0.00000000 -6.70417760 0.84705882 0.84705882 0.84705882
v 5.31622620 2.80000000 -6.70417760 0.84705882 0.84705882 0.84705882
v 5.46622620 0.00000000 -6.70417760 0.84705882 0.84705882 0.84705882
v 5.46622620 2.80000000 -6.70417760 0.84705882 0.84705882 0.84705882
f 2302 2304 2301
f 2305 2302 2301
f 2301 2304 2303
f 2303 2305 2301
f 2302 2308 2304
f 2306 2302 2305
f 2306 2308 2302
f 2304 2308 2303
f 2307 2305 2303
f 2303 2308 2307
f 2307 2306 2305
f 2308 2306 2307

o geometry_181
v 5.39122620 0.00000000 -6.62917760 0.84705882 0.84705882 0.84705882
v 5.39122620 2.80000000 -6.62917760 0.84705882 0.84705882 0.84705882
v 5.39122620 0.00000000 -6.77917760 0.84705882 0.84705882 0.84705882
v 5.39122620 2.80000000 -6.77917760 0.84705882 0.84705882 0.84705882
v 5.76132960 0.00000000 -6.62917760 0.84705882 0.84705882 0.84705882
v 5.76132960 2.80000000 -6.62917760 0.84705882 0.84705882 0.84705882
v 5.76132960 0.00000000 -6.77917760 0.84705882 0.84705882 0.84705882
v 5.76132960 2.80000000 -6.77917760 0.84705882 0.84705882 0.84705882
f 2310 2312 2309
f 2313 2310 2309
f 2309 2312 2311
f 2311 2313 2309
f 2310 2316 2312
f 2314 2310 2313
f 2314 2316 2310
f 2312 2316 2311
f 2315 2313 2311
f 2311 2316 2315
f 2315 2314 2313
f 2316 2314 2315

o geometry_182
v 5.68632960 0.00000000 -6.70417760 0.84705882 0.84705882 0.84705882
v 5.68632960 2.80000000 -6.70417760 0.84705882 0.84705882 0.84705882
v 5.83632960 0.00000000 -6.70417760 0.84705882 0.84705882 0.84705882
v 5.83632960 2.80000000 -6.70417760 0.84705882 0.84705882 0.84705882
v 5.68632960 0.00000000 -6.60257760 0.84705882 0.84705882 0.84705882
v 5.68632960 2.80000000 -6.60257760 0.84705882 0.84705882 0.84705882
v 5.83632960 0.00000000 -6.60257760 0.84705882 0.84705882 0.84705882
v 5.83632960 2.80000000 -6.60257760 0.84705882 0.84705882 0.84705882
f 2318 2320 2317
f 2321 2318 2317
f 2317 2320 2319
f 2319 2321 2317
f 2318 2324 2320
f 2322 2318 2321
f 2322 2324 2318
f 2320 2324 2319
f 2323 2321 2319
f 2319 2324 2323
f 2323 2322 2321
f 2324 2322 2323

o geometry_183
v 5.76132960 2.10000000 -6.67757760 0.84705882 0.84705882 0.84705882
v 5.76132960 2.80000000 -6.67757760 0.84705882 0.84705882 0.84705882
v 5.76132960 2.10000000 -6.52757760 0.84705882 0.84705882 0.84705882
v 5.76132960 2.80000000 -6.52757760 0.84705882 0.84705882 0.84705882
v 5.36442920 2.10000000 -6.67757760 0.84705882 0.84705882 0.84705882
v 5.36442920 2.80000000 -6.67757760 0.84705882 0.84705882 0.84705882
v 5.36442920 2.10000000 -6.52757760 0.84705882 0.84705882 0.84705882
v 5.36442920 2.80000000 -6.52757760 0.84705882 0.84705882 0.84705882
f 2326 2328 2325
f 2329 2326 2325
f 2325 2328 2327
f 2327 2329 2325
f 2326 2332 2328
f 2330 2326 2329
f 2330 2332 2326
f 2328 2332 2327
f 2331 2329 2327
f 2327 2332 2331
f 2331 2330 2329
f 2332 2330 2331

o geometry_184
v 5.74985807 0.00000000 -6.61896064 0.54117647 0.35294118 0.16862745
v 5.74985807 2.10000000 -6.61896064 0.54117647 0.35294118 0.16862745
v 5.77280113 0.00000000 -6.58619456 0.54117647 0.35294118 0.16862745
v 5.77280113 2.10000000 -6.58619456 0.54117647 0.35294118 0.16862745
v 5.42473630 0.00000000 -6.39130792 0.54117647 0.35294118 0.16862745
v 5.42473630 2.10000000 -6.39130792 0.54117647 0.35294118 0.16862745
v 5.44767935 0.00000000 -6.35854184 0.54117647 0.35294118 0.16862745
v 5.44767935 2.10000000 -6.35854184 0.54117647 0.35294118 0.16862745
f 2334 2336 2333
f 2337 2334 2333
f 2333 2336 2335
f 2335 2337 2333
f 2334 2340 2336
f 2338 2334 2337
f 2338 2340 2334
f 2336 2340 2335
f 2339 2337 2335
f 2335 2340 2339
f 2339 2338 2337
f 2340 2338 2339

o geometry_185
v 5.39312830 0.00000000 -6.67186946 0.84705882 0.84705882 0.84705882
v 5.39312830 2.80000000 -6.67186946 0.84705882 0.84705882 0.84705882
v 5.33573010 0.00000000 -6.53328574 0.84705882 0.84705882 0.84705882
v 5.33573010 2.80000000 -6.53328574 0.84705882 0.84705882 0.84705882
v 5.24944050 0.00000000 -6.73138166 0.84705882 0.84705882 0.84705882
v 5.24944050 2.80000000 -6.73138166 0.84705882 0.84705882 0.84705882
v 5.19204230 0.00000000 -6.59279794 0.84705882 0.84705882 0.84705882
v 5.19204230 2.80000000 -6.59279794 0.84705882 0.84705882 0.84705882
f 2342 2344 2341
f 2345 2342 2341
f 2341 2344 2343
f 2343 2345 2341
f 2342 2348 2344
f 2346 2342 2345
f 2346 2348 2342
f 2344 2348 2343
f 2347 2345 2343
f 2343 2348 2347
f 2347 2346 2345
f 2348 2346 2347

o geometry_186
v 5.29003326 0.00000000 -6.69078890 0.84705882 0.84705882 0.84705882
v 5.29003326 2.80000000 -6.69078890 0.84705882 0.84705882 0.84705882
v 5.15144954 0.00000000 -6.63339070 0.84705882 0.84705882 0.84705882
v 5.15144954 2.80000000 -6.63339070 0.84705882 0.84705882 0.84705882
v 5.23052106 0.00000000 -6.83447670 0.84705882 0.84705882 0.84705882
v 5.23052106 2.80000000 -6.83447670 0.84705882 0.84705882 0.84705882
v 5.09193734 0.00000000 -6.77707850 0.84705882 0.84705882 0.84705882
v 5.09193734 2.80000000 -6.77707850 0.84705882 0.84705882 0.84705882
f 2350 2352 2349
f 2353 2350 2349
f 2349 2352 2351
f 2351 2353 2349
f 2350 2356 2352
f 2354 2350 2353
f 2354 2356 2350
f 2352 2356 2351
f 2355 2353 2351
f 2351 2356 2355
f 2355 2354 2353
f 2356 2354 2355

o geometry_187
v 5.23622920 0.00000000 -6.80577760 0.84705882 0.84705882 0.84705882
v 5.23622920 2.80000000 -6.80577760 0.84705882 0.84705882 0.84705882
v 5.08622920 0.00000000 -6.80577760 0.84705882 0.84705882 0.84705882
v 5.08622920 2.80000000 -6.80577760 0.84705882 0.84705882 0.84705882
v 5.23622920 0.00000000 -8.25002160 0.84705882 0.84705882 0.84705882
v 5.23622920 2.80000000 -8.25002160 0.84705882 0.84705882 0.84705882
v 5.08622920 0.00000000 -8.25002160 0.84705882 0.84705882 0.84705882
v 5.08622920 2.80000000 -8.25002160 0.84705882 0.84705882 0.84705882
f 2358 2360 2357
f 2361 2358 2357
f 2357 2360 2359
f 2359 2361 2357
f 2358 2364 2360
f 2362 2358 2361
f 2362 2364 2358
f 2360 2364 2359
f 2363 2361 2359
f 2359 2364 2363
f 2363 2362 2361
f 2364 2362 2363

o geometry_188
v 5.23622920 0.00000000 -9.18034740 0.84705882 0.84705882 0.84705882
v 5.23622920 2.80000000 -9.18034740 0.84705882 0.84705882 0.84705882
v 5.08622920 0.00000000 -9.18034740 0.84705882 0.84705882 0.84705882
v 5.08622920 2.80000000 -9.18034740 0.84705882 0.84705882 0.84705882
v 5.23622920 0.00000000 -9.37874680 0.84705882 0.84705882 0.84705882
v 5.23622920 2.80000000 -9.37874680 0.84705882 0.84705882 0.84705882
v 5.08622920 0.00000000 -9.37874680 0.84705882 0.84705882 0.84705882
v 5.08622920 2.80000000 -9.37874680 0.84705882 0.84705882 0.84705882
f 2366 2368 2365
f 2369 2366 2365
f 2365 2368 2367
f 2367 2369 2365
f 2366 2372 2368
f 2370 2366 2369
f 2370 2372 2366
f 2368 2372 2367
f 2371 2369 2367
f 2367 2372 2371
f 2371 2370 2369
f 2372 2370 2371

o geometry_189
v 3.46181060 0.00000000 -2.30881543 0.84705882 0.84705882 0.84705882
v 3.46181060 2.80000000 -2.30881543 0.84705882 0.84705882 0.84705882
v 3.31181060 0.00000000 -2.30880297 0.84705882 0.84705882 0.84705882
v 3.31181060 2.80000000 -2.30880297 0.84705882 0.84705882 0.84705882
v 3.46173440 0.00000000 -3.22562843 0.84705882 0.84705882 0.84705882
v 3.46173440 2.80000000 -3.22562843 0.84705882 0.84705882 0.84705882
v 3.31173440 0.00000000 -3.22561597 0.84705882 0.84705882 0.84705882
v 3.31173440 2.80000000 -3.22561597 0.84705882 0.84705882 0.84705882
f 2374 2376 2373
f 2377 2374 2373
f 2373 2376 2375
f 2375 2377 2373
f 2374 2380 2376
f 2378 2374 2377
f 2378 2380 2374
f 2376 2380 2375
f 2379 2377 2375
f 2375 2380 2379
f 2379 2378 2377
f 2380 2378 2379

o geometry_190
v 3.16174740 0.00000000 -3.22561163 0.84705882 0.84705882 0.84705882
v 3.16174740 2.80000000 -3.22561163 0.84705882 0.84705882 0.84705882
v 3.31174740 0.00000000 -3.22563277 0.84705882 0.84705882 0.84705882
v 3.31174740 2.80000000 -3.22563277 0.84705882 0.84705882 0.84705882
v 3.16187440 0.00000000 -2.32464823 0.84705882 0.84705882 0.84705882
v 3.16187440 2.80000000 -2.32464823 0.84705882 0.84705882 0.84705882
v 3.31187440 0.00000000 -2.32466937 0.84705882 0.84705882 0.84705882
v 3.31187440 2.80000000 -2.32466937 0.84705882 0.84705882 0.84705882
f 2382 2384 2381
f 2385 2382 2381
f 2381 2384 2383
f 2383 2385 2381
f 2382 2388 2384
f 2386 2382 2385
f 2386 2388 2382
f 2384 2388 2383
f 2387 2385 2383
f 2383 2388 2387
f 2387 2386 2385
f 2388 2386 2387

o geometry_191
v 3.16187440 0.00000000 -2.32465880 0.84705882 0.84705882 0.84705882
v 3.16187440 2.80000000 -2.32465880 0.84705882 0.84705882 0.84705882
v 3.31187440 0.00000000 -2.32465880 0.84705882 0.84705882 0.84705882
v 3.31187440 2.80000000 -2.32465880 0.84705882 0.84705882 0.84705882
v 3.16187440 0.00000000 -2.30878380 0.84705882 0.84705882 0.84705882
v 3.16187440 2.80000000 -2.30878380 0.84705882 0.84705882 0.84705882
v 3.31187440 0.00000000 -2.30878380 0.84705882 0.84705882 0.84705882
v 3.31187440 2.80000000 -2.30878380 0.84705882 0.84705882 0.84705882
f 2390 2392 2389
f 2393 2390 2389
f 2389 2392 2391
f 2391 2393 2389
f 2390 2396 2392
f 2394 2390 2393
f 2394 2396 2390
f 2392 2396 2391
f 2395 2393 2391
f 2391 2396 2395
f 2395 2394 2393
f 2396 2394 2395

o geometry_192
v 5.56016160 0.00000000 -3.80631080 0.84705882 0.84705882 0.84705882
v 5.56016160 2.80000000 -3.80631080 0.84705882 0.84705882 0.84705882
v 5.56016160 0.00000000 -3.65631080 0.84705882 0.84705882 0.84705882
v 5.56016160 2.80000000 -3.65631080 0.84705882 0.84705882 0.84705882
v 5.52815760 0.00000000 -3.80631080 0.84705882 0.84705882 0.84705882
v 5.52815760 2.80000000 -3.80631080 0.84705882 0.84705882 0.84705882
v 5.52815760 0.00000000 -3.65631080 0.84705882 0.84705882 0.84705882
v 5.52815760 2.80000000 -3.65631080 0.84705882 0.84705882 0.84705882
f 2398 2400 2397
f 2401 2398 2397
f 2397 2400 2399
f 2399 2401 2397
f 2398 2404 2400
f 2402 2398 2401
f 2402 2404 2398
f 2400 2404 2399
f 2403 2401 2399
f 2399 2404 2403
f 2403 2402 2401
f 2404 2402 2403

o geometry_193
v 5.45315760 0.00000000 -3.73131080 0.84705882 0.84705882 0.84705882
v 5.45315760 2.80000000 -3.73131080 0.84705882 0.84705882 0.84705882
v 5.60315760 0.00000000 -3.73131080 0.84705882 0.84705882 0.84705882
v 5.60315760 2.80000000 -3.73131080 0.84705882 0.84705882 0.84705882
v 5.45315760 0.00000000 -3.71762020 0.84705882 0.84705882 0.84705882
v 5.45315760 2.80000000 -3.71762020 0.84705882 0.84705882 0.84705882
v 5.60315760 0.00000000 -3.71762020 0.84705882 0.84705882 0.84705882
v 5.60315760 2.80000000 -3.71762020 0.84705882 0.84705882 0.84705882
f 2406 2408 2405
f 2409 2406 2405
f 2405 2408 2407
f 2407 2409 2405
f 2406 2412 2408
f 2410 2406 2409
f 2410 2412 2406
f 2408 2412 2407
f 2411 2409 2407
f 2407 2412 2411
f 2411 2410 2409
f 2412 2410 2411

o geometry_194
v 5.52815760 0.00000000 -3.64262020 0.84705882 0.84705882 0.84705882
v 5.52815760 2.80000000 -3.64262020 0.84705882 0.84705882 0.84705882
v 5.52815760 0.00000000 -3.79262020 0.84705882 0.84705882 0.84705882
v 5.52815760 2.80000000 -3.79262020 0.84705882 0.84705882 0.84705882
v 5.56016160 0.00000000 -3.64262020 0.84705882 0.84705882 0.84705882
v 5.56016160 2.80000000 -3.64262020 0.84705882 0.84705882 0.84705882
v 5.56016160 0.00000000 -3.79262020 0.84705882 0.84705882 0.84705882
v 5.56016160 2.80000000 -3.79262020 0.84705882 0.84705882 0.84705882
f 2414 2416 2413
f 2417 2414 2413
f 2413 2416 2415
f 2415 2417 2413
f 2414 2420 2416
f 2418 2414 2417
f 2418 2420 2414
f 2416 2420 2415
f 2419 2417 2415
f 2415 2420 2419
f 2419 2418 2417
f 2420 2418 2419

o geometry_195
v 5.63516160 0.00000000 -3.71762020 0.84705882 0.84705882 0.84705882
v 5.63516160 2.80000000 -3.71762020 0.84705882 0.84705882 0.84705882
v 5.48516160 0.00000000 -3.71762020 0.84705882 0.84705882 0.84705882
v 5.48516160 2.80000000 -3.71762020 0.84705882 0.84705882 0.84705882
v 5.63516160 0.00000000 -3.73131080 0.84705882 0.84705882 0.84705882
v 5.63516160 2.80000000 -3.73131080 0.84705882 0.84705882 0.84705882
v 5.48516160 0.00000000 -3.73131080 0.84705882 0.84705882 0.84705882
v 5.48516160 2.80000000 -3.73131080 0.84705882 0.84705882 0.84705882
f 2422 2424 2421
f 2425 2422 2421
f 2421 2424 2423
f 2423 2425 2421
f 2422 2428 2424
f 2426 2422 2425
f 2426 2428 2422
f 2424 2428 2423
f 2427 2425 2423
f 2423 2428 2427
f 2427 2426 2425
f 2428 2426 2427

o geometry_196
v 5.56016160 0.00000000 -3.89521080 0.84705882 0.84705882 0.84705882
v 5.56016160 2.80000000 -3.89521080 0.84705882 0.84705882 0.84705882
v 5.56016160 0.00000000 -3.74521080 0.84705882 0.84705882 0.84705882
v 5.56016160 2.80000000 -3.74521080 0.84705882 0.84705882 0.84705882
v 5.52815760 0.00000000 -3.89521080 0.84705882 0.84705882 0.84705882
v 5.52815760 2.80000000 -3.89521080 0.84705882 0.84705882 0.84705882
v 5.52815760 0.00000000 -3.74521080 0.84705882 0.84705882 0.84705882
v 5.52815760 2.80000000 -3.74521080 0.84705882 0.84705882 0.84705882
f 2430 2432 2429
f 2433 2430 2429
f 2429 2432 2431
f 2431 2433 2429
f 2430 2436 2432
f 2434 2430 2433
f 2434 2436 2430
f 2432 2436 2431
f 2435 2433 2431
f 2431 2436 2435
f 2435 2434 2433
f 2436 2434 2435

o geometry_197
v 5.45315760 0.00000000 -3.82021080 0.84705882 0.84705882 0.84705882
v 5.45315760 2.80000000 -3.82021080 0.84705882 0.84705882 0.84705882
v 5.60315760 0.00000000 -3.82021080 0.84705882 0.84705882 0.84705882
v 5.60315760 2.80000000 -3.82021080 0.84705882 0.84705882 0.84705882
v 5.45315760 0.00000000 -3.80652020 0.84705882 0.84705882 0.84705882
v 5.45315760 2.80000000 -3.80652020 0.84705882 0.84705882 0.84705882
v 5.60315760 0.00000000 -3.80652020 0.84705882 0.84705882 0.84705882
v 5.60315760 2.80000000 -3.80652020 0.84705882 0.84705882 0.84705882
f 2438 2440 2437
f 2441 2438 2437
f 2437 2440 2439
f 2439 2441 2437
f 2438 2444 2440
f 2442 2438 2441
f 2442 2444 2438
f 2440 2444 2439
f 2443 2441 2439
f 2439 2444 2443
f 2443 2442 2441
f 2444 2442 2443

o geometry_198
v 5.52815760 0.00000000 -3.73152020 0.84705882 0.84705882 0.84705882
v 5.52815760 2.80000000 -3.73152020 0.84705882 0.84705882 0.84705882
v 5.52815760 0.00000000 -3.88152020 0.84705882 0.84705882 0.84705882
v 5.52815760 2.80000000 -3.88152020 0.84705882 0.84705882 0.84705882
v 5.56016160 0.00000000 -3.73152020 0.84705882 0.84705882 0.84705882
v 5.56016160 2.80000000 -3.73152020 0.84705882 0.84705882 0.84705882
v 5.56016160 0.00000000 -3.88152020 0.84705882 0.84705882 0.84705882
v 5.56016160 2.80000000 -3.88152020 0.84705882 0.84705882 0.84705882
f 2446 2448 2445
f 2449 2446 2445
f 2445 2448 2447
f 2447 2449 2445
f 2446 2452 2448
f 2450 2446 2449
f 2450 2452 2446
f 2448 2452 2447
f 2451 2449 2447
f 2447 2452 2451
f 2451 2450 2449
f 2452 2450 2451

o geometry_199
v 5.63516160 0.00000000 -3.80652020 0.84705882 0.84705882 0.84705882
v 5.63516160 2.80000000 -3.80652020 0.84705882 0.84705882 0.84705882
v 5.48516160 0.00000000 -3.80652020 0.84705882 0.84705882 0.84705882
v 5.48516160 2.80000000 -3.80652020 0.84705882 0.84705882 0.84705882
v 5.63516160 0.00000000 -3.82021080 0.84705882 0.84705882 0.84705882
v 5.63516160 2.80000000 -3.82021080 0.84705882 0.84705882 0.84705882
v 5.48516160 0.00000000 -3.82021080 0.84705882 0.84705882 0.84705882
v 5.48516160 2.80000000 -3.82021080 0.84705882 0.84705882 0.84705882
f 2454 2456 2453
f 2457 2454 2453
f 2453 2456 2455
f 2455 2457 2453
f 2454 2460 2456
f 2458 2454 2457
f 2458 2460 2454
f 2456 2460 2455
f 2459 2457 2455
f 2455 2460 2459
f 2459 2458 2457
f 2460 2458 2459

o geometry_200
v 8.97846820 0.00000000 -4.78244520 0.84705882 0.84705882 0.84705882
v 8.97846820 2.80000000 -4.78244520 0.84705882 0.84705882 0.84705882
v 8.97846820 0.00000000 -4.93244520 0.84705882 0.84705882 0.84705882
v 8.97846820 2.80000000 -4.93244520 0.84705882 0.84705882 0.84705882
v 9.05019780 0.00000000 -4.78244520 0.84705882 0.84705882 0.84705882
v 9.05019780 2.80000000 -4.78244520 0.84705882 0.84705882 0.84705882
v 9.05019780 0.00000000 -4.93244520 0.84705882 0.84705882 0.84705882
v 9.05019780 2.80000000 -4.93244520 0.84705882 0.84705882 0.84705882
f 2462 2464 2461
f 2465 2462 2461
f 2461 2464 2463
f 2463 2465 2461
f 2462 2468 2464
f 2466 2462 2465
f 2466 2468 2462
f 2464 2468 2463
f 2467 2465 2463
f 2463 2468 2467
f 2467 2466 2465
f 2468 2466 2467

o geometry_201
v 8.97519780 0.00000000 -4.85744520 0.84705882 0.84705882 0.84705882
v 8.97519780 2.80000000 -4.85744520 0.84705882 0.84705882 0.84705882
v 9.12519780 0.00000000 -4.85744520 0.84705882 0.84705882 0.84705882
v 9.12519780 2.80000000 -4.85744520 0.84705882 0.84705882 0.84705882
v 8.97519780 0.00000000 -4.84057960 0.84705882 0.84705882 0.84705882
v 8.97519780 2.80000000 -4.84057960 0.84705882 0.84705882 0.84705882
v 9.12519780 0.00000000 -4.84057960 0.84705882 0.84705882 0.84705882
v 9.12519780 2.80000000 -4.84057960 0.84705882 0.84705882 0.84705882
f 2470 2472 2469
f 2473 2470 2469
f 2469 2472 2471
f 2471 2473 2469
f 2470 2476 2472
f 2474 2470 2473
f 2474 2476 2470
f 2472 2476 2471
f 2475 2473 2471
f 2471 2476 2475
f 2475 2474 2473
f 2476 2474 2475

o geometry_202
v 9.05346820 0.00000000 -4.84057960 0.84705882 0.84705882 0.84705882
v 9.05346820 2.80000000 -4.84057960 0.84705882 0.84705882 0.84705882
v 8.90346820 0.00000000 -4.84057960 0.84705882 0.84705882 0.84705882
v 8.90346820 2.80000000 -4.84057960 0.84705882 0.84705882 0.84705882
v 9.05346820 0.00000000 -4.85744520 0.84705882 0.84705882 0.84705882
v 9.05346820 2.80000000 -4.85744520 0.84705882 0.84705882 0.84705882
v 8.90346820 0.00000000 -4.85744520 0.84705882 0.84705882 0.84705882
v 8.90346820 2.80000000 -4.85744520 0.84705882 0.84705882 0.84705882
f 2478 2480 2477
f 2481 2478 2477
f 2477 2480 2479
f 2479 2481 2477
f 2478 2484 2480
f 2482 2478 2481
f 2482 2484 2478
f 2480 2484 2479
f 2483 2481 2479
f 2479 2484 2483
f 2483 2482 2481
f 2484 2482 2483

o geometry_203
v 7.92140260 0.00000000 -5.25106900 0.84705882 0.84705882 0.84705882
v 7.92140260 2.80000000 -5.25106900 0.84705882 0.84705882 0.84705882
v 8.07140260 0.00000000 -5.25106900 0.84705882 0.84705882 0.84705882
v 8.07140260 2.80000000 -5.25106900 0.84705882 0.84705882 0.84705882
v 7.92140260 0.00000000 -5.19028680 0.84705882 0.84705882 0.84705882
v 7.92140260 2.80000000 -5.19028680 0.84705882 0.84705882 0.84705882
v 8.07140260 0.00000000 -5.19028680 0.84705882 0.84705882 0.84705882
v 8.07140260 2.80000000 -5.19028680 0.84705882 0.84705882 0.84705882
f 2486 2488 2485
f 2489 2486 2485
f 2485 2488 2487
f 2487 2489 2485
f 2486 2492 2488
f 2490 2486 2489
f 2490 2492 2486
f 2488 2492 2487
f 2491 2489 2487
f 2487 2492 2491
f 2491 2490 2489
f 2492 2490 2491

o geometry_204
v 7.94336959 0.00000000 -5.24331981 0.84705882 0.84705882 0.84705882
v 7.94336959 2.80000000 -5.24331981 0.84705882 0.84705882 0.84705882
v 8.04943561 0.00000000 -5.13725379 0.84705882 0.84705882 0.84705882
v 8.04943561 2.80000000 -5.13725379 0.84705882 0.84705882 0.84705882
v 7.86716959 0.00000000 -5.16711981 0.84705882 0.84705882 0.84705882
v 7.86716959 2.80000000 -5.16711981 0.84705882 0.84705882 0.84705882
v 7.97323561 0.00000000 -5.06105379 0.84705882 0.84705882 0.84705882
v 7.97323561 2.80000000 -5.06105379 0.84705882 0.84705882 0.84705882
f 2494 2496 2493
f 2497 2494 2493
f 2493 2496 2495
f 2495 2497 2493
f 2494 2500 2496
f 2498 2494 2497
f 2498 2500 2494
f 2496 2500 2495
f 2499 2497 2495
f 2495 2500 2499
f 2499 2498 2497
f 2500 2498 2499

o geometry_205
v 7.92020260 0.00000000 -5.18908680 0.84705882 0.84705882 0.84705882
v 7.92020260 2.80000000 -5.18908680 0.84705882 0.84705882 0.84705882
v 7.92020260 0.00000000 -5.03908680 0.84705882 0.84705882 0.84705882
v 7.92020260 2.80000000 -5.03908680 0.84705882 0.84705882 0.84705882
v 7.60303280 0.00000000 -5.18908680 0.84705882 0.84705882 0.84705882
v 7.60303280 2.80000000 -5.18908680 0.84705882 0.84705882 0.84705882
v 7.60303280 0.00000000 -5.03908680 0.84705882 0.84705882 0.84705882
v 7.60303280 2.80000000 -5.03908680 0.84705882 0.84705882 0.84705882
f 2502 2504 2501
f 2505 2502 2501
f 2501 2504 2503
f 2503 2505 2501
f 2502 2508 2504
f 2506 2502 2505
f 2506 2508 2502
f 2504 2508 2503
f 2507 2505 2503
f 2503 2508 2507
f 2507 2506 2505
f 2508 2506 2507

o geometry_206
v 7.67551786 0.00000000 -5.11386062 0.84705882 0.84705882 0.84705882
v 7.67551786 2.80000000 -5.11386062 0.84705882 0.84705882 0.84705882
v 7.52551854 0.00000000 -5.11431298 0.84705882 0.84705882 0.84705882
v 7.52551854 2.80000000 -5.11431298 0.84705882 0.84705882 0.84705882
v 7.67699106 0.00000000 -5.60235342 0.84705882 0.84705882 0.84705882
v 7.67699106 2.80000000 -5.60235342 0.84705882 0.84705882 0.84705882
v 7.52699174 0.00000000 -5.60280578 0.84705882 0.84705882 0.84705882
v 7.52699174 2.80000000 -5.60280578 0.84705882 0.84705882 0.84705882
f 2510 2512 2509
f 2513 2510 2509
f 2509 2512 2511
f 2511 2513 2509
f 2510 2516 2512
f 2514 2510 2513
f 2514 2516 2510
f 2512 2516 2511
f 2515 2513 2511
f 2511 2516 2515
f 2515 2514 2513
f 2516 2514 2515

o geometry_207
v 7.60199140 0.00000000 -5.52757960 0.84705882 0.84705882 0.84705882
v 7.60199140 2.80000000 -5.52757960 0.84705882 0.84705882 0.84705882
v 7.60199140 0.00000000 -5.67757960 0.84705882 0.84705882 0.84705882
v 7.60199140 2.80000000 -5.67757960 0.84705882 0.84705882 0.84705882
v 7.99640260 0.00000000 -5.52757960 0.84705882 0.84705882 0.84705882
v 7.99640260 2.80000000 -5.52757960 0.84705882 0.84705882 0.84705882
v 7.99640260 0.00000000 -5.67757960 0.84705882 0.84705882 0.84705882
v 7.99640260 2.80000000 -5.67757960 0.84705882 0.84705882 0.84705882
f 2518 2520 2517
f 2521 2518 2517
f 2517 2520 2519
f 2519 2521 2517
f 2518 2524 2520
f 2522 2518 2521
f 2522 2524 2518
f 2520 2524 2519
f 2523 2521 2519
f 2519 2524 2523
f 2523 2522 2521
f 2524 2522 2523

o geometry_208
v 7.92140260 0.00000000 -5.60257960 0.84705882 0.84705882 0.84705882
v 7.92140260 2.80000000 -5.60257960 0.84705882 0.84705882 0.84705882
v 8.07140260 0.00000000 -5.60257960 0.84705882 0.84705882 0.84705882
v 8.07140260 2.80000000 -5.60257960 0.84705882 0.84705882 0.84705882
v 7.92140260 0.00000000 -5.47121080 0.84705882 0.84705882 0.84705882
v 7.92140260 2.80000000 -5.47121080 0.84705882 0.84705882 0.84705882
v 8.07140260 0.00000000 -5.47121080 0.84705882 0.84705882 0.84705882
v 8.07140260 2.80000000 -5.47121080 0.84705882 0.84705882 0.84705882
f 2526 2528 2525
f 2529 2526 2525
f 2525 2528 2527
f 2527 2529 2525
f 2526 2532 2528
f 2530 2526 2529
f 2530 2532 2526
f 2528 2532 2527
f 2531 2529 2527
f 2527 2532 2531
f 2531 2530 2529
f 2532 2530 2531

o geometry_209
v 7.63183640 0.00000000 -5.27683080 0.84705882 0.84705882 0.84705882
v 7.63183640 2.80000000 -5.27683080 0.84705882 0.84705882 0.84705882
v 7.63183640 0.00000000 -5.42683080 0.84705882 0.84705882 0.84705882
v 7.63183640 2.80000000 -5.42683080 0.84705882 0.84705882 0.84705882
v 7.75896340 0.00000000 -5.27683080 0.84705882 0.84705882 0.84705882
v 7.75896340 2.80000000 -5.27683080 0.84705882 0.84705882 0.84705882
v 7.75896340 0.00000000 -5.42683080 0.84705882 0.84705882 0.84705882
v 7.75896340 2.80000000 -5.42683080 0.84705882 0.84705882 0.84705882
f 2534 2536 2533
f 2537 2534 2533
f 2533 2536 2535
f 2535 2537 2533
f 2534 2540 2536
f 2538 2534 2537
f 2538 2540 2534
f 2536 2540 2535
f 2539 2537 2535
f 2535 2540 2539
f 2539 2538 2537
f 2540 2538 2539

o geometry_210
v 7.83396340 2.10000000 -5.35183080 0.84705882 0.84705882 0.84705882
v 7.83396340 2.80000000 -5.35183080 0.84705882 0.84705882 0.84705882
v 7.68396340 2.10000000 -5.35183080 0.84705882 0.84705882 0.84705882
v 7.68396340 2.80000000 -5.35183080 0.84705882 0.84705882 0.84705882
v 7.83396340 2.10000000 -5.37524960 0.84705882 0.84705882 0.84705882
v 7.83396340 2.80000000 -5.37524960 0.84705882 0.84705882 0.84705882
v 7.68396340 2.10000000 -5.37524960 0.84705882 0.84705882 0.84705882
v 7.68396340 2.80000000 -5.37524960 0.84705882 0.84705882 0.84705882
f 2542 2544 2541
f 2545 2542 2541
f 2541 2544 2543
f 2543 2545 2541
f 2542 2548 2544
f 2546 2542 2545
f 2546 2548 2542
f 2544 2548 2543
f 2547 2545 2543
f 2543 2548 2547
f 2547 2546 2545
f 2548 2546 2547

o geometry_211
v 7.77534644 0.00000000 -5.36330233 0.54117647 0.35294118 0.16862745
v 7.77534644 2.10000000 -5.36330233 0.54117647 0.35294118 0.16862745
v 7.74258036 0.00000000 -5.34035927 0.54117647 0.35294118 0.16862745
v 7.74258036 2.10000000 -5.34035927 0.54117647 0.35294118 0.16862745
v 7.76191397 0.00000000 -5.38248589 0.54117647 0.35294118 0.16862745
v 7.76191397 2.10000000 -5.38248589 0.54117647 0.35294118 0.16862745
v 7.72914789 0.00000000 -5.35954283 0.54117647 0.35294118 0.16862745
v 7.72914789 2.10000000 -5.35954283 0.54117647 0.35294118 0.16862745
f 2550 2552 2549
f 2553 2550 2549
f 2549 2552 2551
f 2551 2553 2549
f 2550 2556 2552
f 2554 2550 2553
f 2554 2556 2550
f 2552 2556 2551
f 2555 2553 2551
f 2551 2556 2555
f 2555 2554 2553
f 2556 2554 2555

o geometry_212
v 7.75896340 0.00000000 -5.45024960 0.84705882 0.84705882 0.84705882
v 7.75896340 2.80000000 -5.45024960 0.84705882 0.84705882 0.84705882
v 7.75896340 0.00000000 -5.30024960 0.84705882 0.84705882 0.84705882
v 7.75896340 2.80000000 -5.30024960 0.84705882 0.84705882 0.84705882
v 7.65591560 0.00000000 -5.45024960 0.84705882 0.84705882 0.84705882
v 7.65591560 2.80000000 -5.45024960 0.84705882 0.84705882 0.84705882
v 7.65591560 0.00000000 -5.30024960 0.84705882 0.84705882 0.84705882
v 7.65591560 2.80000000 -5.30024960 0.84705882 0.84705882 0.84705882
f 2558 2560 2557
f 2561 2558 2557
f 2557 2560 2559
f 2559 2561 2557
f 2558 2564 2560
f 2562 2558 2561
f 2562 2564 2558
f 2560 2564 2559
f 2563 2561 2559
f 2559 2564 2563
f 2563 2562 2561
f 2564 2562 2563

o geometry_213
v 7.55683640 0.00000000 -5.37524960 0.84705882 0.84705882 0.84705882
v 7.55683640 2.80000000 -5.37524960 0.84705882 0.84705882 0.84705882
v 7.70683640 0.00000000 -5.37524960 0.84705882 0.84705882 0.84705882
v 7.70683640 2.80000000 -5.37524960 0.84705882 0.84705882 0.84705882
v 7.55683640 0.00000000 -5.35183080 0.84705882 0.84705882 0.84705882
v 7.55683640 2.80000000 -5.35183080 0.84705882 0.84705882 0.84705882
v 7.70683640 0.00000000 -5.35183080 0.84705882 0.84705882 0.84705882
v 7.70683640 2.80000000 -5.35183080 0.84705882 0.84705882 0.84705882
f 2566 2568 2565
f 2569 2566 2565
f 2565 2568 2567
f 2567 2569 2565
f 2566 2572 2568
f 2570 2566 2569
f 2570 2572 2566
f 2568 2572 2567
f 2571 2569 2567
f 2567 2572 2571
f 2571 2570 2569
f 2572 2570 2571

o geometry_214
v 7.71902840 0.00000000 -5.36595320 0.84705882 0.84705882 0.84705882
v 7.71902840 2.80000000 -5.36595320 0.84705882 0.84705882 0.84705882
v 7.56902840 0.00000000 -5.36595320 0.84705882 0.84705882 0.84705882
v 7.56902840 2.80000000 -5.36595320 0.84705882 0.84705882 0.84705882
v 7.71902840 0.00000000 -5.41726120 0.84705882 0.84705882 0.84705882
v 7.71902840 2.80000000 -5.41726120 0.84705882 0.84705882 0.84705882
v 7.56902840 0.00000000 -5.41726120 0.84705882 0.84705882 0.84705882
v 7.56902840 2.80000000 -5.41726120 0.84705882 0.84705882 0.84705882
f 2574 2576 2573
f 2577 2574 2573
f 2573 2576 2575
f 2575 2577 2573
f 2574 2580 2576
f 2578 2574 2577
f 2578 2580 2574
f 2576 2580 2575
f 2579 2577 2575
f 2575 2580 2579
f 2579 2578 2577
f 2580 2578 2579

o geometry_215
v 7.58089021 0.00000000 -5.41722407 0.84705882 0.84705882 0.84705882
v 7.58089021 2.80000000 -5.41722407 0.84705882 0.84705882 0.84705882
v 7.73089019 0.00000000 -5.41729833 0.84705882 0.84705882 0.84705882
v 7.73089019 2.80000000 -5.41729833 0.84705882 0.84705882 0.84705882
v 7.58091561 0.00000000 -5.36591607 0.84705882 0.84705882 0.84705882
v 7.58091561 2.80000000 -5.36591607 0.84705882 0.84705882 0.84705882
v 7.73091559 0.00000000 -5.36599033 0.84705882 0.84705882 0.84705882
v 7.73091559 2.80000000 -5.36599033 0.84705882 0.84705882 0.84705882
f 2582 2584 2581
f 2585 2582 2581
f 2581 2584 2583
f 2583 2585 2581
f 2582 2588 2584
f 2586 2582 2585
f 2586 2588 2582
f 2584 2588 2583
f 2587 2585 2583
f 2583 2588 2587
f 2587 2586 2585
f 2588 2586 2587

o geometry_216
v 7.61367540 0.00000000 -4.33413520 0.84705882 0.84705882 0.84705882
v 7.61367540 2.80000000 -4.33413520 0.84705882 0.84705882 0.84705882
v 7.61367540 0.00000000 -4.48413520 0.84705882 0.84705882 0.84705882
v 7.61367540 2.80000000 -4.48413520 0.84705882 0.84705882 0.84705882
v 7.76361160 0.00000000 -4.33413520 0.84705882 0.84705882 0.84705882
v 7.76361160 2.80000000 -4.33413520 0.84705882 0.84705882 0.84705882
v 7.76361160 0.00000000 -4.48413520 0.84705882 0.84705882 0.84705882
v 7.76361160 2.80000000 -4.48413520 0.84705882 0.84705882 0.84705882
f 2590 2592 2589
f 2593 2590 2589
f 2589 2592 2591
f 2591 2593 2589
f 2590 2596 2592
f 2594 2590 2593
f 2594 2596 2590
f 2592 2596 2591
f 2595 2593 2591
f 2591 2596 2595
f 2595 2594 2593
f 2596 2594 2595

o geometry_217
v 7.68861160 0.00000000 -4.40913520 0.84705882 0.84705882 0.84705882
v 7.68861160 2.80000000 -4.40913520 0.84705882 0.84705882 0.84705882
v 7.83861160 0.00000000 -4.40913520 0.84705882 0.84705882 0.84705882
v 7.83861160 2.80000000 -4.40913520 0.84705882 0.84705882 0.84705882
v 7.68861160 0.00000000 -4.36877460 0.84705882 0.84705882 0.84705882
v 7.68861160 2.80000000 -4.36877460 0.84705882 0.84705882 0.84705882
v 7.83861160 0.00000000 -4.36877460 0.84705882 0.84705882 0.84705882
v 7.83861160 2.80000000 -4.36877460 0.84705882 0.84705882 0.84705882
f 2598 2600 2597
f 2601 2598 2597
f 2597 2600 2599
f 2599 2601 2597
f 2598 2604 2600
f 2602 2598 2601
f 2602 2604 2598
f 2600 2604 2599
f 2603 2601 2599
f 2599 2604 2603
f 2603 2602 2601
f 2604 2602 2603

o geometry_218
v 7.76361160 0.00000000 -4.44377460 0.84705882 0.84705882 0.84705882
v 7.76361160 2.80000000 -4.44377460 0.84705882 0.84705882 0.84705882
v 7.76361160 0.00000000 -4.29377460 0.84705882 0.84705882 0.84705882
v 7.76361160 2.80000000 -4.29377460 0.84705882 0.84705882 0.84705882
v 7.61367540 0.00000000 -4.44377460 0.84705882 0.84705882 0.84705882
v 7.61367540 2.80000000 -4.44377460 0.84705882 0.84705882 0.84705882
v 7.61367540 0.00000000 -4.29377460 0.84705882 0.84705882 0.84705882
v 7.61367540 2.80000000 -4.29377460 0.84705882 0.84705882 0.84705882
f 2606 2608 2605
f 2609 2606 2605
f 2605 2608 2607
f 2607 2609 2605
f 2606 2612 2608
f 2610 2606 2609
f 2610 2612 2606
f 2608 2612 2607
f 2611 2609 2607
f 2607 2612 2611
f 2611 2610 2609
f 2612 2610 2611

o geometry_219
v 7.68867540 0.00000000 -4.36877460 0.84705882 0.84705882 0.84705882
v 7.68867540 2.80000000 -4.36877460 0.84705882 0.84705882 0.84705882
v 7.53867540 0.00000000 -4.36877460 0.84705882 0.84705882 0.84705882
v 7.53867540 2.80000000 -4.36877460 0.84705882 0.84705882 0.84705882
v 7.68867540 0.00000000 -4.40913520 0.84705882 0.84705882 0.84705882
v 7.68867540 2.80000000 -4.40913520 0.84705882 0.84705882 0.84705882
v 7.53867540 0.00000000 -4.40913520 0.84705882 0.84705882 0.84705882
v 7.53867540 2.80000000 -4.40913520 0.84705882 0.84705882 0.84705882
f 2614 2616 2613
f 2617 2614 2613
f 2613 2616 2615
f 2615 2617 2613
f 2614 2620 2616
f 2618 2614 2617
f 2618 2620 2614
f 2616 2620 2615
f 2619 2617 2615
f 2615 2620 2619
f 2619 2618 2617
f 2620 2618 2619

o geometry_220
v 7.67899800 0.00000000 -3.75566940 0.84705882 0.84705882 0.84705882
v 7.67899800 2.80000000 -3.75566940 0.84705882 0.84705882 0.84705882
v 7.52899800 0.00000000 -3.75566940 0.84705882 0.84705882 0.84705882
v 7.52899800 2.80000000 -3.75566940 0.84705882 0.84705882 0.84705882
v 7.67899800 0.00000000 -3.79714760 0.84705882 0.84705882 0.84705882
v 7.67899800 2.80000000 -3.79714760 0.84705882 0.84705882 0.84705882
v 7.52899800 0.00000000 -3.79714760 0.84705882 0.84705882 0.84705882
v 7.52899800 2.80000000 -3.79714760 0.84705882 0.84705882 0.84705882
f 2622 2624 2621
f 2625 2622 2621
f 2621 2624 2623
f 2623 2625 2621
f 2622 2628 2624
f 2626 2622 2625
f 2626 2628 2622
f 2624 2628 2623
f 2627 2625 2623
f 2623 2628 2627
f 2627 2626 2625
f 2628 2626 2627

o geometry_221
v 7.60399800 0.00000000 -3.72214760 0.84705882 0.84705882 0.84705882
v 7.60399800 2.80000000 -3.72214760 0.84705882 0.84705882 0.84705882
v 7.60399800 0.00000000 -3.87214760 0.84705882 0.84705882 0.84705882
v 7.60399800 2.80000000 -3.87214760 0.84705882 0.84705882 0.84705882
v 7.63935480 0.00000000 -3.72214760 0.84705882 0.84705882 0.84705882
v 7.63935480 2.80000000 -3.72214760 0.84705882 0.84705882 0.84705882
v 7.63935480 0.00000000 -3.87214760 0.84705882 0.84705882 0.84705882
v 7.63935480 2.80000000 -3.87214760 0.84705882 0.84705882 0.84705882
f 2630 2632 2629
f 2633 2630 2629
f 2629 2632 2631
f 2631 2633 2629
f 2630 2636 2632
f 2634 2630 2633
f 2634 2636 2630
f 2632 2636 2631
f 2635 2633 2631
f 2631 2636 2635
f 2635 2634 2633
f 2636 2634 2635

o geometry_222
v 7.63935480 0.00000000 -3.72214760 0.84705882 0.84705882 0.84705882
v 7.63935480 2.80000000 -3.72214760 0.84705882 0.84705882 0.84705882
v 7.63935480 0.00000000 -3.87214760 0.84705882 0.84705882 0.84705882
v 7.63935480 2.80000000 -3.87214760 0.84705882 0.84705882 0.84705882
v 7.75589000 0.00000000 -3.72214760 0.84705882 0.84705882 0.84705882
v 7.75589000 2.80000000 -3.72214760 0.84705882 0.84705882 0.84705882
v 7.75589000 0.00000000 -3.87214760 0.84705882 0.84705882 0.84705882
v 7.75589000 2.80000000 -3.87214760 0.84705882 0.84705882 0.84705882
f 2638 2640 2637
f 2641 2638 2637
f 2637 2640 2639
f 2639 2641 2637
f 2638 2644 2640
f 2642 2638 2641
f 2642 2644 2638
f 2640 2644 2639
f 2643 2641 2639
f 2639 2644 2643
f 2643 2642 2641
f 2644 2642 2643

o geometry_223
v 7.68089000 0.00000000 -3.79714760 0.84705882 0.84705882 0.84705882
v 7.68089000 2.80000000 -3.79714760 0.84705882 0.84705882 0.84705882
v 7.83089000 0.00000000 -3.79714760 0.84705882 0.84705882 0.84705882
v 7.83089000 2.80000000 -3.79714760 0.84705882 0.84705882 0.84705882
v 7.68089000 0.00000000 -3.75566940 0.84705882 0.84705882 0.84705882
v 7.68089000 2.80000000 -3.75566940 0.84705882 0.84705882 0.84705882
v 7.83089000 0.00000000 -3.75566940 0.84705882 0.84705882 0.84705882
v 7.83089000 2.80000000 -3.75566940 0.84705882 0.84705882 0.84705882
f 2646 2648 2645
f 2649 2646 2645
f 2645 2648 2647
f 2647 2649 2645
f 2646 2652 2648
f 2650 2646 2649
f 2650 2652 2646
f 2648 2652 2647
f 2651 2649 2647
f 2647 2652 2651
f 2651 2650 2649
f 2652 2650 2651

o geometry_224
v 7.75589000 0.00000000 -3.83066940 0.84705882 0.84705882 0.84705882
v 7.75589000 2.80000000 -3.83066940 0.84705882 0.84705882 0.84705882
v 7.75589000 0.00000000 -3.68066940 0.84705882 0.84705882 0.84705882
v 7.75589000 2.80000000 -3.68066940 0.84705882 0.84705882 0.84705882
v 7.63935480 0.00000000 -3.83066940 0.84705882 0.84705882 0.84705882
v 7.63935480 2.80000000 -3.83066940 0.84705882 0.84705882 0.84705882
v 7.63935480 0.00000000 -3.68066940 0.84705882 0.84705882 0.84705882
v 7.63935480 2.80000000 -3.68066940 0.84705882 0.84705882 0.84705882
f 2654 2656 2653
f 2657 2654 2653
f 2653 2656 2655
f 2655 2657 2653
f 2654 2660 2656
f 2658 2654 2657
f 2658 2660 2654
f 2656 2660 2655
f 2659 2657 2655
f 2655 2660 2659
f 2659 2658 2657
f 2660 2658 2659

o geometry_225
v 7.63935480 0.00000000 -3.83066940 0.84705882 0.84705882 0.84705882
v 7.63935480 2.80000000 -3.83066940 0.84705882 0.84705882 0.84705882
v 7.63935480 0.00000000 -3.68066940 0.84705882 0.84705882 0.84705882
v 7.63935480 2.80000000 -3.68066940 0.84705882 0.84705882 0.84705882
v 7.60399800 0.00000000 -3.83066940 0.84705882 0.84705882 0.84705882
v 7.60399800 2.80000000 -3.83066940 0.84705882 0.84705882 0.84705882
v 7.60399800 0.00000000 -3.68066940 0.84705882 0.84705882 0.84705882
v 7.60399800 2.80000000 -3.68066940 0.84705882 0.84705882 0.84705882
f 2662 2664 2661
f 2665 2662 2661
f 2661 2664 2663
f 2663 2665 2661
f 2662 2668 2664
f 2666 2662 2665
f 2666 2668 2662
f 2664 2668 2663
f 2667 2665 2663
f 2663 2668 2667
f 2667 2666 2665
f 2668 2666 2667

o geometry_226
v 7.71435480 0.00000000 -3.79714760 0.84705882 0.84705882 0.84705882
v 7.71435480 2.80000000 -3.79714760 0.84705882 0.84705882 0.84705882
v 7.56435480 0.00000000 -3.79714760 0.84705882 0.84705882 0.84705882
v 7.56435480 2.80000000 -3.79714760 0.84705882 0.84705882 0.84705882
v 7.71435480 0.00000000 -3.81373380 0.84705882 0.84705882 0.84705882
v 7.71435480 2.80000000 -3.81373380 0.84705882 0.84705882 0.84705882
v 7.56435480 0.00000000 -3.81373380 0.84705882 0.84705882 0.84705882
v 7.56435480 2.80000000 -3.81373380 0.84705882 0.84705882 0.84705882
f 2670 2672 2669
f 2673 2670 2669
f 2669 2672 2671
f 2671 2673 2669
f 2670 2676 2672
f 2674 2670 2673
f 2674 2676 2670
f 2672 2676 2671
f 2675 2673 2671
f 2671 2676 2675
f 2675 2674 2673
f 2676 2674 2675

o geometry_227
v 7.53707520 0.00000000 -3.73908320 0.84705882 0.84705882 0.84705882
v 7.53707520 2.80000000 -3.73908320 0.84705882 0.84705882 0.84705882
v 7.68707520 0.00000000 -3.73908320 0.84705882 0.84705882 0.84705882
v 7.68707520 2.80000000 -3.73908320 0.84705882 0.84705882 0.84705882
v 7.53707520 0.00000000 -3.68919760 0.84705882 0.84705882 0.84705882
v 7.53707520 2.80000000 -3.68919760 0.84705882 0.84705882 0.84705882
v 7.68707520 0.00000000 -3.68919760 0.84705882 0.84705882 0.84705882
v 7.68707520 2.80000000 -3.68919760 0.84705882 0.84705882 0.84705882
f 2678 2680 2677
f 2681 2678 2677
f 2677 2680 2679
f 2679 2681 2677
f 2678 2684 2680
f 2682 2678 2681
f 2682 2684 2678
f 2680 2684 2679
f 2683 2681 2679
f 2679 2684 2683
f 2683 2682 2681
f 2684 2682 2683

o geometry_228
v 7.61207520 0.00000000 -3.61419760 0.84705882 0.84705882 0.84705882
v 7.61207520 2.80000000 -3.61419760 0.84705882 0.84705882 0.84705882
v 7.61207520 0.00000000 -3.76419760 0.84705882 0.84705882 0.84705882
v 7.61207520 2.80000000 -3.76419760 0.84705882 0.84705882 0.84705882
v 7.66196080 0.00000000 -3.61419760 0.84705882 0.84705882 0.84705882
v 7.66196080 2.80000000 -3.61419760 0.84705882 0.84705882 0.84705882
v 7.66196080 0.00000000 -3.76419760 0.84705882 0.84705882 0.84705882
v 7.66196080 2.80000000 -3.76419760 0.84705882 0.84705882 0.84705882
f 2686 2688 2685
f 2689 2686 2685
f 2685 2688 2687
f 2687 2689 2685
f 2686 2692 2688
f 2690 2686 2689
f 2690 2692 2686
f 2688 2692 2687
f 2691 2689 2687
f 2687 2692 2691
f 2691 2690 2689
f 2692 2690 2691

o geometry_229
v 7.73696080 0.00000000 -3.68919760 0.84705882 0.84705882 0.84705882
v 7.73696080 2.80000000 -3.68919760 0.84705882 0.84705882 0.84705882
v 7.58696080 0.00000000 -3.68919760 0.84705882 0.84705882 0.84705882
v 7.58696080 2.80000000 -3.68919760 0.84705882 0.84705882 0.84705882
v 7.73696080 0.00000000 -3.73908320 0.84705882 0.84705882 0.84705882
v 7.73696080 2.80000000 -3.73908320 0.84705882 0.84705882 0.84705882
v 7.58696080 0.00000000 -3.73908320 0.84705882 0.84705882 0.84705882
v 7.58696080 2.80000000 -3.73908320 0.84705882 0.84705882 0.84705882
f 2694 2696 2693
f 2697 2694 2693
f 2693 2696 2695
f 2695 2697 2693
f 2694 2700 2696
f 2698 2694 2697
f 2698 2700 2694
f 2696 2700 2695
f 2699 2697 2695
f 2695 2700 2699
f 2699 2698 2697
f 2700 2698 2699

o geometry_230
v 7.66196080 0.00000000 -3.81408320 0.84705882 0.84705882 0.84705882
v 7.66196080 2.80000000 -3.81408320 0.84705882 0.84705882 0.84705882
v 7.66196080 0.00000000 -3.66408320 0.84705882 0.84705882 0.84705882
v 7.66196080 2.80000000 -3.66408320 0.84705882 0.84705882 0.84705882
v 7.63935480 0.00000000 -3.81408320 0.84705882 0.84705882 0.84705882
v 7.63935480 2.80000000 -3.81408320 0.84705882 0.84705882 0.84705882
v 7.63935480 0.00000000 -3.66408320 0.84705882 0.84705882 0.84705882
v 7.63935480 2.80000000 -3.66408320 0.84705882 0.84705882 0.84705882
f 2702 2704 2701
f 2705 2702 2701
f 2701 2704 2703
f 2703 2705 2701
f 2702 2708 2704
f 2706 2702 2705
f 2706 2708 2702
f 2704 2708 2703
f 2707 2705 2703
f 2703 2708 2707
f 2707 2706 2705
f 2708 2706 2707

o geometry_231
v 7.63935480 0.00000000 -3.81408320 0.84705882 0.84705882 0.84705882
v 7.63935480 2.80000000 -3.81408320 0.84705882 0.84705882 0.84705882
v 7.63935480 0.00000000 -3.66408320 0.84705882 0.84705882 0.84705882
v 7.63935480 2.80000000 -3.66408320 0.84705882 0.84705882 0.84705882
v 7.61207520 0.00000000 -3.81408320 0.84705882 0.84705882 0.84705882
v 7.61207520 2.80000000 -3.81408320 0.84705882 0.84705882 0.84705882
v 7.61207520 0.00000000 -3.66408320 0.84705882 0.84705882 0.84705882
v 7.61207520 2.80000000 -3.66408320 0.84705882 0.84705882 0.84705882
f 2710 2712 2709
f 2713 2710 2709
f 2709 2712 2711
f 2711 2713 2709
f 2710 2716 2712
f 2714 2710 2713
f 2714 2716 2710
f 2712 2716 2711
f 2715 2713 2711
f 2711 2716 2715
f 2715 2714 2713
f 2716 2714 2715

o geometry_232
v 7.68707520 0.00000000 -3.81373380 0.84705882 0.84705882 0.84705882
v 7.68707520 2.80000000 -3.81373380 0.84705882 0.84705882 0.84705882
v 7.53707520 0.00000000 -3.81373380 0.84705882 0.84705882 0.84705882
v 7.53707520 2.80000000 -3.81373380 0.84705882 0.84705882 0.84705882
v 7.68707520 0.00000000 -3.86361940 0.84705882 0.84705882 0.84705882
v 7.68707520 2.80000000 -3.86361940 0.84705882 0.84705882 0.84705882
v 7.53707520 0.00000000 -3.86361940 0.84705882 0.84705882 0.84705882
v 7.53707520 2.80000000 -3.86361940 0.84705882 0.84705882 0.84705882
f 2718 2720 2717
f 2721 2718 2717
f 2717 2720 2719
f 2719 2721 2717
f 2718 2724 2720
f 2722 2718 2721
f 2722 2724 2718
f 2720 2724 2719
f 2723 2721 2719
f 2719 2724 2723
f 2723 2722 2721
f 2724 2722 2723

o geometry_233
v 7.61207520 0.00000000 -3.78861940 0.84705882 0.84705882 0.84705882
v 7.61207520 2.80000000 -3.78861940 0.84705882 0.84705882 0.84705882
v 7.61207520 0.00000000 -3.93861940 0.84705882 0.84705882 0.84705882
v 7.61207520 2.80000000 -3.93861940 0.84705882 0.84705882 0.84705882
v 7.66196080 0.00000000 -3.78861940 0.84705882 0.84705882 0.84705882
v 7.66196080 2.80000000 -3.78861940 0.84705882 0.84705882 0.84705882
v 7.66196080 0.00000000 -3.93861940 0.84705882 0.84705882 0.84705882
v 7.66196080 2.80000000 -3.93861940 0.84705882 0.84705882 0.84705882
f 2726 2728 2725
f 2729 2726 2725
f 2725 2728 2727
f 2727 2729 2725
f 2726 2732 2728
f 2730 2726 2729
f 2730 2732 2726
f 2728 2732 2727
f 2731 2729 2727
f 2727 2732 2731
f 2731 2730 2729
f 2732 2730 2731

o geometry_234
v 7.58696080 0.00000000 -3.86361940 0.84705882 0.84705882 0.84705882
v 7.58696080 2.80000000 -3.86361940 0.84705882 0.84705882 0.84705882
v 7.73696080 0.00000000 -3.86361940 0.84705882 0.84705882 0.84705882
v 7.73696080 2.80000000 -3.86361940 0.84705882 0.84705882 0.84705882
v 7.58696080 0.00000000 -3.81373380 0.84705882 0.84705882 0.84705882
v 7.58696080 2.80000000 -3.81373380 0.84705882 0.84705882 0.84705882
v 7.73696080 0.00000000 -3.81373380 0.84705882 0.84705882 0.84705882
v 7.73696080 2.80000000 -3.81373380 0.84705882 0.84705882 0.84705882
f 2734 2736 2733
f 2737 2734 2733
f 2733 2736 2735
f 2735 2737 2733
f 2734 2740 2736
f 2738 2734 2737
f 2738 2740 2734
f 2736 2740 2735
f 2739 2737 2735
f 2735 2740 2739
f 2739 2738 2737
f 2740 2738 2739

o geometry_235
v 7.66196080 0.00000000 -3.88873380 0.84705882 0.84705882 0.84705882
v 7.66196080 2.80000000 -3.88873380 0.84705882 0.84705882 0.84705882
v 7.66196080 0.00000000 -3.73873380 0.84705882 0.84705882 0.84705882
v 7.66196080 2.80000000 -3.73873380 0.84705882 0.84705882 0.84705882
v 7.63935480 0.00000000 -3.88873380 0.84705882 0.84705882 0.84705882
v 7.63935480 2.80000000 -3.88873380 0.84705882 0.84705882 0.84705882
v 7.63935480 0.00000000 -3.73873380 0.84705882 0.84705882 0.84705882
v 7.63935480 2.80000000 -3.73873380 0.84705882 0.84705882 0.84705882
f 2742 2744 2741
f 2745 2742 2741
f 2741 2744 2743
f 2743 2745 2741
f 2742 2748 2744
f 2746 2742 2745
f 2746 2748 2742
f 2744 2748 2743
f 2747 2745 2743
f 2743 2748 2747
f 2747 2746 2745
f 2748 2746 2747

o geometry_236
v 7.63935480 0.00000000 -3.88873380 0.84705882 0.84705882 0.84705882
v 7.63935480 2.80000000 -3.88873380 0.84705882 0.84705882 0.84705882
v 7.63935480 0.00000000 -3.73873380 0.84705882 0.84705882 0.84705882
v 7.63935480 2.80000000 -3.73873380 0.84705882 0.84705882 0.84705882
v 7.61207520 0.00000000 -3.88873380 0.84705882 0.84705882 0.84705882
v 7.61207520 2.80000000 -3.88873380 0.84705882 0.84705882 0.84705882
v 7.61207520 0.00000000 -3.73873380 0.84705882 0.84705882 0.84705882
v 7.61207520 2.80000000 -3.73873380 0.84705882 0.84705882 0.84705882
f 2750 2752 2749
f 2753 2750 2749
f 2749 2752 2751
f 2751 2753 2749
f 2750 2756 2752
f 2754 2750 2753
f 2754 2756 2750
f 2752 2756 2751
f 2755 2753 2751
f 2751 2756 2755
f 2755 2754 2753
f 2756 2754 2755

o geometry_237
v 7.71435480 0.00000000 -3.73908320 0.84705882 0.84705882 0.84705882
v 7.71435480 2.80000000 -3.73908320 0.84705882 0.84705882 0.84705882
v 7.56435480 0.00000000 -3.73908320 0.84705882 0.84705882 0.84705882
v 7.56435480 2.80000000 -3.73908320 0.84705882 0.84705882 0.84705882
v 7.71435480 0.00000000 -3.75566940 0.84705882 0.84705882 0.84705882
v 7.71435480 2.80000000 -3.75566940 0.84705882 0.84705882 0.84705882
v 7.56435480 0.00000000 -3.75566940 0.84705882 0.84705882 0.84705882
v 7.56435480 2.80000000 -3.75566940 0.84705882 0.84705882 0.84705882
f 2758 2760 2757
f 2761 2758 2757
f 2757 2760 2759
f 2759 2761 2757
f 2758 2764 2760
f 2762 2758 2761
f 2762 2764 2758
f 2760 2764 2759
f 2763 2761 2759
f 2759 2764 2763
f 2763 2762 2761
f 2764 2762 2763

o geometry_238
v 6.50130160 0.00000000 -5.63084980 0.84705882 0.84705882 0.84705882
v 6.50130160 2.80000000 -5.63084980 0.84705882 0.84705882 0.84705882
v 6.35130160 0.00000000 -5.63084980 0.84705882 0.84705882 0.84705882
v 6.35130160 2.80000000 -5.63084980 0.84705882 0.84705882 0.84705882
v 6.50130160 0.00000000 -5.70341760 0.84705882 0.84705882 0.84705882
v 6.50130160 2.80000000 -5.70341760 0.84705882 0.84705882 0.84705882
v 6.35130160 0.00000000 -5.70341760 0.84705882 0.84705882 0.84705882
v 6.35130160 2.80000000 -5.70341760 0.84705882 0.84705882 0.84705882
f 2766 2768 2765
f 2769 2766 2765
f 2765 2768 2767
f 2767 2769 2765
f 2766 2772 2768
f 2770 2766 2769
f 2770 2772 2766
f 2768 2772 2767
f 2771 2769 2767
f 2767 2772 2771
f 2771 2770 2769
f 2772 2770 2771

o geometry_239
v 6.42257879 0.00000000 -5.77832515 0.84705882 0.84705882 0.84705882
v 6.42257879 2.80000000 -5.77832515 0.84705882 0.84705882 0.84705882
v 6.43002441 0.00000000 -5.62851005 0.84705882 0.84705882 0.84705882
v 6.43002441 2.80000000 -5.62851005 0.84705882 0.84705882 0.84705882
v 6.40571319 0.00000000 -5.77748695 0.84705882 0.84705882 0.84705882
v 6.40571319 2.80000000 -5.77748695 0.84705882 0.84705882 0.84705882
v 6.41315881 0.00000000 -5.62767185 0.84705882 0.84705882 0.84705882
v 6.41315881 2.80000000 -5.62767185 0.84705882 0.84705882 0.84705882
f 2774 2776 2773
f 2777 2774 2773
f 2773 2776 2775
f 2775 2777 2773
f 2774 2780 2776
f 2778 2774 2777
f 2778 2780 2774
f 2776 2780 2775
f 2779 2777 2775
f 2775 2780 2779
f 2779 2778 2777
f 2780 2778 2779

o geometry_240
v 6.33443600 0.00000000 -5.70257940 0.84705882 0.84705882 0.84705882
v 6.33443600 2.80000000 -5.70257940 0.84705882 0.84705882 0.84705882
v 6.48443600 0.00000000 -5.70257940 0.84705882 0.84705882 0.84705882
v 6.48443600 2.80000000 -5.70257940 0.84705882 0.84705882 0.84705882
v 6.33443600 0.00000000 -5.63084980 0.84705882 0.84705882 0.84705882
v 6.33443600 2.80000000 -5.63084980 0.84705882 0.84705882 0.84705882
v 6.48443600 0.00000000 -5.63084980 0.84705882 0.84705882 0.84705882
v 6.48443600 2.80000000 -5.63084980 0.84705882 0.84705882 0.84705882
f 2782 2784 2781
f 2785 2782 2781
f 2781 2784 2783
f 2783 2785 2781
f 2782 2788 2784
f 2786 2782 2785
f 2786 2788 2782
f 2784 2788 2783
f 2787 2785 2783
f 2783 2788 2787
f 2787 2786 2785
f 2788 2786 2787

o geometry_241
v 6.40943600 0.00000000 -5.55584980 0.84705882 0.84705882 0.84705882
v 6.40943600 2.80000000 -5.55584980 0.84705882 0.84705882 0.84705882
v 6.40943600 0.00000000 -5.70584980 0.84705882 0.84705882 0.84705882
v 6.40943600 2.80000000 -5.70584980 0.84705882 0.84705882 0.84705882
v 6.42630160 0.00000000 -5.55584980 0.84705882 0.84705882 0.84705882
v 6.42630160 2.80000000 -5.55584980 0.84705882 0.84705882 0.84705882
v 6.42630160 0.00000000 -5.70584980 0.84705882 0.84705882 0.84705882
v 6.42630160 2.80000000 -5.70584980 0.84705882 0.84705882 0.84705882
f 2790 2792 2789
f 2793 2790 2789
f 2789 2792 2791
f 2791 2793 2789
f 2790 2796 2792
f 2794 2790 2793
f 2794 2796 2790
f 2792 2796 2791
f 2795 2793 2791
f 2791 2796 2795
f 2795 2794 2793
f 2796 2794 2795

o geometry_242
v 6.17623860 0.00000000 -3.97412860 0.84705882 0.84705882 0.84705882
v 6.17623860 2.80000000 -3.97412860 0.84705882 0.84705882 0.84705882
v 6.17623860 0.00000000 -3.82412860 0.84705882 0.84705882 0.84705882
v 6.17623860 2.80000000 -3.82412860 0.84705882 0.84705882 0.84705882
v 6.01159580 0.00000000 -3.97412860 0.84705882 0.84705882 0.84705882
v 6.01159580 2.80000000 -3.97412860 0.84705882 0.84705882 0.84705882
v 6.01159580 0.00000000 -3.82412860 0.84705882 0.84705882 0.84705882
v 6.01159580 2.80000000 -3.82412860 0.84705882 0.84705882 0.84705882
f 2798 2800 2797
f 2801 2798 2797
f 2797 2800 2799
f 2799 2801 2797
f 2798 2804 2800
f 2802 2798 2801
f 2802 2804 2798
f 2800 2804 2799
f 2803 2801 2799
f 2799 2804 2803
f 2803 2802 2801
f 2804 2802 2803

o geometry_243
v 5.96284180 0.00000000 -3.95612025 0.84705882 0.84705882 0.84705882
v 5.96284180 2.80000000 -3.95612025 0.84705882 0.84705882 0.84705882
v 6.06034980 0.00000000 -3.84213695 0.84705882 0.84705882 0.84705882
v 6.06034980 2.80000000 -3.84213695 0.84705882 0.84705882 0.84705882
v 5.85512040 0.00000000 -3.86396905 0.84705882 0.84705882 0.84705882
v 5.85512040 2.80000000 -3.86396905 0.84705882 0.84705882 0.84705882
v 5.95262840 0.00000000 -3.74998575 0.84705882 0.84705882 0.84705882
v 5.95262840 2.80000000 -3.74998575 0.84705882 0.84705882 0.84705882
f 2806 2808 2805
f 2809 2806 2805
f 2805 2808 2807
f 2807 2809 2805
f 2806 2812 2808
f 2810 2806 2809
f 2810 2812 2806
f 2808 2812 2807
f 2811 2809 2807
f 2807 2812 2811
f 2811 2810 2809
f 2812 2810 2811

o geometry_244
v 5.82887440 0.00000000 -3.80697740 0.84705882 0.84705882 0.84705882
v 5.82887440 2.80000000 -3.80697740 0.84705882 0.84705882 0.84705882
v 5.97887440 0.00000000 -3.80697740 0.84705882 0.84705882 0.84705882
v 5.97887440 2.80000000 -3.80697740 0.84705882 0.84705882 0.84705882
v 5.82887440 0.00000000 -3.37560920 0.84705882 0.84705882 0.84705882
v 5.82887440 2.80000000 -3.37560920 0.84705882 0.84705882 0.84705882
v 5.97887440 0.00000000 -3.37560920 0.84705882 0.84705882 0.84705882
v 5.97887440 2.80000000 -3.37560920 0.84705882 0.84705882 0.84705882
f 2814 2816 2813
f 2817 2814 2813
f 2813 2816 2815
f 2815 2817 2813
f 2814 2820 2816
f 2818 2814 2817
f 2818 2820 2814
f 2816 2820 2815
f 2819 2817 2815
f 2815 2820 2819
f 2819 2818 2817
f 2820 2818 2819

o geometry_245
v 5.90387440 0.00000000 -3.30060920 0.84705882 0.84705882 0.84705882
v 5.90387440 2.80000000 -3.30060920 0.84705882 0.84705882 0.84705882
v 5.90387440 0.00000000 -3.45060920 0.84705882 0.84705882 0.84705882
v 5.90387440 2.80000000 -3.45060920 0.84705882 0.84705882 0.84705882
v 6.28269000 0.00000000 -3.30060920 0.84705882 0.84705882 0.84705882
v 6.28269000 2.80000000 -3.30060920 0.84705882 0.84705882 0.84705882
v 6.28269000 0.00000000 -3.45060920 0.84705882 0.84705882 0.84705882
v 6.28269000 2.80000000 -3.45060920 0.84705882 0.84705882 0.84705882
f 2822 2824 2821
f 2825 2822 2821
f 2821 2824 2823
f 2823 2825 2821
f 2822 2828 2824
f 2826 2822 2825
f 2826 2828 2822
f 2824 2828 2823
f 2827 2825 2823
f 2823 2828 2827
f 2827 2826 2825
f 2828 2826 2827

o geometry_246
v 6.35768966 0.00000000 -3.37538398 0.84705882 0.84705882 0.84705882
v 6.35768966 2.80000000 -3.37538398 0.84705882 0.84705882 0.84705882
v 6.20769034 0.00000000 -3.37583442 0.84705882 0.84705882 0.84705882
v 6.20769034 2.80000000 -3.37583442 0.84705882 0.84705882 0.84705882
v 6.35898506 0.00000000 -3.80675218 0.84705882 0.84705882 0.84705882
v 6.35898506 2.80000000 -3.80675218 0.84705882 0.84705882 0.84705882
v 6.20898574 0.00000000 -3.80720262 0.84705882 0.84705882 0.84705882
v 6.20898574 2.80000000 -3.80720262 0.84705882 0.84705882 0.84705882
f 2830 2832 2829
f 2833 2830 2829
f 2829 2832 2831
f 2831 2833 2829
f 2830 2836 2832
f 2834 2830 2833
f 2834 2836 2830
f 2832 2836 2831
f 2835 2833 2831
f 2831 2836 2835
f 2835 2834 2833
f 2836 2834 2835

o geometry_247
v 6.33273276 0.00000000 -3.86397472 0.84705882 0.84705882 0.84705882
v 6.33273276 2.80000000 -3.86397472 0.84705882 0.84705882 0.84705882
v 6.23523804 0.00000000 -3.74998008 0.84705882 0.84705882 0.84705882
v 6.23523804 2.80000000 -3.74998008 0.84705882 0.84705882 0.84705882
v 6.22498596 0.00000000 -3.95612592 0.84705882 0.84705882 0.84705882
v 6.22498596 2.80000000 -3.95612592 0.84705882 0.84705882 0.84705882
v 6.12749124 0.00000000 -3.84213128 0.84705882 0.84705882 0.84705882
v 6.12749124 2.80000000 -3.84213128 0.84705882 0.84705882 0.84705882
f 2838 2840 2837
f 2841 2838 2837
f 2837 2840 2839
f 2839 2841 2837
f 2838 2844 2840
f 2842 2838 2841
f 2842 2844 2838
f 2840 2844 2839
f 2843 2841 2839
f 2839 2844 2843
f 2843 2842 2841
f 2844 2842 2843

o geometry_248
v 6.45525140 0.00000000 -3.38528660 0.84705882 0.84705882 0.84705882
v 6.45525140 2.80000000 -3.38528660 0.84705882 0.84705882 0.84705882
v 6.30525140 0.00000000 -3.38528660 0.84705882 0.84705882 0.84705882
v 6.30525140 2.80000000 -3.38528660 0.84705882 0.84705882 0.84705882
v 6.45525140 0.00000000 -3.53524820 0.84705882 0.84705882 0.84705882
v 6.45525140 2.80000000 -3.53524820 0.84705882 0.84705882 0.84705882
v 6.30525140 0.00000000 -3.53524820 0.84705882 0.84705882 0.84705882
v 6.30525140 2.80000000 -3.53524820 0.84705882 0.84705882 0.84705882
f 2846 2848 2845
f 2849 2846 2845
f 2845 2848 2847
f 2847 2849 2845
f 2846 2852 2848
f 2850 2846 2849
f 2850 2852 2846
f 2848 2852 2847
f 2851 2849 2847
f 2847 2852 2851
f 2851 2850 2849
f 2852 2850 2851

o geometry_249
v 6.38025140 0.00000000 -3.46024820 0.84705882 0.84705882 0.84705882
v 6.38025140 2.80000000 -3.46024820 0.84705882 0.84705882 0.84705882
v 6.38025140 0.00000000 -3.61024820 0.84705882 0.84705882 0.84705882
v 6.38025140 2.80000000 -3.61024820 0.84705882 0.84705882 0.84705882
v 6.42058660 0.00000000 -3.46024820 0.84705882 0.84705882 0.84705882
v 6.42058660 2.80000000 -3.46024820 0.84705882 0.84705882 0.84705882
v 6.42058660 0.00000000 -3.61024820 0.84705882 0.84705882 0.84705882
v 6.42058660 2.80000000 -3.61024820 0.84705882 0.84705882 0.84705882
f 2854 2856 2853
f 2857 2854 2853
f 2853 2856 2855
f 2855 2857 2853
f 2854 2860 2856
f 2858 2854 2857
f 2858 2860 2854
f 2856 2860 2855
f 2859 2857 2855
f 2855 2860 2859
f 2859 2858 2857
f 2860 2858 2859

o geometry_250
v 6.34558660 0.00000000 -3.53524820 0.84705882 0.84705882 0.84705882
v 6.34558660 2.80000000 -3.53524820 0.84705882 0.84705882 0.84705882
v 6.49558660 0.00000000 -3.53524820 0.84705882 0.84705882 0.84705882
v 6.49558660 2.80000000 -3.53524820 0.84705882 0.84705882 0.84705882
v 6.34558660 0.00000000 -3.38528660 0.84705882 0.84705882 0.84705882
v 6.34558660 2.80000000 -3.38528660 0.84705882 0.84705882 0.84705882
v 6.49558660 0.00000000 -3.38528660 0.84705882 0.84705882 0.84705882
v 6.49558660 2.80000000 -3.38528660 0.84705882 0.84705882 0.84705882
f 2862 2864 2861
f 2865 2862 2861
f 2861 2864 2863
f 2863 2865 2861
f 2862 2868 2864
f 2866 2862 2865
f 2866 2868 2862
f 2864 2868 2863
f 2867 2865 2863
f 2863 2868 2867
f 2867 2866 2865
f 2868 2866 2867

o geometry_251
v 6.42058660 0.00000000 -3.46028660 0.84705882 0.84705882 0.84705882
v 6.42058660 2.80000000 -3.46028660 0.84705882 0.84705882 0.84705882
v 6.42058660 0.00000000 -3.31028660 0.84705882 0.84705882 0.84705882
v 6.42058660 2.80000000 -3.31028660 0.84705882 0.84705882 0.84705882
v 6.38025140 0.00000000 -3.46028660 0.84705882 0.84705882 0.84705882
v 6.38025140 2.80000000 -3.46028660 0.84705882 0.84705882 0.84705882
v 6.38025140 0.00000000 -3.31028660 0.84705882 0.84705882 0.84705882
v 6.38025140 2.80000000 -3.31028660 0.84705882 0.84705882 0.84705882
f 2870 2872 2869
f 2873 2870 2869
f 2869 2872 2871
f 2871 2873 2869
f 2870 2876 2872
f 2874 2870 2873
f 2874 2876 2870
f 2872 2876 2871
f 2875 2873 2871
f 2871 2876 2875
f 2875 2874 2873
f 2876 2874 2875

o geometry_252
v 7.55761140 0.00000000 -3.75566940 0.84705882 0.84705882 0.84705882
v 7.55761140 2.80000000 -3.75566940 0.84705882 0.84705882 0.84705882
v 7.40761140 0.00000000 -3.75566940 0.84705882 0.84705882 0.84705882
v 7.40761140 2.80000000 -3.75566940 0.84705882 0.84705882 0.84705882
v 7.55761140 0.00000000 -3.79714760 0.84705882 0.84705882 0.84705882
v 7.55761140 2.80000000 -3.79714760 0.84705882 0.84705882 0.84705882
v 7.40761140 0.00000000 -3.79714760 0.84705882 0.84705882 0.84705882
v 7.40761140 2.80000000 -3.79714760 0.84705882 0.84705882 0.84705882
f 2878 2880 2877
f 2881 2878 2877
f 2877 2880 2879
f 2879 2881 2877
f 2878 2884 2880
f 2882 2878 2881
f 2882 2884 2878
f 2880 2884 2879
f 2883 2881 2879
f 2879 2884 2883
f 2883 2882 2881
f 2884 2882 2883

o geometry_253
v 7.48261140 0.00000000 -3.87214760 0.84705882 0.84705882 0.84705882
v 7.48261140 2.80000000 -3.87214760 0.84705882 0.84705882 0.84705882
v 7.48261140 0.00000000 -3.72214760 0.84705882 0.84705882 0.84705882
v 7.48261140 2.80000000 -3.72214760 0.84705882 0.84705882 0.84705882
v 7.44725460 0.00000000 -3.87214760 0.84705882 0.84705882 0.84705882
v 7.44725460 2.80000000 -3.87214760 0.84705882 0.84705882 0.84705882
v 7.44725460 0.00000000 -3.72214760 0.84705882 0.84705882 0.84705882
v 7.44725460 2.80000000 -3.72214760 0.84705882 0.84705882 0.84705882
f 2886 2888 2885
f 2889 2886 2885
f 2885 2888 2887
f 2887 2889 2885
f 2886 2892 2888
f 2890 2886 2889
f 2890 2892 2886
f 2888 2892 2887
f 2891 2889 2887
f 2887 2892 2891
f 2891 2890 2889
f 2892 2890 2891

o geometry_254
v 7.44725460 0.00000000 -3.87214760 0.84705882 0.84705882 0.84705882
v 7.44725460 2.80000000 -3.87214760 0.84705882 0.84705882 0.84705882
v 7.44725460 0.00000000 -3.72214760 0.84705882 0.84705882 0.84705882
v 7.44725460 2.80000000 -3.72214760 0.84705882 0.84705882 0.84705882
v 7.33071940 0.00000000 -3.87214760 0.84705882 0.84705882 0.84705882
v 7.33071940 2.80000000 -3.87214760 0.84705882 0.84705882 0.84705882
v 7.33071940 0.00000000 -3.72214760 0.84705882 0.84705882 0.84705882
v 7.33071940 2.80000000 -3.72214760 0.84705882 0.84705882 0.84705882
f 2894 2896 2893
f 2897 2894 2893
f 2893 2896 2895
f 2895 2897 2893
f 2894 2900 2896
f 2898 2894 2897
f 2898 2900 2894
f 2896 2900 2895
f 2899 2897 2895
f 2895 2900 2899
f 2899 2898 2897
f 2900 2898 2899

o geometry_255
v 7.25571940 0.00000000 -3.79714760 0.84705882 0.84705882 0.84705882
v 7.25571940 2.80000000 -3.79714760 0.84705882 0.84705882 0.84705882
v 7.40571940 0.00000000 -3.79714760 0.84705882 0.84705882 0.84705882
v 7.40571940 2.80000000 -3.79714760 0.84705882 0.84705882 0.84705882
v 7.25571940 0.00000000 -3.75566940 0.84705882 0.84705882 0.84705882
v 7.25571940 2.80000000 -3.75566940 0.84705882 0.84705882 0.84705882
v 7.40571940 0.00000000 -3.75566940 0.84705882 0.84705882 0.84705882
v 7.40571940 2.80000000 -3.75566940 0.84705882 0.84705882 0.84705882
f 2902 2904 2901
f 2905 2902 2901
f 2901 2904 2903
f 2903 2905 2901
f 2902 2908 2904
f 2906 2902 2905
f 2906 2908 2902
f 2904 2908 2903
f 2907 2905 2903
f 2903 2908 2907
f 2907 2906 2905
f 2908 2906 2907

o geometry_256
v 7.33071940 0.00000000 -3.68066940 0.84705882 0.84705882 0.84705882
v 7.33071940 2.80000000 -3.68066940 0.84705882 0.84705882 0.84705882
v 7.33071940 0.00000000 -3.83066940 0.84705882 0.84705882 0.84705882
v 7.33071940 2.80000000 -3.83066940 0.84705882 0.84705882 0.84705882
v 7.44725460 0.00000000 -3.68066940 0.84705882 0.84705882 0.84705882
v 7.44725460 2.80000000 -3.68066940 0.84705882 0.84705882 0.84705882
v 7.44725460 0.00000000 -3.83066940 0.84705882 0.84705882 0.84705882
v 7.44725460 2.80000000 -3.83066940 0.84705882 0.84705882 0.84705882
f 2910 2912 2909
f 2913 2910 2909
f 2909 2912 2911
f 2911 2913 2909
f 2910 2916 2912
f 2914 2910 2913
f 2914 2916 2910
f 2912 2916 2911
f 2915 2913 2911
f 2911 2916 2915
f 2915 2914 2913
f 2916 2914 2915

o geometry_257
v 7.44725460 0.00000000 -3.68066940 0.84705882 0.84705882 0.84705882
v 7.44725460 2.80000000 -3.68066940 0.84705882 0.84705882 0.84705882
v 7.44725460 0.00000000 -3.83066940 0.84705882 0.84705882 0.84705882
v 7.44725460 2.80000000 -3.83066940 0.84705882 0.84705882 0.84705882
v 7.48261140 0.00000000 -3.68066940 0.84705882 0.84705882 0.84705882
v 7.48261140 2.80000000 -3.68066940 0.84705882 0.84705882 0.84705882
v 7.48261140 0.00000000 -3.83066940 0.84705882 0.84705882 0.84705882
v 7.48261140 2.80000000 -3.83066940 0.84705882 0.84705882 0.84705882
f 2918 2920 2917
f 2921 2918 2917
f 2917 2920 2919
f 2919 2921 2917
f 2918 2924 2920
f 2922 2918 2921
f 2922 2924 2918
f 2920 2924 2919
f 2923 2921 2919
f 2919 2924 2923
f 2923 2922 2921
f 2924 2922 2923

o geometry_258
v 7.52225460 0.00000000 -3.79714760 0.84705882 0.84705882 0.84705882
v 7.52225460 2.80000000 -3.79714760 0.84705882 0.84705882 0.84705882
v 7.37225460 0.00000000 -3.79714760 0.84705882 0.84705882 0.84705882
v 7.37225460 2.80000000 -3.79714760 0.84705882 0.84705882 0.84705882
v 7.52225460 0.00000000 -3.81373380 0.84705882 0.84705882 0.84705882
v 7.52225460 2.80000000 -3.81373380 0.84705882 0.84705882 0.84705882
v 7.37225460 0.00000000 -3.81373380 0.84705882 0.84705882 0.84705882
v 7.37225460 2.80000000 -3.81373380 0.84705882 0.84705882 0.84705882
f 2926 2928 2925
f 2929 2926 2925
f 2925 2928 2927
f 2927 2929 2925
f 2926 2932 2928
f 2930 2926 2929
f 2930 2932 2926
f 2928 2932 2927
f 2931 2929 2927
f 2927 2932 2931
f 2931 2930 2929
f 2932 2930 2931

o geometry_259
v 7.39953420 0.00000000 -3.73908320 0.84705882 0.84705882 0.84705882
v 7.39953420 2.80000000 -3.73908320 0.84705882 0.84705882 0.84705882
v 7.54953420 0.00000000 -3.73908320 0.84705882 0.84705882 0.84705882
v 7.54953420 2.80000000 -3.73908320 0.84705882 0.84705882 0.84705882
v 7.39953420 0.00000000 -3.68919760 0.84705882 0.84705882 0.84705882
v 7.39953420 2.80000000 -3.68919760 0.84705882 0.84705882 0.84705882
v 7.54953420 0.00000000 -3.68919760 0.84705882 0.84705882 0.84705882
v 7.54953420 2.80000000 -3.68919760 0.84705882 0.84705882 0.84705882
f 2934 2936 2933
f 2937 2934 2933
f 2933 2936 2935
f 2935 2937 2933
f 2934 2940 2936
f 2938 2934 2937
f 2938 2940 2934
f 2936 2940 2935
f 2939 2937 2935
f 2935 2940 2939
f 2939 2938 2937
f 2940 2938 2939

o geometry_260
v 7.47453420 0.00000000 -3.76419760 0.84705882 0.84705882 0.84705882
v 7.47453420 2.80000000 -3.76419760 0.84705882 0.84705882 0.84705882
v 7.47453420 0.00000000 -3.61419760 0.84705882 0.84705882 0.84705882
v 7.47453420 2.80000000 -3.61419760 0.84705882 0.84705882 0.84705882
v 7.42464860 0.00000000 -3.76419760 0.84705882 0.84705882 0.84705882
v 7.42464860 2.80000000 -3.76419760 0.84705882 0.84705882 0.84705882
v 7.42464860 0.00000000 -3.61419760 0.84705882 0.84705882 0.84705882
v 7.42464860 2.80000000 -3.61419760 0.84705882 0.84705882 0.84705882
f 2942 2944 2941
f 2945 2942 2941
f 2941 2944 2943
f 2943 2945 2941
f 2942 2948 2944
f 2946 2942 2945
f 2946 2948 2942
f 2944 2948 2943
f 2947 2945 2943
f 2943 2948 2947
f 2947 2946 2945
f 2948 2946 2947

o geometry_261
v 7.49964860 0.00000000 -3.68919760 0.84705882 0.84705882 0.84705882
v 7.49964860 2.80000000 -3.68919760 0.84705882 0.84705882 0.84705882
v 7.34964860 0.00000000 -3.68919760 0.84705882 0.84705882 0.84705882
v 7.34964860 2.80000000 -3.68919760 0.84705882 0.84705882 0.84705882
v 7.49964860 0.00000000 -3.73908320 0.84705882 0.84705882 0.84705882
v 7.49964860 2.80000000 -3.73908320 0.84705882 0.84705882 0.84705882
v 7.34964860 0.00000000 -3.73908320 0.84705882 0.84705882 0.84705882
v 7.34964860 2.80000000 -3.73908320 0.84705882 0.84705882 0.84705882
f 2950 2952 2949
f 2953 2950 2949
f 2949 2952 2951
f 2951 2953 2949
f 2950 2956 2952
f 2954 2950 2953
f 2954 2956 2950
f 2952 2956 2951
f 2955 2953 2951
f 2951 2956 2955
f 2955 2954 2953
f 2956 2954 2955

o geometry_262
v 7.42464860 0.00000000 -3.66408320 0.84705882 0.84705882 0.84705882
v 7.42464860 2.80000000 -3.66408320 0.84705882 0.84705882 0.84705882
v 7.42464860 0.00000000 -3.81408320 0.84705882 0.84705882 0.84705882
v 7.42464860 2.80000000 -3.81408320 0.84705882 0.84705882 0.84705882
v 7.44725460 0.00000000 -3.66408320 0.84705882 0.84705882 0.84705882
v 7.44725460 2.80000000 -3.66408320 0.84705882 0.84705882 0.84705882
v 7.44725460 0.00000000 -3.81408320 0.84705882 0.84705882 0.84705882
v 7.44725460 2.80000000 -3.81408320 0.84705882 0.84705882 0.84705882
f 2958 2960 2957
f 2961 2958 2957
f 2957 2960 2959
f 2959 2961 2957
f 2958 2964 2960
f 2962 2958 2961
f 2962 2964 2958
f 2960 2964 2959
f 2963 2961 2959
f 2959 2964 2963
f 2963 2962 2961
f 2964 2962 2963

o geometry_263
v 7.44725460 0.00000000 -3.66408320 0.84705882 0.84705882 0.84705882
v 7.44725460 2.80000000 -3.66408320 0.84705882 0.84705882 0.84705882
v 7.44725460 0.00000000 -3.81408320 0.84705882 0.84705882 0.84705882
v 7.44725460 2.80000000 -3.81408320 0.84705882 0.84705882 0.84705882
v 7.47453420 0.00000000 -3.66408320 0.84705882 0.84705882 0.84705882
v 7.47453420 2.80000000 -3.66408320 0.84705882 0.84705882 0.84705882
v 7.47453420 0.00000000 -3.81408320 0.84705882 0.84705882 0.84705882
v 7.47453420 2.80000000 -3.81408320 0.84705882 0.84705882 0.84705882
f 2966 2968 2965
f 2969 2966 2965
f 2965 2968 2967
f 2967 2969 2965
f 2966 2972 2968
f 2970 2966 2969
f 2970 2972 2966
f 2968 2972 2967
f 2971 2969 2967
f 2967 2972 2971
f 2971 2970 2969
f 2972 2970 2971

o geometry_264
v 7.54953420 0.00000000 -3.81373380 0.84705882 0.84705882 0.84705882
v 7.54953420 2.80000000 -3.81373380 0.84705882 0.84705882 0.84705882
v 7.39953420 0.00000000 -3.81373380 0.84705882 0.84705882 0.84705882
v 7.39953420 2.80000000 -3.81373380 0.84705882 0.84705882 0.84705882
v 7.54953420 0.00000000 -3.86361940 0.84705882 0.84705882 0.84705882
v 7.54953420 2.80000000 -3.86361940 0.84705882 0.84705882 0.84705882
v 7.39953420 0.00000000 -3.86361940 0.84705882 0.84705882 0.84705882
v 7.39953420 2.80000000 -3.86361940 0.84705882 0.84705882 0.84705882
f 2974 2976 2973
f 2977 2974 2973
f 2973 2976 2975
f 2975 2977 2973
f 2974 2980 2976
f 2978 2974 2977
f 2978 2980 2974
f 2976 2980 2975
f 2979 2977 2975
f 2975 2980 2979
f 2979 2978 2977
f 2980 2978 2979

o geometry_265
v 7.47453420 0.00000000 -3.93861940 0.84705882 0.84705882 0.84705882
v 7.47453420 2.80000000 -3.93861940 0.84705882 0.84705882 0.84705882
v 7.47453420 0.00000000 -3.78861940 0.84705882 0.84705882 0.84705882
v 7.47453420 2.80000000 -3.78861940 0.84705882 0.84705882 0.84705882
v 7.42464860 0.00000000 -3.93861940 0.84705882 0.84705882 0.84705882
v 7.42464860 2.80000000 -3.93861940 0.84705882 0.84705882 0.84705882
v 7.42464860 0.00000000 -3.78861940 0.84705882 0.84705882 0.84705882
v 7.42464860 2.80000000 -3.78861940 0.84705882 0.84705882 0.84705882
f 2982 2984 2981
f 2985 2982 2981
f 2981 2984 2983
f 2983 2985 2981
f 2982 2988 2984
f 2986 2982 2985
f 2986 2988 2982
f 2984 2988 2983
f 2987 2985 2983
f 2983 2988 2987
f 2987 2986 2985
f 2988 2986 2987

o geometry_266
v 7.34964860 0.00000000 -3.86361940 0.84705882 0.84705882 0.84705882
v 7.34964860 2.80000000 -3.86361940 0.84705882 0.84705882 0.84705882
v 7.49964860 0.00000000 -3.86361940 0.84705882 0.84705882 0.84705882
v 7.49964860 2.80000000 -3.86361940 0.84705882 0.84705882 0.84705882
v 7.34964860 0.00000000 -3.81373380 0.84705882 0.84705882 0.84705882
v 7.34964860 2.80000000 -3.81373380 0.84705882 0.84705882 0.84705882
v 7.49964860 0.00000000 -3.81373380 0.84705882 0.84705882 0.84705882
v 7.49964860 2.80000000 -3.81373380 0.84705882 0.84705882 0.84705882
f 2990 2992 2989
f 2993 2990 2989
f 2989 2992 2991
f 2991 2993 2989
f 2990 2996 2992
f 2994 2990 2993
f 2994 2996 2990
f 2992 2996 2991
f 2995 2993 2991
f 2991 2996 2995
f 2995 2994 2993
f 2996 2994 2995

o geometry_267
v 7.42464860 0.00000000 -3.73873380 0.84705882 0.84705882 0.84705882
v 7.42464860 2.80000000 -3.73873380 0.84705882 0.84705882 0.84705882
v 7.42464860 0.00000000 -3.88873380 0.84705882 0.84705882 0.84705882
v 7.42464860 2.80000000 -3.88873380 0.84705882 0.84705882 0.84705882
v 7.44725460 0.00000000 -3.73873380 0.84705882 0.84705882 0.84705882
v 7.44725460 2.80000000 -3.73873380 0.84705882 0.84705882 0.84705882
v 7.44725460 0.00000000 -3.88873380 0.84705882 0.84705882 0.84705882
v 7.44725460 2.80000000 -3.88873380 0.84705882 0.84705882 0.84705882
f 2998 3000 2997
f 3001 2998 2997
f 2997 3000 2999
f 2999 3001 2997
f 2998 3004 3000
f 3002 2998 3001
f 3002 3004 2998
f 3000 3004 2999
f 3003 3001 2999
f 2999 3004 3003
f 3003 3002 3001
f 3004 3002 3003

o geometry_268
v 7.44725460 0.00000000 -3.73873380 0.84705882 0.84705882 0.84705882
v 7.44725460 2.80000000 -3.73873380 0.84705882 0.84705882 0.84705882
v 7.44725460 0.00000000 -3.88873380 0.84705882 0.84705882 0.84705882
v 7.44725460 2.80000000 -3.88873380 0.84705882 0.84705882 0.84705882
v 7.47453420 0.00000000 -3.73873380 0.84705882 0.84705882 0.84705882
v 7.47453420 2.80000000 -3.73873380 0.84705882 0.84705882 0.84705882
v 7.47453420 0.00000000 -3.88873380 0.84705882 0.84705882 0.84705882
v 7.47453420 2.80000000 -3.88873380 0.84705882 0.84705882 0.84705882
f 3006 3008 3005
f 3009 3006 3005
f 3005 3008 3007
f 3007 3009 3005
f 3006 3012 3008
f 3010 3006 3009
f 3010 3012 3006
f 3008 3012 3007
f 3011 3009 3007
f 3007 3012 3011
f 3011 3010 3009
f 3012 3010 3011

o geometry_269
v 7.52225460 0.00000000 -3.73908320 0.84705882 0.84705882 0.84705882
v 7.52225460 2.80000000 -3.73908320 0.84705882 0.84705882 0.84705882
v 7.37225460 0.00000000 -3.73908320 0.84705882 0.84705882 0.84705882
v 7.37225460 2.80000000 -3.73908320 0.84705882 0.84705882 0.84705882
v 7.52225460 0.00000000 -3.75566940 0.84705882 0.84705882 0.84705882
v 7.52225460 2.80000000 -3.75566940 0.84705882 0.84705882 0.84705882
v 7.37225460 0.00000000 -3.75566940 0.84705882 0.84705882 0.84705882
v 7.37225460 2.80000000 -3.75566940 0.84705882 0.84705882 0.84705882
f 3014 3016 3013
f 3017 3014 3013
f 3013 3016 3015
f 3015 3017 3013
f 3014 3020 3016
f 3018 3014 3017
f 3018 3020 3014
f 3016 3020 3015
f 3019 3017 3015
f 3015 3020 3019
f 3019 3018 3017
f 3020 3018 3019

o geometry_270
v 7.02259820 0.00000000 -5.60257960 0.84705882 0.84705882 0.84705882
v 7.02259820 2.80000000 -5.60257960 0.84705882 0.84705882 0.84705882
v 7.17259820 0.00000000 -5.60257960 0.84705882 0.84705882 0.84705882
v 7.17259820 2.80000000 -5.60257960 0.84705882 0.84705882 0.84705882
v 7.02259820 0.00000000 -5.40278320 0.84705882 0.84705882 0.84705882
v 7.02259820 2.80000000 -5.40278320 0.84705882 0.84705882 0.84705882
v 7.17259820 0.00000000 -5.40278320 0.84705882 0.84705882 0.84705882
v 7.17259820 2.80000000 -5.40278320 0.84705882 0.84705882 0.84705882
f 3022 3024 3021
f 3025 3022 3021
f 3021 3024 3023
f 3023 3025 3021
f 3022 3028 3024
f 3026 3022 3025
f 3026 3028 3022
f 3024 3028 3023
f 3027 3025 3023
f 3023 3028 3027
f 3027 3026 3025
f 3028 3026 3027

o geometry_271
v 7.02259820 0.00000000 -5.15988300 0.84705882 0.84705882 0.84705882
v 7.02259820 2.80000000 -5.15988300 0.84705882 0.84705882 0.84705882
v 7.17259820 0.00000000 -5.15988300 0.84705882 0.84705882 0.84705882
v 7.17259820 2.80000000 -5.15988300 0.84705882 0.84705882 0.84705882
v 7.02259820 0.00000000 -4.98114320 0.84705882 0.84705882 0.84705882
v 7.02259820 2.80000000 -4.98114320 0.84705882 0.84705882 0.84705882
v 7.17259820 0.00000000 -4.98114320 0.84705882 0.84705882 0.84705882
v 7.17259820 2.80000000 -4.98114320 0.84705882 0.84705882 0.84705882
f 3030 3032 3029
f 3033 3030 3029
f 3029 3032 3031
f 3031 3033 3029
f 3030 3036 3032
f 3034 3030 3033
f 3034 3036 3030
f 3032 3036 3031
f 3035 3033 3031
f 3031 3036 3035
f 3035 3034 3033
f 3036 3034 3035

o geometry_272
v 7.03283367 0.00000000 -4.94332052 0.84705882 0.84705882 0.84705882
v 7.03283367 2.80000000 -4.94332052 0.84705882 0.84705882 0.84705882
v 7.16236273 0.00000000 -5.01896588 0.84705882 0.84705882 0.84705882
v 7.16236273 2.80000000 -5.01896588 0.84705882 0.84705882 0.84705882
v 7.07159407 0.00000000 -4.87695032 0.84705882 0.84705882 0.84705882
v 7.07159407 2.80000000 -4.87695032 0.84705882 0.84705882 0.84705882
v 7.20112313 0.00000000 -4.95259568 0.84705882 0.84705882 0.84705882
v 7.20112313 2.80000000 -4.95259568 0.84705882 0.84705882 0.84705882
f 3038 3040 3037
f 3041 3038 3037
f 3037 3040 3039
f 3039 3041 3037
f 3038 3044 3040
f 3042 3038 3041
f 3042 3044 3038
f 3040 3044 3039
f 3043 3041 3039
f 3039 3044 3043
f 3043 3042 3041
f 3044 3042 3043

o geometry_273
v 7.09951725 0.00000000 -4.84944525 0.84705882 0.84705882 0.84705882
v 7.09951725 2.80000000 -4.84944525 0.84705882 0.84705882 0.84705882
v 7.17319995 0.00000000 -4.98010075 0.84705882 0.84705882 0.84705882
v 7.17319995 2.80000000 -4.98010075 0.84705882 0.84705882 0.84705882
v 7.30805125 0.00000000 -4.73184325 0.84705882 0.84705882 0.84705882
v 7.30805125 2.80000000 -4.73184325 0.84705882 0.84705882 0.84705882
v 7.38173395 0.00000000 -4.86249875 0.84705882 0.84705882 0.84705882
v 7.38173395 2.80000000 -4.86249875 0.84705882 0.84705882 0.84705882
f 3046 3048 3045
f 3049 3046 3045
f 3045 3048 3047
f 3047 3049 3045
f 3046 3052 3048
f 3050 3046 3049
f 3050 3052 3046
f 3048 3052 3047
f 3051 3049 3047
f 3047 3052 3051
f 3051 3050 3049
f 3052 3050 3051

o geometry_274
v 7.26989260 0.00000000 -4.79717100 0.84705882 0.84705882 0.84705882
v 7.26989260 2.80000000 -4.79717100 0.84705882 0.84705882 0.84705882
v 7.41989260 0.00000000 -4.79717100 0.84705882 0.84705882 0.84705882
v 7.41989260 2.80000000 -4.79717100 0.84705882 0.84705882 0.84705882
v 7.26989260 0.00000000 -4.40656980 0.84705882 0.84705882 0.84705882
v 7.26989260 2.80000000 -4.40656980 0.84705882 0.84705882 0.84705882
v 7.41989260 0.00000000 -4.40656980 0.84705882 0.84705882 0.84705882
v 7.41989260 2.80000000 -4.40656980 0.84705882 0.84705882 0.84705882
f 3054 3056 3053
f 3057 3054 3053
f 3053 3056 3055
f 3055 3057 3053
f 3054 3060 3056
f 3058 3054 3057
f 3058 3060 3054
f 3056 3060 3055
f 3059 3057 3055
f 3055 3060 3059
f 3059 3058 3057
f 3060 3058 3059

o geometry_275
v 7.34489260 0.00000000 -4.29120920 0.84705882 0.84705882 0.84705882
v 7.34489260 2.80000000 -4.29120920 0.84705882 0.84705882 0.84705882
v 7.34489260 0.00000000 -4.44120920 0.84705882 0.84705882 0.84705882
v 7.34489260 2.80000000 -4.44120920 0.84705882 0.84705882 0.84705882
v 7.50399820 0.00000000 -4.29120920 0.84705882 0.84705882 0.84705882
v 7.50399820 2.80000000 -4.29120920 0.84705882 0.84705882 0.84705882
v 7.50399820 0.00000000 -4.44120920 0.84705882 0.84705882 0.84705882
v 7.50399820 2.80000000 -4.44120920 0.84705882 0.84705882 0.84705882
f 3062 3064 3061
f 3065 3062 3061
f 3061 3064 3063
f 3063 3065 3061
f 3062 3068 3064
f 3066 3062 3065
f 3066 3068 3062
f 3064 3068 3063
f 3067 3065 3063
f 3063 3068 3067
f 3067 3066 3065
f 3068 3066 3067

o geometry_276
v 7.27783660 0.00000000 -4.33156980 0.84705882 0.84705882 0.84705882
v 7.27783660 2.80000000 -4.33156980 0.84705882 0.84705882 0.84705882
v 7.27783660 0.00000000 -4.48156980 0.84705882 0.84705882 0.84705882
v 7.27783660 2.80000000 -4.48156980 0.84705882 0.84705882 0.84705882
v 7.34489260 0.00000000 -4.33156980 0.84705882 0.84705882 0.84705882
v 7.34489260 2.80000000 -4.33156980 0.84705882 0.84705882 0.84705882
v 7.34489260 0.00000000 -4.48156980 0.84705882 0.84705882 0.84705882
v 7.34489260 2.80000000 -4.48156980 0.84705882 0.84705882 0.84705882
f 3070 3072 3069
f 3073 3070 3069
f 3069 3072 3071
f 3071 3073 3069
f 3070 3076 3072
f 3074 3070 3073
f 3074 3076 3070
f 3072 3076 3071
f 3075 3073 3071
f 3071 3076 3075
f 3075 3074 3073
f 3076 3074 3075

o geometry_277
v 7.34489260 0.00000000 -4.33156980 0.84705882 0.84705882 0.84705882
v 7.34489260 2.80000000 -4.33156980 0.84705882 0.84705882 0.84705882
v 7.34489260 0.00000000 -4.48156980 0.84705882 0.84705882 0.84705882
v 7.34489260 2.80000000 -4.48156980 0.84705882 0.84705882 0.84705882
v 7.50399820 0.00000000 -4.33156980 0.84705882 0.84705882 0.84705882
v 7.50399820 2.80000000 -4.33156980 0.84705882 0.84705882 0.84705882
v 7.50399820 0.00000000 -4.48156980 0.84705882 0.84705882 0.84705882
v 7.50399820 2.80000000 -4.48156980 0.84705882 0.84705882 0.84705882
f 3078 3080 3077
f 3081 3078 3077
f 3077 3080 3079
f 3079 3081 3077
f 3078 3084 3080
f 3082 3078 3081
f 3082 3084 3078
f 3080 3084 3079
f 3083 3081 3079
f 3079 3084 3083
f 3083 3082 3081
f 3084 3082 3083

o geometry_278
v 7.42899820 0.00000000 -4.40656980 0.84705882 0.84705882 0.84705882
v 7.42899820 2.80000000 -4.40656980 0.84705882 0.84705882 0.84705882
v 7.57899820 0.00000000 -4.40656980 0.84705882 0.84705882 0.84705882
v 7.57899820 2.80000000 -4.40656980 0.84705882 0.84705882 0.84705882
v 7.42899820 0.00000000 -4.38637680 0.84705882 0.84705882 0.84705882
v 7.42899820 2.80000000 -4.38637680 0.84705882 0.84705882 0.84705882
v 7.57899820 0.00000000 -4.38637680 0.84705882 0.84705882 0.84705882
v 7.57899820 2.80000000 -4.38637680 0.84705882 0.84705882 0.84705882
f 3086 3088 3085
f 3089 3086 3085
f 3085 3088 3087
f 3087 3089 3085
f 3086 3092 3088
f 3090 3086 3089
f 3090 3092 3086
f 3088 3092 3087
f 3091 3089 3087
f 3087 3092 3091
f 3091 3090 3089
f 3092 3090 3091

o geometry_279
v 7.42899820 0.00000000 -4.38637680 0.84705882 0.84705882 0.84705882
v 7.42899820 2.80000000 -4.38637680 0.84705882 0.84705882 0.84705882
v 7.57899820 0.00000000 -4.38637680 0.84705882 0.84705882 0.84705882
v 7.57899820 2.80000000 -4.38637680 0.84705882 0.84705882 0.84705882
v 7.42899820 0.00000000 -4.36620920 0.84705882 0.84705882 0.84705882
v 7.42899820 2.80000000 -4.36620920 0.84705882 0.84705882 0.84705882
v 7.57899820 0.00000000 -4.36620920 0.84705882 0.84705882 0.84705882
v 7.57899820 2.80000000 -4.36620920 0.84705882 0.84705882 0.84705882
f 3094 3096 3093
f 3097 3094 3093
f 3093 3096 3095
f 3095 3097 3093
f 3094 3100 3096
f 3098 3094 3097
f 3098 3100 3094
f 3096 3100 3095
f 3099 3097 3095
f 3095 3100 3099
f 3099 3098 3097
f 3100 3098 3099

o geometry_280
v 7.34489260 0.00000000 -4.44120920 0.84705882 0.84705882 0.84705882
v 7.34489260 2.80000000 -4.44120920 0.84705882 0.84705882 0.84705882
v 7.34489260 0.00000000 -4.29120920 0.84705882 0.84705882 0.84705882
v 7.34489260 2.80000000 -4.29120920 0.84705882 0.84705882 0.84705882
v 7.27783660 0.00000000 -4.44120920 0.84705882 0.84705882 0.84705882
v 7.27783660 2.80000000 -4.44120920 0.84705882 0.84705882 0.84705882
v 7.27783660 0.00000000 -4.29120920 0.84705882 0.84705882 0.84705882
v 7.27783660 2.80000000 -4.29120920 0.84705882 0.84705882 0.84705882
f 3102 3104 3101
f 3105 3102 3101
f 3101 3104 3103
f 3103 3105 3101
f 3102 3108 3104
f 3106 3102 3105
f 3106 3108 3102
f 3104 3108 3103
f 3107 3105 3103
f 3103 3108 3107
f 3107 3106 3105
f 3108 3106 3107

o geometry_281
v 7.35283660 0.00000000 -4.36620920 0.84705882 0.84705882 0.84705882
v 7.35283660 2.80000000 -4.36620920 0.84705882 0.84705882 0.84705882
v 7.20283660 0.00000000 -4.36620920 0.84705882 0.84705882 0.84705882
v 7.20283660 2.80000000 -4.36620920 0.84705882 0.84705882 0.84705882
v 7.35283660 0.00000000 -4.38637680 0.84705882 0.84705882 0.84705882
v 7.35283660 2.80000000 -4.38637680 0.84705882 0.84705882 0.84705882
v 7.20283660 0.00000000 -4.38637680 0.84705882 0.84705882 0.84705882
v 7.20283660 2.80000000 -4.38637680 0.84705882 0.84705882 0.84705882
f 3110 3112 3109
f 3113 3110 3109
f 3109 3112 3111
f 3111 3113 3109
f 3110 3116 3112
f 3114 3110 3113
f 3114 3116 3110
f 3112 3116 3111
f 3115 3113 3111
f 3111 3116 3115
f 3115 3114 3113
f 3116 3114 3115

o geometry_282
v 7.35283660 0.00000000 -4.38637680 0.84705882 0.84705882 0.84705882
v 7.35283660 2.80000000 -4.38637680 0.84705882 0.84705882 0.84705882
v 7.20283660 0.00000000 -4.38637680 0.84705882 0.84705882 0.84705882
v 7.20283660 2.80000000 -4.38637680 0.84705882 0.84705882 0.84705882
v 7.35283660 0.00000000 -4.40656980 0.84705882 0.84705882 0.84705882
v 7.35283660 2.80000000 -4.40656980 0.84705882 0.84705882 0.84705882
v 7.20283660 0.00000000 -4.40656980 0.84705882 0.84705882 0.84705882
v 7.20283660 2.80000000 -4.40656980 0.84705882 0.84705882 0.84705882
f 3118 3120 3117
f 3121 3118 3117
f 3117 3120 3119
f 3119 3121 3117
f 3118 3124 3120
f 3122 3118 3121
f 3122 3124 3118
f 3120 3124 3119
f 3123 3121 3119
f 3119 3124 3123
f 3123 3122 3121
f 3124 3122 3123

o geometry_283
v 7.27783660 0.00000000 -4.31137680 0.84705882 0.84705882 0.84705882
v 7.27783660 2.80000000 -4.31137680 0.84705882 0.84705882 0.84705882
v 7.27783660 0.00000000 -4.46137680 0.84705882 0.84705882 0.84705882
v 7.27783660 2.80000000 -4.46137680 0.84705882 0.84705882 0.84705882
v 7.50399820 0.00000000 -4.31137680 0.84705882 0.84705882 0.84705882
v 7.50399820 2.80000000 -4.31137680 0.84705882 0.84705882 0.84705882
v 7.50399820 0.00000000 -4.46137680 0.84705882 0.84705882 0.84705882
v 7.50399820 2.80000000 -4.46137680 0.84705882 0.84705882 0.84705882
f 3126 3128 3125
f 3129 3126 3125
f 3125 3128 3127
f 3127 3129 3125
f 3126 3132 3128
f 3130 3126 3129
f 3130 3132 3126
f 3128 3132 3127
f 3131 3129 3127
f 3127 3132 3131
f 3131 3130 3129
f 3132 3130 3131

o geometry_284
v 7.27783660 0.00000000 -4.44120920 0.84705882 0.84705882 0.84705882
v 7.27783660 2.80000000 -4.44120920 0.84705882 0.84705882 0.84705882
v 7.27783660 0.00000000 -4.29120920 0.84705882 0.84705882 0.84705882
v 7.27783660 2.80000000 -4.29120920 0.84705882 0.84705882 0.84705882
v 6.74199820 0.00000000 -4.44120920 0.84705882 0.84705882 0.84705882
v 6.74199820 2.80000000 -4.44120920 0.84705882 0.84705882 0.84705882
v 6.74199820 0.00000000 -4.29120920 0.84705882 0.84705882 0.84705882
v 6.74199820 2.80000000 -4.29120920 0.84705882 0.84705882 0.84705882
f 3134 3136 3133
f 3137 3134 3133
f 3133 3136 3135
f 3135 3137 3133
f 3134 3140 3136
f 3138 3134 3137
f 3138 3140 3134
f 3136 3140 3135
f 3139 3137 3135
f 3135 3140 3139
f 3139 3138 3137
f 3140 3138 3139

o geometry_285
v 6.68896519 0.00000000 -4.41924221 0.84705882 0.84705882 0.84705882
v 6.68896519 2.80000000 -4.41924221 0.84705882 0.84705882 0.84705882
v 6.79503121 0.00000000 -4.31317619 0.84705882 0.84705882 0.84705882
v 6.79503121 2.80000000 -4.31317619 0.84705882 0.84705882 0.84705882
v 6.53656519 0.00000000 -4.26684221 0.84705882 0.84705882 0.84705882
v 6.53656519 2.80000000 -4.26684221 0.84705882 0.84705882 0.84705882
v 6.64263121 0.00000000 -4.16077619 0.84705882 0.84705882 0.84705882
v 6.64263121 2.80000000 -4.16077619 0.84705882 0.84705882 0.84705882
f 3142 3144 3141
f 3145 3142 3141
f 3141 3144 3143
f 3143 3145 3141
f 3142 3148 3144
f 3146 3142 3145
f 3146 3148 3142
f 3144 3148 3143
f 3147 3145 3143
f 3143 3148 3147
f 3147 3146 3145
f 3148 3146 3147

o geometry_286
v 6.51459820 0.00000000 -4.21380920 0.84705882 0.84705882 0.84705882
v 6.51459820 2.80000000 -4.21380920 0.84705882 0.84705882 0.84705882
v 6.66459820 0.00000000 -4.21380920 0.84705882 0.84705882 0.84705882
v 6.66459820 2.80000000 -4.21380920 0.84705882 0.84705882 0.84705882
v 6.51459820 0.00000000 -3.68294920 0.84705882 0.84705882 0.84705882
v 6.51459820 2.80000000 -3.68294920 0.84705882 0.84705882 0.84705882
v 6.66459820 0.00000000 -3.68294920 0.84705882 0.84705882 0.84705882
v 6.66459820 2.80000000 -3.68294920 0.84705882 0.84705882 0.84705882
f 3150 3152 3149
f 3153 3150 3149
f 3149 3152 3151
f 3151 3153 3149
f 3150 3156 3152
f 3154 3150 3153
f 3154 3156 3150
f 3152 3156 3151
f 3155 3153 3151
f 3151 3156 3155
f 3155 3154 3153
f 3156 3154 3155

o geometry_287
v 6.51459820 0.00000000 -3.68294920 0.84705882 0.84705882 0.84705882
v 6.51459820 0.90000000 -3.68294920 0.84705882 0.84705882 0.84705882
v 6.66459820 0.00000000 -3.68294920 0.84705882 0.84705882 0.84705882
v 6.66459820 0.90000000 -3.68294920 0.84705882 0.84705882 0.84705882
v 6.51459820 0.00000000 -3.37560920 0.84705882 0.84705882 0.84705882
v 6.51459820 0.90000000 -3.37560920 0.84705882 0.84705882 0.84705882
v 6.66459820 0.00000000 -3.37560920 0.84705882 0.84705882 0.84705882
v 6.66459820 0.90000000 -3.37560920 0.84705882 0.84705882 0.84705882
f 3158 3160 3157
f 3161 3158 3157
f 3157 3160 3159
f 3159 3161 3157
f 3158 3164 3160
f 3162 3158 3161
f 3162 3164 3158
f 3160 3164 3159
f 3163 3161 3159
f 3159 3164 3163
f 3163 3162 3161
f 3164 3162 3163

o geometry_288
v 6.51459820 2.10000000 -3.68294920 0.84705882 0.84705882 0.84705882
v 6.51459820 2.80000000 -3.68294920 0.84705882 0.84705882 0.84705882
v 6.66459820 2.10000000 -3.68294920 0.84705882 0.84705882 0.84705882
v 6.66459820 2.80000000 -3.68294920 0.84705882 0.84705882 0.84705882
v 6.51459820 2.10000000 -3.37560920 0.84705882 0.84705882 0.84705882
v 6.51459820 2.80000000 -3.37560920 0.84705882 0.84705882 0.84705882
v 6.66459820 2.10000000 -3.37560920 0.84705882 0.84705882 0.84705882
v 6.66459820 2.80000000 -3.37560920 0.84705882 0.84705882 0.84705882
f 3166 3168 3165
f 3169 3166 3165
f 3165 3168 3167
f 3167 3169 3165
f 3166 3172 3168
f 3170 3166 3169
f 3170 3172 3166
f 3168 3172 3167
f 3171 3169 3167
f 3167 3172 3171
f 3171 3170 3169
f 3172 3170 3171

o geometry_289
v 6.57959820 0.90000000 -3.68294920 0.65882353 0.84313725 0.91764706
v 6.57959820 2.10000000 -3.68294920 0.65882353 0.84313725 0.91764706
v 6.59959820 0.90000000 -3.68294920 0.65882353 0.84313725 0.91764706
v 6.59959820 2.10000000 -3.68294920 0.65882353 0.84313725 0.91764706
v 6.57959820 0.90000000 -3.37560920 0.65882353 0.84313725 0.91764706
v 6.57959820 2.10000000 -3.37560920 0.65882353 0.84313725 0.91764706
v 6.59959820 0.90000000 -3.37560920 0.65882353 0.84313725 0.91764706
v 6.59959820 2.10000000 -3.37560920 0.65882353 0.84313725 0.91764706
f 3174 3176 3173
f 3177 3174 3173
f 3173 3176 3175
f 3175 3177 3173
f 3174 3180 3176
f 3178 3174 3177
f 3178 3180 3174
f 3176 3180 3175
f 3179 3177 3175
f 3175 3180 3179
f 3179 3178 3177
f 3180 3178 3179

o geometry_290
v 3.16174740 0.00000000 -3.37560920 0.84705882 0.84705882 0.84705882
v 3.16174740 2.80000000 -3.37560920 0.84705882 0.84705882 0.84705882
v 3.31174740 0.00000000 -3.37560920 0.84705882 0.84705882 0.84705882
v 3.31174740 2.80000000 -3.37560920 0.84705882 0.84705882 0.84705882
v 3.16174740 0.00000000 -3.22562220 0.84705882 0.84705882 0.84705882
v 3.16174740 2.80000000 -3.22562220 0.84705882 0.84705882 0.84705882
v 3.31174740 0.00000000 -3.22562220 0.84705882 0.84705882 0.84705882
v 3.31174740 2.80000000 -3.22562220 0.84705882 0.84705882 0.84705882
f 3182 3184 3181
f 3185 3182 3181
f 3181 3184 3183
f 3183 3185 3181
f 3182 3188 3184
f 3186 3182 3185
f 3186 3188 3182
f 3184 3188 3183
f 3187 3185 3183
f 3183 3188 3187
f 3187 3186 3185
f 3188 3186 3187

o geometry_291
v 3.23674740 0.00000000 -3.15062220 0.84705882 0.84705882 0.84705882
v 3.23674740 2.80000000 -3.15062220 0.84705882 0.84705882 0.84705882
v 3.23674740 0.00000000 -3.30062220 0.84705882 0.84705882 0.84705882
v 3.23674740 2.80000000 -3.30062220 0.84705882 0.84705882 0.84705882
v 3.38673440 0.00000000 -3.15062220 0.84705882 0.84705882 0.84705882
v 3.38673440 2.80000000 -3.15062220 0.84705882 0.84705882 0.84705882
v 3.38673440 0.00000000 -3.30062220 0.84705882 0.84705882 0.84705882
v 3.38673440 2.80000000 -3.30062220 0.84705882 0.84705882 0.84705882
f 3190 3192 3189
f 3193 3190 3189
f 3189 3192 3191
f 3191 3193 3189
f 3190 3196 3192
f 3194 3190 3193
f 3194 3196 3190
f 3192 3196 3191
f 3195 3193 3191
f 3191 3196 3195
f 3195 3194 3193
f 3196 3194 3195

o geometry_292
v 3.38673440 0.00000000 -3.15062220 0.84705882 0.84705882 0.84705882
v 3.38673440 2.80000000 -3.15062220 0.84705882 0.84705882 0.84705882
v 3.38673440 0.00000000 -3.30062220 0.84705882 0.84705882 0.84705882
v 3.38673440 2.80000000 -3.30062220 0.84705882 0.84705882 0.84705882
v 6.28142000 0.00000000 -3.15062220 0.84705882 0.84705882 0.84705882
v 6.28142000 2.80000000 -3.15062220 0.84705882 0.84705882 0.84705882
v 6.28142000 0.00000000 -3.30062220 0.84705882 0.84705882 0.84705882
v 6.28142000 2.80000000 -3.30062220 0.84705882 0.84705882 0.84705882
f 3198 3200 3197
f 3201 3198 3197
f 3197 3200 3199
f 3199 3201 3197
f 3198 3204 3200
f 3202 3198 3201
f 3202 3204 3198
f 3200 3204 3199
f 3203 3201 3199
f 3199 3204 3203
f 3203 3202 3201
f 3204 3202 3203

o geometry_293
v 6.35641731 0.00000000 -3.22498717 0.84705882 0.84705882 0.84705882
v 6.35641731 2.80000000 -3.22498717 0.84705882 0.84705882 0.84705882
v 6.20642269 0.00000000 -3.22625723 0.84705882 0.84705882 0.84705882
v 6.20642269 2.80000000 -3.22625723 0.84705882 0.84705882 0.84705882
v 6.35768731 0.00000000 -3.37497417 0.84705882 0.84705882 0.84705882
v 6.35768731 2.80000000 -3.37497417 0.84705882 0.84705882 0.84705882
v 6.20769269 0.00000000 -3.37624423 0.84705882 0.84705882 0.84705882
v 6.20769269 2.80000000 -3.37624423 0.84705882 0.84705882 0.84705882
f 3206 3208 3205
f 3209 3206 3205
f 3205 3208 3207
f 3207 3209 3205
f 3206 3212 3208
f 3210 3206 3209
f 3210 3212 3206
f 3208 3212 3207
f 3211 3209 3207
f 3207 3212 3211
f 3211 3210 3209
f 3212 3210 3211

o geometry_294
v 5.90387440 0.00000000 -3.45060920 0.84705882 0.84705882 0.84705882
v 5.90387440 2.80000000 -3.45060920 0.84705882 0.84705882 0.84705882
v 5.90387440 0.00000000 -3.30060920 0.84705882 0.84705882 0.84705882
v 5.90387440 2.80000000 -3.30060920 0.84705882 0.84705882 0.84705882
v 5.67354720 0.00000000 -3.45060920 0.84705882 0.84705882 0.84705882
v 5.67354720 2.80000000 -3.45060920 0.84705882 0.84705882 0.84705882
v 5.67354720 0.00000000 -3.30060920 0.84705882 0.84705882 0.84705882
v 5.67354720 2.80000000 -3.30060920 0.84705882 0.84705882 0.84705882
f 3214 3216 3213
f 3217 3214 3213
f 3213 3216 3215
f 3215 3217 3213
f 3214 3220 3216
f 3218 3214 3217
f 3218 3220 3214
f 3216 3220 3215
f 3219 3217 3215
f 3215 3220 3219
f 3219 3218 3217
f 3220 3218 3219

o geometry_295
v 5.74854720 0.00000000 -3.37560920 0.84705882 0.84705882 0.84705882
v 5.74854720 2.80000000 -3.37560920 0.84705882 0.84705882 0.84705882
v 5.59854720 0.00000000 -3.37560920 0.84705882 0.84705882 0.84705882
v 5.59854720 2.80000000 -3.37560920 0.84705882 0.84705882 0.84705882
v 5.74854720 0.00000000 -5.70257940 0.84705882 0.84705882 0.84705882
v 5.74854720 2.80000000 -5.70257940 0.84705882 0.84705882 0.84705882
v 5.59854720 0.00000000 -5.70257940 0.84705882 0.84705882 0.84705882
v 5.59854720 2.80000000 -5.70257940 0.84705882 0.84705882 0.84705882
f 3222 3224 3221
f 3225 3222 3221
f 3221 3224 3223
f 3223 3225 3221
f 3222 3228 3224
f 3226 3222 3225
f 3226 3228 3222
f 3224 3228 3223
f 3227 3225 3223
f 3223 3228 3227
f 3227 3226 3225
f 3228 3226 3227

o geometry_296
v 5.67354720 0.00000000 -5.77757940 0.84705882 0.84705882 0.84705882
v 5.67354720 2.80000000 -5.77757940 0.84705882 0.84705882 0.84705882
v 5.67354720 0.00000000 -5.62757940 0.84705882 0.84705882 0.84705882
v 5.67354720 2.80000000 -5.62757940 0.84705882 0.84705882 0.84705882
v 5.57415700 0.00000000 -5.77757940 0.84705882 0.84705882 0.84705882
v 5.57415700 2.80000000 -5.77757940 0.84705882 0.84705882 0.84705882
v 5.57415700 0.00000000 -5.62757940 0.84705882 0.84705882 0.84705882
v 5.57415700 2.80000000 -5.62757940 0.84705882 0.84705882 0.84705882
f 3230 3232 3229
f 3233 3230 3229
f 3229 3232 3231
f 3231 3233 3229
f 3230 3236 3232
f 3234 3230 3233
f 3234 3236 3230
f 3232 3236 3231
f 3235 3233 3231
f 3231 3236 3235
f 3235 3234 3233
f 3236 3234 3235

o geometry_297
v 5.49915700 0.00000000 -5.70257940 0.84705882 0.84705882 0.84705882
v 5.49915700 2.80000000 -5.70257940 0.84705882 0.84705882 0.84705882
v 5.64915700 0.00000000 -5.70257940 0.84705882 0.84705882 0.84705882
v 5.64915700 2.80000000 -5.70257940 0.84705882 0.84705882 0.84705882
v 5.49915700 0.00000000 -3.37560920 0.84705882 0.84705882 0.84705882
v 5.49915700 2.80000000 -3.37560920 0.84705882 0.84705882 0.84705882
v 5.64915700 0.00000000 -3.37560920 0.84705882 0.84705882 0.84705882
v 5.64915700 2.80000000 -3.37560920 0.84705882 0.84705882 0.84705882
f 3238 3240 3237
f 3241 3238 3237
f 3237 3240 3239
f 3239 3241 3237
f 3238 3244 3240
f 3242 3238 3241
f 3242 3244 3238
f 3240 3244 3239
f 3243 3241 3239
f 3239 3244 3243
f 3243 3242 3241
f 3244 3242 3243

o geometry_298
v 5.57415700 0.00000000 -3.45060920 0.84705882 0.84705882 0.84705882
v 5.57415700 2.80000000 -3.45060920 0.84705882 0.84705882 0.84705882
v 5.57415700 0.00000000 -3.30060920 0.84705882 0.84705882 0.84705882
v 5.57415700 2.80000000 -3.30060920 0.84705882 0.84705882 0.84705882
v 3.23674740 0.00000000 -3.45060920 0.84705882 0.84705882 0.84705882
v 3.23674740 2.80000000 -3.45060920 0.84705882 0.84705882 0.84705882
v 3.23674740 0.00000000 -3.30060920 0.84705882 0.84705882 0.84705882
v 3.23674740 2.80000000 -3.30060920 0.84705882 0.84705882 0.84705882
f 3246 3248 3245
f 3249 3246 3245
f 3245 3248 3247
f 3247 3249 3245
f 3246 3252 3248
f 3250 3246 3249
f 3250 3252 3246
f 3248 3252 3247
f 3251 3249 3247
f 3247 3252 3251
f 3251 3250 3249
f 3252 3250 3251

o geometry_299
v 6.82115080 0.00000000 -3.37560920 0.84705882 0.84705882 0.84705882
v 6.82115080 2.80000000 -3.37560920 0.84705882 0.84705882 0.84705882
v 6.97115080 0.00000000 -3.37560920 0.84705882 0.84705882 0.84705882
v 6.97115080 2.80000000 -3.37560920 0.84705882 0.84705882 0.84705882
v 6.82115080 0.00000000 -3.22562220 0.84705882 0.84705882 0.84705882
v 6.82115080 2.80000000 -3.22562220 0.84705882 0.84705882 0.84705882
v 6.97115080 0.00000000 -3.22562220 0.84705882 0.84705882 0.84705882
v 6.97115080 2.80000000 -3.22562220 0.84705882 0.84705882 0.84705882
f 3254 3256 3253
f 3257 3254 3253
f 3253 3256 3255
f 3255 3257 3253
f 3254 3260 3256
f 3258 3254 3257
f 3258 3260 3254
f 3256 3260 3255
f 3259 3257 3255
f 3255 3260 3259
f 3259 3258 3257
f 3260 3258 3259

o geometry_300
v 6.89615080 0.00000000 -3.15062220 0.84705882 0.84705882 0.84705882
v 6.89615080 2.80000000 -3.15062220 0.84705882 0.84705882 0.84705882
v 6.89615080 0.00000000 -3.30062220 0.84705882 0.84705882 0.84705882
v 6.89615080 2.80000000 -3.30062220 0.84705882 0.84705882 0.84705882
v 7.60399800 0.00000000 -3.15062220 0.84705882 0.84705882 0.84705882
v 7.60399800 2.80000000 -3.15062220 0.84705882 0.84705882 0.84705882
v 7.60399800 0.00000000 -3.30062220 0.84705882 0.84705882 0.84705882
v 7.60399800 2.80000000 -3.30062220 0.84705882 0.84705882 0.84705882
f 3262 3264 3261
f 3265 3262 3261
f 3261 3264 3263
f 3263 3265 3261
f 3262 3268 3264
f 3266 3262 3265
f 3266 3268 3262
f 3264 3268 3263
f 3267 3265 3263
f 3263 3268 3267
f 3267 3266 3265
f 3268 3266 3267

o geometry_301
v 7.67899797 0.00000000 -3.22568575 0.84705882 0.84705882 0.84705882
v 7.67899797 2.80000000 -3.22568575 0.84705882 0.84705882 0.84705882
v 7.52899803 0.00000000 -3.22555865 0.84705882 0.84705882 0.84705882
v 7.52899803 2.80000000 -3.22555865 0.84705882 0.84705882 0.84705882
v 7.67739777 0.00000000 -5.11415035 0.84705882 0.84705882 0.84705882
v 7.67739777 2.80000000 -5.11415035 0.84705882 0.84705882 0.84705882
v 7.52739783 0.00000000 -5.11402325 0.84705882 0.84705882 0.84705882
v 7.52739783 2.80000000 -5.11402325 0.84705882 0.84705882 0.84705882
f 3270 3272 3269
f 3273 3270 3269
f 3269 3272 3271
f 3271 3273 3269
f 3270 3276 3272
f 3274 3270 3273
f 3274 3276 3270
f 3272 3276 3271
f 3275 3273 3271
f 3271 3276 3275
f 3275 3274 3273
f 3276 3274 3275

o geometry_302
v 7.67739777 0.00000000 -5.11414920 0.84705882 0.84705882 0.84705882
v 7.67739777 2.80000000 -5.11414920 0.84705882 0.84705882 0.84705882
v 7.52739783 0.00000000 -5.11402440 0.84705882 0.84705882 0.84705882
v 7.52739783 2.80000000 -5.11402440 0.84705882 0.84705882 0.84705882
v 7.67699137 0.00000000 -5.60264200 0.84705882 0.84705882 0.84705882
v 7.67699137 2.80000000 -5.60264200 0.84705882 0.84705882 0.84705882
v 7.52699143 0.00000000 -5.60251720 0.84705882 0.84705882 0.84705882
v 7.52699143 2.80000000 -5.60251720 0.84705882 0.84705882 0.84705882
f 3278 3280 3277
f 3281 3278 3277
f 3277 3280 3279
f 3279 3281 3277
f 3278 3284 3280
f 3282 3278 3281
f 3282 3284 3278
f 3280 3284 3279
f 3283 3281 3279
f 3279 3284 3283
f 3283 3282 3281
f 3284 3282 3283

o geometry_303
v 7.99640260 0.00000000 -5.52757960 0.84705882 0.84705882 0.84705882
v 7.99640260 2.80000000 -5.52757960 0.84705882 0.84705882 0.84705882
v 7.99640260 0.00000000 -5.67757960 0.84705882 0.84705882 0.84705882
v 7.99640260 2.80000000 -5.67757960 0.84705882 0.84705882 0.84705882
v 8.95019800 0.00000000 -5.52757960 0.84705882 0.84705882 0.84705882
v 8.95019800 2.80000000 -5.52757960 0.84705882 0.84705882 0.84705882
v 8.95019800 0.00000000 -5.67757960 0.84705882 0.84705882 0.84705882
v 8.95019800 2.80000000 -5.67757960 0.84705882 0.84705882 0.84705882
f 3286 3288 3285
f 3289 3286 3285
f 3285 3288 3287
f 3287 3289 3285
f 3286 3292 3288
f 3290 3286 3289
f 3290 3292 3286
f 3288 3292 3287
f 3291 3289 3287
f 3287 3292 3291
f 3291 3290 3289
f 3292 3290 3291

o geometry_304
v 9.12519780 0.00000000 -5.60257960 0.84705882 0.84705882 0.84705882
v 9.12519780 2.80000000 -5.60257960 0.84705882 0.84705882 0.84705882
v 8.97519780 0.00000000 -5.60257960 0.84705882 0.84705882 0.84705882
v 8.97519780 2.80000000 -5.60257960 0.84705882 0.84705882 0.84705882
v 9.12519780 0.00000000 -5.70257940 0.84705882 0.84705882 0.84705882
v 9.12519780 2.80000000 -5.70257940 0.84705882 0.84705882 0.84705882
v 8.97519780 0.00000000 -5.70257940 0.84705882 0.84705882 0.84705882
v 8.97519780 2.80000000 -5.70257940 0.84705882 0.84705882 0.84705882
f 3294 3296 3293
f 3297 3294 3293
f 3293 3296 3295
f 3295 3297 3293
f 3294 3300 3296
f 3298 3294 3297
f 3298 3300 3294
f 3296 3300 3295
f 3299 3297 3295
f 3295 3300 3299
f 3299 3298 3297
f 3300 3298 3299

o geometry_305
v 9.05022176 0.00000000 -5.77757940 0.84705882 0.84705882 0.84705882
v 9.05022176 2.80000000 -5.77757940 0.84705882 0.84705882 0.84705882
v 9.05017384 0.00000000 -5.62757940 0.84705882 0.84705882 0.84705882
v 9.05017384 2.80000000 -5.62757940 0.84705882 0.84705882 0.84705882
v 6.42632556 0.00000000 -5.77841760 0.84705882 0.84705882 0.84705882
v 6.42632556 2.80000000 -5.77841760 0.84705882 0.84705882 0.84705882
v 6.42627764 0.00000000 -5.62841760 0.84705882 0.84705882 0.84705882
v 6.42627764 2.80000000 -5.62841760 0.84705882 0.84705882 0.84705882
f 3302 3304 3301
f 3305 3302 3301
f 3301 3304 3303
f 3303 3305 3301
f 3302 3308 3304
f 3306 3302 3305
f 3306 3308 3302
f 3304 3308 3303
f 3307 3305 3303
f 3303 3308 3307
f 3307 3306 3305
f 3308 3306 3307

o geometry_306
v 6.35130160 0.00000000 -5.63084980 0.84705882 0.84705882 0.84705882
v 6.35130160 2.80000000 -5.63084980 0.84705882 0.84705882 0.84705882
v 6.50130160 0.00000000 -5.63084980 0.84705882 0.84705882 0.84705882
v 6.50130160 2.80000000 -5.63084980 0.84705882 0.84705882 0.84705882
v 6.35130160 0.00000000 -5.60257960 0.84705882 0.84705882 0.84705882
v 6.35130160 2.80000000 -5.60257960 0.84705882 0.84705882 0.84705882
v 6.50130160 0.00000000 -5.60257960 0.84705882 0.84705882 0.84705882
v 6.50130160 2.80000000 -5.60257960 0.84705882 0.84705882 0.84705882
f 3310 3312 3309
f 3313 3310 3309
f 3309 3312 3311
f 3311 3313 3309
f 3310 3316 3312
f 3314 3310 3313
f 3314 3316 3310
f 3312 3316 3311
f 3315 3313 3311
f 3311 3316 3315
f 3315 3314 3313
f 3316 3314 3315

o geometry_307
v 6.42630160 0.00000000 -5.52757960 0.84705882 0.84705882 0.84705882
v 6.42630160 2.80000000 -5.52757960 0.84705882 0.84705882 0.84705882
v 6.42630160 0.00000000 -5.67757960 0.84705882 0.84705882 0.84705882
v 6.42630160 2.80000000 -5.67757960 0.84705882 0.84705882 0.84705882
v 7.09759820 0.00000000 -5.52757960 0.84705882 0.84705882 0.84705882
v 7.09759820 2.80000000 -5.52757960 0.84705882 0.84705882 0.84705882
v 7.09759820 0.00000000 -5.67757960 0.84705882 0.84705882 0.84705882
v 7.09759820 2.80000000 -5.67757960 0.84705882 0.84705882 0.84705882
f 3318 3320 3317
f 3321 3318 3317
f 3317 3320 3319
f 3319 3321 3317
f 3318 3324 3320
f 3322 3318 3321
f 3322 3324 3318
f 3320 3324 3319
f 3323 3321 3319
f 3319 3324 3323
f 3323 3322 3321
f 3324 3322 3323

o geometry_308
v 7.09759820 0.00000000 -5.52757960 0.84705882 0.84705882 0.84705882
v 7.09759820 2.80000000 -5.52757960 0.84705882 0.84705882 0.84705882
v 7.09759820 0.00000000 -5.67757960 0.84705882 0.84705882 0.84705882
v 7.09759820 2.80000000 -5.67757960 0.84705882 0.84705882 0.84705882
v 7.50399820 0.00000000 -5.52757960 0.84705882 0.84705882 0.84705882
v 7.50399820 2.80000000 -5.52757960 0.84705882 0.84705882 0.84705882
v 7.50399820 0.00000000 -5.67757960 0.84705882 0.84705882 0.84705882
v 7.50399820 2.80000000 -5.67757960 0.84705882 0.84705882 0.84705882
f 3326 3328 3325
f 3329 3326 3325
f 3325 3328 3327
f 3327 3329 3325
f 3326 3332 3328
f 3330 3326 3329
f 3330 3332 3326
f 3328 3332 3327
f 3331 3329 3327
f 3327 3332 3331
f 3331 3330 3329
f 3332 3330 3331

o geometry_309
v 7.42899820 0.00000000 -5.60257960 0.84705882 0.84705882 0.84705882
v 7.42899820 2.80000000 -5.60257960 0.84705882 0.84705882 0.84705882
v 7.57899820 0.00000000 -5.60257960 0.84705882 0.84705882 0.84705882
v 7.57899820 2.80000000 -5.60257960 0.84705882 0.84705882 0.84705882
v 7.42899820 0.00000000 -4.40656980 0.84705882 0.84705882 0.84705882
v 7.42899820 2.80000000 -4.40656980 0.84705882 0.84705882 0.84705882
v 7.57899820 0.00000000 -4.40656980 0.84705882 0.84705882 0.84705882
v 7.57899820 2.80000000 -4.40656980 0.84705882 0.84705882 0.84705882
f 3334 3336 3333
f 3337 3334 3333
f 3333 3336 3335
f 3335 3337 3333
f 3334 3340 3336
f 3338 3334 3337
f 3338 3340 3334
f 3336 3340 3335
f 3339 3337 3335
f 3335 3340 3339
f 3339 3338 3337
f 3340 3338 3339

o geometry_310
v 7.42899820 0.00000000 -4.36620920 0.84705882 0.84705882 0.84705882
v 7.42899820 2.80000000 -4.36620920 0.84705882 0.84705882 0.84705882
v 7.57899820 0.00000000 -4.36620920 0.84705882 0.84705882 0.84705882
v 7.57899820 2.80000000 -4.36620920 0.84705882 0.84705882 0.84705882
v 7.42899820 0.00000000 -3.37560920 0.84705882 0.84705882 0.84705882
v 7.42899820 2.80000000 -3.37560920 0.84705882 0.84705882 0.84705882
v 7.57899820 0.00000000 -3.37560920 0.84705882 0.84705882 0.84705882
v 7.57899820 2.80000000 -3.37560920 0.84705882 0.84705882 0.84705882
f 3342 3344 3341
f 3345 3342 3341
f 3341 3344 3343
f 3343 3345 3341
f 3342 3348 3344
f 3346 3342 3345
f 3346 3348 3342
f 3344 3348 3343
f 3347 3345 3343
f 3343 3348 3347
f 3347 3346 3345
f 3348 3346 3347

o geometry_311
v 7.50399820 0.00000000 -3.45060920 0.84705882 0.84705882 0.84705882
v 7.50399820 2.80000000 -3.45060920 0.84705882 0.84705882 0.84705882
v 7.50399820 0.00000000 -3.30060920 0.84705882 0.84705882 0.84705882
v 7.50399820 2.80000000 -3.30060920 0.84705882 0.84705882 0.84705882
v 6.89615080 0.00000000 -3.45060920 0.84705882 0.84705882 0.84705882
v 6.89615080 2.80000000 -3.45060920 0.84705882 0.84705882 0.84705882
v 6.89615080 0.00000000 -3.30060920 0.84705882 0.84705882 0.84705882
v 6.89615080 2.80000000 -3.30060920 0.84705882 0.84705882 0.84705882
f 3350 3352 3349
f 3353 3350 3349
f 3349 3352 3351
f 3351 3353 3349
f 3350 3356 3352
f 3354 3350 3353
f 3354 3356 3350
f 3352 3356 3351
f 3355 3353 3351
f 3351 3356 3355
f 3355 3354 3353
f 3356 3354 3355

o geometry_312
v 8.20398995 0.00000000 -3.15062220 0.84705882 0.84705882 0.84705882
v 8.20398995 2.80000000 -3.15062220 0.84705882 0.84705882 0.84705882
v 8.20400365 0.00000000 -3.30062220 0.84705882 0.84705882 0.84705882
v 8.20400365 2.80000000 -3.30062220 0.84705882 0.84705882 0.84705882
v 12.65457795 0.00000000 -3.15021580 0.84705882 0.84705882 0.84705882
v 12.65457795 2.80000000 -3.15021580 0.84705882 0.84705882 0.84705882
v 12.65459165 0.00000000 -3.30021580 0.84705882 0.84705882 0.84705882
v 12.65459165 2.80000000 -3.30021580 0.84705882 0.84705882 0.84705882
f 3358 3360 3357
f 3361 3358 3357
f 3357 3360 3359
f 3359 3361 3357
f 3358 3364 3360
f 3362 3358 3361
f 3362 3364 3358
f 3360 3364 3359
f 3363 3361 3359
f 3359 3364 3363
f 3363 3362 3361
f 3364 3362 3363

o geometry_313
v 12.72958480 0.00000000 -3.22521580 0.84705882 0.84705882 0.84705882
v 12.72958480 2.80000000 -3.22521580 0.84705882 0.84705882 0.84705882
v 12.57958480 0.00000000 -3.22521580 0.84705882 0.84705882 0.84705882
v 12.57958480 2.80000000 -3.22521580 0.84705882 0.84705882 0.84705882
v 12.72958480 0.00000000 -6.75256460 0.84705882 0.84705882 0.84705882
v 12.72958480 2.80000000 -6.75256460 0.84705882 0.84705882 0.84705882
v 12.57958480 0.00000000 -6.75256460 0.84705882 0.84705882 0.84705882
v 12.57958480 2.80000000 -6.75256460 0.84705882 0.84705882 0.84705882
f 3366 3368 3365
f 3369 3366 3365
f 3365 3368 3367
f 3367 3369 3365
f 3366 3372 3368
f 3370 3366 3369
f 3370 3372 3366
f 3368 3372 3367
f 3371 3369 3367
f 3367 3372 3371
f 3371 3370 3369
f 3372 3370 3371

o geometry_314
v 12.65458480 0.00000000 -6.82756460 0.84705882 0.84705882 0.84705882
v 12.65458480 2.80000000 -6.82756460 0.84705882 0.84705882 0.84705882
v 12.65458480 0.00000000 -6.67756460 0.84705882 0.84705882 0.84705882
v 12.65458480 2.80000000 -6.67756460 0.84705882 0.84705882 0.84705882
v 12.50459780 0.00000000 -6.82756460 0.84705882 0.84705882 0.84705882
v 12.50459780 2.80000000 -6.82756460 0.84705882 0.84705882 0.84705882
v 12.50459780 0.00000000 -6.67756460 0.84705882 0.84705882 0.84705882
v 12.50459780 2.80000000 -6.67756460 0.84705882 0.84705882 0.84705882
f 3374 3376 3373
f 3377 3374 3373
f 3373 3376 3375
f 3375 3377 3373
f 3374 3380 3376
f 3378 3374 3377
f 3378 3380 3374
f 3376 3380 3375
f 3379 3377 3375
f 3375 3380 3379
f 3379 3378 3377
f 3380 3378 3379

o geometry_315
v 12.42959780 0.00000000 -6.75256460 0.84705882 0.84705882 0.84705882
v 12.42959780 0.90000000 -6.75256460 0.84705882 0.84705882 0.84705882
v 12.57959780 0.00000000 -6.75256460 0.84705882 0.84705882 0.84705882
v 12.57959780 0.90000000 -6.75256460 0.84705882 0.84705882 0.84705882
v 12.42959780 0.00000000 -6.00257760 0.84705882 0.84705882 0.84705882
v 12.42959780 0.90000000 -6.00257760 0.84705882 0.84705882 0.84705882
v 12.57959780 0.00000000 -6.00257760 0.84705882 0.84705882 0.84705882
v 12.57959780 0.90000000 -6.00257760 0.84705882 0.84705882 0.84705882
f 3382 3384 3381
f 3385 3382 3381
f 3381 3384 3383
f 3383 3385 3381
f 3382 3388 3384
f 3386 3382 3385
f 3386 3388 3382
f 3384 3388 3383
f 3387 3385 3383
f 3383 3388 3387
f 3387 3386 3385
f 3388 3386 3387

o geometry_316
v 12.42959780 2.10000000 -6.75256460 0.84705882 0.84705882 0.84705882
v 12.42959780 2.80000000 -6.75256460 0.84705882 0.84705882 0.84705882
v 12.57959780 2.10000000 -6.75256460 0.84705882 0.84705882 0.84705882
v 12.57959780 2.80000000 -6.75256460 0.84705882 0.84705882 0.84705882
v 12.42959780 2.10000000 -6.00257760 0.84705882 0.84705882 0.84705882
v 12.42959780 2.80000000 -6.00257760 0.84705882 0.84705882 0.84705882
v 12.57959780 2.10000000 -6.00257760 0.84705882 0.84705882 0.84705882
v 12.57959780 2.80000000 -6.00257760 0.84705882 0.84705882 0.84705882
f 3390 3392 3389
f 3393 3390 3389
f 3389 3392 3391
f 3391 3393 3389
f 3390 3396 3392
f 3394 3390 3393
f 3394 3396 3390
f 3392 3396 3391
f 3395 3393 3391
f 3391 3396 3395
f 3395 3394 3393
f 3396 3394 3395

o geometry_317
v 12.49459780 0.90000000 -6.75256460 0.65882353 0.84313725 0.91764706
v 12.49459780 2.10000000 -6.75256460 0.65882353 0.84313725 0.91764706
v 12.51459780 0.90000000 -6.75256460 0.65882353 0.84313725 0.91764706
v 12.51459780 2.10000000 -6.75256460 0.65882353 0.84313725 0.91764706
v 12.49459780 0.90000000 -6.00257760 0.65882353 0.84313725 0.91764706
v 12.49459780 2.10000000 -6.00257760 0.65882353 0.84313725 0.91764706
v 12.51459780 0.90000000 -6.00257760 0.65882353 0.84313725 0.91764706
v 12.51459780 2.10000000 -6.00257760 0.65882353 0.84313725 0.91764706
f 3398 3400 3397
f 3401 3398 3397
f 3397 3400 3399
f 3399 3401 3397
f 3398 3404 3400
f 3402 3398 3401
f 3402 3404 3398
f 3400 3404 3399
f 3403 3401 3399
f 3399 3404 3403
f 3403 3402 3401
f 3404 3402 3403

o geometry_318
v 12.42959780 0.00000000 -6.60255220 0.84705882 0.84705882 0.84705882
v 12.42959780 0.90000000 -6.60255220 0.84705882 0.84705882 0.84705882
v 12.57959780 0.00000000 -6.60255220 0.84705882 0.84705882 0.84705882
v 12.57959780 0.90000000 -6.60255220 0.84705882 0.84705882 0.84705882
v 12.42959780 0.00000000 -5.60103020 0.84705882 0.84705882 0.84705882
v 12.42959780 0.90000000 -5.60103020 0.84705882 0.84705882 0.84705882
v 12.57959780 0.00000000 -5.60103020 0.84705882 0.84705882 0.84705882
v 12.57959780 0.90000000 -5.60103020 0.84705882 0.84705882 0.84705882
f 3406 3408 3405
f 3409 3406 3405
f 3405 3408 3407
f 3407 3409 3405
f 3406 3412 3408
f 3410 3406 3409
f 3410 3412 3406
f 3408 3412 3407
f 3411 3409 3407
f 3407 3412 3411
f 3411 3410 3409
f 3412 3410 3411

o geometry_319
v 12.42959780 2.10000000 -6.60255220 0.84705882 0.84705882 0.84705882
v 12.42959780 2.80000000 -6.60255220 0.84705882 0.84705882 0.84705882
v 12.57959780 2.10000000 -6.60255220 0.84705882 0.84705882 0.84705882
v 12.57959780 2.80000000 -6.60255220 0.84705882 0.84705882 0.84705882
v 12.42959780 2.10000000 -5.60103020 0.84705882 0.84705882 0.84705882
v 12.42959780 2.80000000 -5.60103020 0.84705882 0.84705882 0.84705882
v 12.57959780 2.10000000 -5.60103020 0.84705882 0.84705882 0.84705882
v 12.57959780 2.80000000 -5.60103020 0.84705882 0.84705882 0.84705882
f 3414 3416 3413
f 3417 3414 3413
f 3413 3416 3415
f 3415 3417 3413
f 3414 3420 3416
f 3418 3414 3417
f 3418 3420 3414
f 3416 3420 3415
f 3419 3417 3415
f 3415 3420 3419
f 3419 3418 3417
f 3420 3418 3419

o geometry_320
v 12.49459780 0.90000000 -6.60255220 0.65882353 0.84313725 0.91764706
v 12.49459780 2.10000000 -6.60255220 0.65882353 0.84313725 0.91764706
v 12.51459780 0.90000000 -6.60255220 0.65882353 0.84313725 0.91764706
v 12.51459780 2.10000000 -6.60255220 0.65882353 0.84313725 0.91764706
v 12.49459780 0.90000000 -5.60103020 0.65882353 0.84313725 0.91764706
v 12.49459780 2.10000000 -5.60103020 0.65882353 0.84313725 0.91764706
v 12.51459780 0.90000000 -5.60103020 0.65882353 0.84313725 0.91764706
v 12.51459780 2.10000000 -5.60103020 0.65882353 0.84313725 0.91764706
f 3422 3424 3421
f 3425 3422 3421
f 3421 3424 3423
f 3423 3425 3421
f 3422 3428 3424
f 3426 3422 3425
f 3426 3428 3422
f 3424 3428 3423
f 3427 3425 3423
f 3423 3428 3427
f 3427 3426 3425
f 3428 3426 3427

o geometry_321
v 12.42959780 0.00000000 -6.20097940 0.84705882 0.84705882 0.84705882
v 12.42959780 0.90000000 -6.20097940 0.84705882 0.84705882 0.84705882
v 12.57959780 0.00000000 -6.20097940 0.84705882 0.84705882 0.84705882
v 12.57959780 0.90000000 -6.20097940 0.84705882 0.84705882 0.84705882
v 12.42959780 0.00000000 -5.00097940 0.84705882 0.84705882 0.84705882
v 12.42959780 0.90000000 -5.00097940 0.84705882 0.84705882 0.84705882
v 12.57959780 0.00000000 -5.00097940 0.84705882 0.84705882 0.84705882
v 12.57959780 0.90000000 -5.00097940 0.84705882 0.84705882 0.84705882
f 3430 3432 3429
f 3433 3430 3429
f 3429 3432 3431
f 3431 3433 3429
f 3430 3436 3432
f 3434 3430 3433
f 3434 3436 3430
f 3432 3436 3431
f 3435 3433 3431
f 3431 3436 3435
f 3435 3434 3433
f 3436 3434 3435

o geometry_322
v 12.42959780 2.10000000 -6.20097940 0.84705882 0.84705882 0.84705882
v 12.42959780 2.80000000 -6.20097940 0.84705882 0.84705882 0.84705882
v 12.57959780 2.10000000 -6.20097940 0.84705882 0.84705882 0.84705882
v 12.57959780 2.80000000 -6.20097940 0.84705882 0.84705882 0.84705882
v 12.42959780 2.10000000 -5.00097940 0.84705882 0.84705882 0.84705882
v 12.42959780 2.80000000 -5.00097940 0.84705882 0.84705882 0.84705882
v 12.57959780 2.10000000 -5.00097940 0.84705882 0.84705882 0.84705882
v 12.57959780 2.80000000 -5.00097940 0.84705882 0.84705882 0.84705882
f 3438 3440 3437
f 3441 3438 3437
f 3437 3440 3439
f 3439 3441 3437
f 3438 3444 3440
f 3442 3438 3441
f 3442 3444 3438
f 3440 3444 3439
f 3443 3441 3439
f 3439 3444 3443
f 3443 3442 3441
f 3444 3442 3443

o geometry_323
v 12.49459780 0.90000000 -6.20097940 0.65882353 0.84313725 0.91764706
v 12.49459780 2.10000000 -6.20097940 0.65882353 0.84313725 0.91764706
v 12.51459780 0.90000000 -6.20097940 0.65882353 0.84313725 0.91764706
v 12.51459780 2.10000000 -6.20097940 0.65882353 0.84313725 0.91764706
v 12.49459780 0.90000000 -5.00097940 0.65882353 0.84313725 0.91764706
v 12.49459780 2.10000000 -5.00097940 0.65882353 0.84313725 0.91764706
v 12.51459780 0.90000000 -5.00097940 0.65882353 0.84313725 0.91764706
v 12.51459780 2.10000000 -5.00097940 0.65882353 0.84313725 0.91764706
f 3446 3448 3445
f 3449 3446 3445
f 3445 3448 3447
f 3447 3449 3445
f 3446 3452 3448
f 3450 3446 3449
f 3450 3452 3446
f 3448 3452 3447
f 3451 3449 3447
f 3447 3452 3451
f 3451 3450 3449
f 3452 3450 3451

o geometry_324
v 12.42959780 2.10000000 -5.47397940 0.84705882 0.84705882 0.84705882
v 12.42959780 2.80000000 -5.47397940 0.84705882 0.84705882 0.84705882
v 12.57959780 2.10000000 -5.47397940 0.84705882 0.84705882 0.84705882
v 12.57959780 2.80000000 -5.47397940 0.84705882 0.84705882 0.84705882
v 12.42959780 2.10000000 -5.06757940 0.84705882 0.84705882 0.84705882
v 12.42959780 2.80000000 -5.06757940 0.84705882 0.84705882 0.84705882
v 12.57959780 2.10000000 -5.06757940 0.84705882 0.84705882 0.84705882
v 12.57959780 2.80000000 -5.06757940 0.84705882 0.84705882 0.84705882
f 3454 3456 3453
f 3457 3454 3453
f 3453 3456 3455
f 3455 3457 3453
f 3454 3460 3456
f 3458 3454 3457
f 3458 3460 3454
f 3456 3460 3455
f 3459 3457 3455
f 3455 3460 3459
f 3459 3458 3457
f 3460 3458 3459

o geometry_325
v 12.48821476 0.00000000 -5.46250787 0.54117647 0.35294118 0.16862745
v 12.48821476 2.10000000 -5.46250787 0.54117647 0.35294118 0.16862745
v 12.52098084 0.00000000 -5.48545093 0.54117647 0.35294118 0.16862745
v 12.52098084 2.10000000 -5.48545093 0.54117647 0.35294118 0.16862745
v 12.72131622 0.00000000 -5.12960448 0.54117647 0.35294118 0.16862745
v 12.72131622 2.10000000 -5.12960448 0.54117647 0.35294118 0.16862745
v 12.75408230 0.00000000 -5.15254754 0.54117647 0.35294118 0.16862745
v 12.75408230 2.10000000 -5.15254754 0.54117647 0.35294118 0.16862745
f 3462 3464 3461
f 3465 3462 3461
f 3461 3464 3463
f 3463 3465 3461
f 3462 3468 3464
f 3466 3462 3465
f 3466 3468 3462
f 3464 3468 3463
f 3467 3465 3463
f 3463 3468 3467
f 3467 3466 3465
f 3468 3466 3467

o geometry_326
v 12.42959780 2.10000000 -5.44857940 0.84705882 0.84705882 0.84705882
v 12.42959780 2.80000000 -5.44857940 0.84705882 0.84705882 0.84705882
v 12.57959780 2.10000000 -5.44857940 0.84705882 0.84705882 0.84705882
v 12.57959780 2.80000000 -5.44857940 0.84705882 0.84705882 0.84705882
v 12.42959780 2.10000000 -5.09297940 0.84705882 0.84705882 0.84705882
v 12.42959780 2.80000000 -5.09297940 0.84705882 0.84705882 0.84705882
v 12.57959780 2.10000000 -5.09297940 0.84705882 0.84705882 0.84705882
v 12.57959780 2.80000000 -5.09297940 0.84705882 0.84705882 0.84705882
f 3470 3472 3469
f 3473 3470 3469
f 3469 3472 3471
f 3471 3473 3469
f 3470 3476 3472
f 3474 3470 3473
f 3474 3476 3470
f 3472 3476 3471
f 3475 3473 3471
f 3471 3476 3475
f 3475 3474 3473
f 3476 3474 3475

o geometry_327
v 12.48821476 0.00000000 -5.43710787 0.54117647 0.35294118 0.16862745
v 12.48821476 2.10000000 -5.43710787 0.54117647 0.35294118 0.16862745
v 12.52098084 0.00000000 -5.46005093 0.54117647 0.35294118 0.16862745
v 12.52098084 2.10000000 -5.46005093 0.54117647 0.35294118 0.16862745
v 12.69217854 0.00000000 -5.14581740 0.54117647 0.35294118 0.16862745
v 12.69217854 2.10000000 -5.14581740 0.54117647 0.35294118 0.16862745
v 12.72494462 0.00000000 -5.16876046 0.54117647 0.35294118 0.16862745
v 12.72494462 2.10000000 -5.16876046 0.54117647 0.35294118 0.16862745
f 3478 3480 3477
f 3481 3478 3477
f 3477 3480 3479
f 3479 3481 3477
f 3478 3484 3480
f 3482 3478 3481
f 3482 3484 3478
f 3480 3484 3479
f 3483 3481 3479
f 3479 3484 3483
f 3483 3482 3481
f 3484 3482 3483

o geometry_328
v 12.42959780 0.00000000 -5.09297940 0.84705882 0.84705882 0.84705882
v 12.42959780 2.80000000 -5.09297940 0.84705882 0.84705882 0.84705882
v 12.57959780 0.00000000 -5.09297940 0.84705882 0.84705882 0.84705882
v 12.57959780 2.80000000 -5.09297940 0.84705882 0.84705882 0.84705882
v 12.42959780 0.00000000 -4.17042600 0.84705882 0.84705882 0.84705882
v 12.42959780 2.80000000 -4.17042600 0.84705882 0.84705882 0.84705882
v 12.57959780 0.00000000 -4.17042600 0.84705882 0.84705882 0.84705882
v 12.57959780 2.80000000 -4.17042600 0.84705882 0.84705882 0.84705882
f 3486 3488 3485
f 3489 3486 3485
f 3485 3488 3487
f 3487 3489 3485
f 3486 3492 3488
f 3490 3486 3489
f 3490 3492 3486
f 3488 3492 3487
f 3491 3489 3487
f 3487 3492 3491
f 3491 3490 3489
f 3492 3490 3491

o geometry_329
v 12.42959780 2.10000000 -4.17042600 0.84705882 0.84705882 0.84705882
v 12.42959780 2.80000000 -4.17042600 0.84705882 0.84705882 0.84705882
v 12.57959780 2.10000000 -4.17042600 0.84705882 0.84705882 0.84705882
v 12.57959780 2.80000000 -4.17042600 0.84705882 0.84705882 0.84705882
v 12.42959780 2.10000000 -3.76402600 0.84705882 0.84705882 0.84705882
v 12.42959780 2.80000000 -3.76402600 0.84705882 0.84705882 0.84705882
v 12.57959780 2.10000000 -3.76402600 0.84705882 0.84705882 0.84705882
v 12.57959780 2.80000000 -3.76402600 0.84705882 0.84705882 0.84705882
f 3494 3496 3493
f 3497 3494 3493
f 3493 3496 3495
f 3495 3497 3493
f 3494 3500 3496
f 3498 3494 3497
f 3498 3500 3494
f 3496 3500 3495
f 3499 3497 3495
f 3495 3500 3499
f 3499 3498 3497
f 3500 3498 3499

o geometry_330
v 12.48821476 0.00000000 -4.15895447 0.54117647 0.35294118 0.16862745
v 12.48821476 2.10000000 -4.15895447 0.54117647 0.35294118 0.16862745
v 12.52098084 0.00000000 -4.18189753 0.54117647 0.35294118 0.16862745
v 12.52098084 2.10000000 -4.18189753 0.54117647 0.35294118 0.16862745
v 12.72131622 0.00000000 -3.82605108 0.54117647 0.35294118 0.16862745
v 12.72131622 2.10000000 -3.82605108 0.54117647 0.35294118 0.16862745
v 12.75408230 0.00000000 -3.84899414 0.54117647 0.35294118 0.16862745
v 12.75408230 2.10000000 -3.84899414 0.54117647 0.35294118 0.16862745
f 3502 3504 3501
f 3505 3502 3501
f 3501 3504 3503
f 3503 3505 3501
f 3502 3508 3504
f 3506 3502 3505
f 3506 3508 3502
f 3504 3508 3503
f 3507 3505 3503
f 3503 3508 3507
f 3507 3506 3505
f 3508 3506 3507

o geometry_331
v 12.42959780 2.10000000 -4.14502600 0.84705882 0.84705882 0.84705882
v 12.42959780 2.80000000 -4.14502600 0.84705882 0.84705882 0.84705882
v 12.57959780 2.10000000 -4.14502600 0.84705882 0.84705882 0.84705882
v 12.57959780 2.80000000 -4.14502600 0.84705882 0.84705882 0.84705882
v 12.42959780 2.10000000 -3.78942600 0.84705882 0.84705882 0.84705882
v 12.42959780 2.80000000 -3.78942600 0.84705882 0.84705882 0.84705882
v 12.57959780 2.10000000 -3.78942600 0.84705882 0.84705882 0.84705882
v 12.57959780 2.80000000 -3.78942600 0.84705882 0.84705882 0.84705882
f 3510 3512 3509
f 3513 3510 3509
f 3509 3512 3511
f 3511 3513 3509
f 3510 3516 3512
f 3514 3510 3513
f 3514 3516 3510
f 3512 3516 3511
f 3515 3513 3511
f 3511 3516 3515
f 3515 3514 3513
f 3516 3514 3515

o geometry_332
v 12.48821476 0.00000000 -4.13355447 0.54117647 0.35294118 0.16862745
v 12.48821476 2.10000000 -4.13355447 0.54117647 0.35294118 0.16862745
v 12.52098084 0.00000000 -4.15649753 0.54117647 0.35294118 0.16862745
v 12.52098084 2.10000000 -4.15649753 0.54117647 0.35294118 0.16862745
v 12.69217854 0.00000000 -3.84226400 0.54117647 0.35294118 0.16862745
v 12.69217854 2.10000000 -3.84226400 0.54117647 0.35294118 0.16862745
v 12.72494462 0.00000000 -3.86520706 0.54117647 0.35294118 0.16862745
v 12.72494462 2.10000000 -3.86520706 0.54117647 0.35294118 0.16862745
f 3518 3520 3517
f 3521 3518 3517
f 3517 3520 3519
f 3519 3521 3517
f 3518 3524 3520
f 3522 3518 3521
f 3522 3524 3518
f 3520 3524 3519
f 3523 3521 3519
f 3519 3524 3523
f 3523 3522 3521
f 3524 3522 3523

o geometry_333
v 12.42959780 0.00000000 -3.78942600 0.84705882 0.84705882 0.84705882
v 12.42959780 2.80000000 -3.78942600 0.84705882 0.84705882 0.84705882
v 12.57959780 0.00000000 -3.78942600 0.84705882 0.84705882 0.84705882
v 12.57959780 2.80000000 -3.78942600 0.84705882 0.84705882 0.84705882
v 12.42959780 0.00000000 -3.37560920 0.84705882 0.84705882 0.84705882
v 12.42959780 2.80000000 -3.37560920 0.84705882 0.84705882 0.84705882
v 12.57959780 0.00000000 -3.37560920 0.84705882 0.84705882 0.84705882
v 12.57959780 2.80000000 -3.37560920 0.84705882 0.84705882 0.84705882
f 3526 3528 3525
f 3529 3526 3525
f 3525 3528 3527
f 3527 3529 3525
f 3526 3532 3528
f 3530 3526 3529
f 3530 3532 3526
f 3528 3532 3527
f 3531 3529 3527
f 3527 3532 3531
f 3531 3530 3529
f 3532 3530 3531

o geometry_334
v 12.50459725 0.00000000 -3.45060920 0.84705882 0.84705882 0.84705882
v 12.50459725 2.80000000 -3.45060920 0.84705882 0.84705882 0.84705882
v 12.50459835 0.00000000 -3.30060920 0.84705882 0.84705882 0.84705882
v 12.50459835 2.80000000 -3.30060920 0.84705882 0.84705882 0.84705882
v 9.05019725 0.00000000 -3.45058380 0.84705882 0.84705882 0.84705882
v 9.05019725 2.80000000 -3.45058380 0.84705882 0.84705882 0.84705882
v 9.05019835 0.00000000 -3.30058380 0.84705882 0.84705882 0.84705882
v 9.05019835 2.80000000 -3.30058380 0.84705882 0.84705882 0.84705882
f 3534 3536 3533
f 3537 3534 3533
f 3533 3536 3535
f 3535 3537 3533
f 3534 3540 3536
f 3538 3534 3537
f 3538 3540 3534
f 3536 3540 3535
f 3539 3537 3535
f 3535 3540 3539
f 3539 3538 3537
f 3540 3538 3539

o geometry_335
v 8.46089860 0.00000000 -6.70417760 0.84705882 0.84705882 0.84705882
v 8.46089860 2.80000000 -6.70417760 0.84705882 0.84705882 0.84705882
v 8.61089860 0.00000000 -6.70417760 0.84705882 0.84705882 0.84705882
v 8.61089860 2.80000000 -6.70417760 0.84705882 0.84705882 0.84705882
v 8.46089860 0.00000000 -6.60257760 0.84705882 0.84705882 0.84705882
v 8.46089860 2.80000000 -6.60257760 0.84705882 0.84705882 0.84705882
v 8.61089860 0.00000000 -6.60257760 0.84705882 0.84705882 0.84705882
v 8.61089860 2.80000000 -6.60257760 0.84705882 0.84705882 0.84705882
f 3542 3544 3541
f 3545 3542 3541
f 3541 3544 3543
f 3543 3545 3541
f 3542 3548 3544
f 3546 3542 3545
f 3546 3548 3542
f 3544 3548 3543
f 3547 3545 3543
f 3543 3548 3547
f 3547 3546 3545
f 3548 3546 3547

o geometry_336
v 8.53589860 0.00000000 -6.52757760 0.84705882 0.84705882 0.84705882
v 8.53589860 2.80000000 -6.52757760 0.84705882 0.84705882 0.84705882
v 8.53589860 0.00000000 -6.67757760 0.84705882 0.84705882 0.84705882
v 8.53589860 2.80000000 -6.67757760 0.84705882 0.84705882 0.84705882
v 10.64366680 0.00000000 -6.52757760 0.84705882 0.84705882 0.84705882
v 10.64366680 2.80000000 -6.52757760 0.84705882 0.84705882 0.84705882
v 10.64366680 0.00000000 -6.67757760 0.84705882 0.84705882 0.84705882
v 10.64366680 2.80000000 -6.67757760 0.84705882 0.84705882 0.84705882
f 3550 3552 3549
f 3553 3550 3549
f 3549 3552 3551
f 3551 3553 3549
f 3550 3556 3552
f 3554 3550 3553
f 3554 3556 3550
f 3552 3556 3551
f 3555 3553 3551
f 3551 3556 3555
f 3555 3554 3553
f 3556 3554 3555

o geometry_337
v 10.71866680 0.00000000 -6.60257760 0.84705882 0.84705882 0.84705882
v 10.71866680 0.90000000 -6.60257760 0.84705882 0.84705882 0.84705882
v 10.56866680 0.00000000 -6.60257760 0.84705882 0.84705882 0.84705882
v 10.56866680 0.90000000 -6.60257760 0.84705882 0.84705882 0.84705882
v 10.71866680 0.00000000 -7.60798580 0.84705882 0.84705882 0.84705882
v 10.71866680 0.90000000 -7.60798580 0.84705882 0.84705882 0.84705882
v 10.56866680 0.00000000 -7.60798580 0.84705882 0.84705882 0.84705882
v 10.56866680 0.90000000 -7.60798580 0.84705882 0.84705882 0.84705882
f 3558 3560 3557
f 3561 3558 3557
f 3557 3560 3559
f 3559 3561 3557
f 3558 3564 3560
f 3562 3558 3561
f 3562 3564 3558
f 3560 3564 3559
f 3563 3561 3559
f 3559 3564 3563
f 3563 3562 3561
f 3564 3562 3563

o geometry_338
v 10.71866680 2.10000000 -6.60257760 0.84705882 0.84705882 0.84705882
v 10.71866680 2.80000000 -6.60257760 0.84705882 0.84705882 0.84705882
v 10.56866680 2.10000000 -6.60257760 0.84705882 0.84705882 0.84705882
v 10.56866680 2.80000000 -6.60257760 0.84705882 0.84705882 0.84705882
v 10.71866680 2.10000000 -7.60798580 0.84705882 0.84705882 0.84705882
v 10.71866680 2.80000000 -7.60798580 0.84705882 0.84705882 0.84705882
v 10.56866680 2.10000000 -7.60798580 0.84705882 0.84705882 0.84705882
v 10.56866680 2.80000000 -7.60798580 0.84705882 0.84705882 0.84705882
f 3566 3568 3565
f 3569 3566 3565
f 3565 3568 3567
f 3567 3569 3565
f 3566 3572 3568
f 3570 3566 3569
f 3570 3572 3566
f 3568 3572 3567
f 3571 3569 3567
f 3567 3572 3571
f 3571 3570 3569
f 3572 3570 3571

o geometry_339
v 10.65366680 0.90000000 -6.60257760 0.65882353 0.84313725 0.91764706
v 10.65366680 2.10000000 -6.60257760 0.65882353 0.84313725 0.91764706
v 10.63366680 0.90000000 -6.60257760 0.65882353 0.84313725 0.91764706
v 10.63366680 2.10000000 -6.60257760 0.65882353 0.84313725 0.91764706
v 10.65366680 0.90000000 -7.60798580 0.65882353 0.84313725 0.91764706
v 10.65366680 2.10000000 -7.60798580 0.65882353 0.84313725 0.91764706
v 10.63366680 0.90000000 -7.60798580 0.65882353 0.84313725 0.91764706
v 10.63366680 2.10000000 -7.60798580 0.65882353 0.84313725 0.91764706
f 3574 3576 3573
f 3577 3574 3573
f 3573 3576 3575
f 3575 3577 3573
f 3574 3580 3576
f 3578 3574 3577
f 3578 3580 3574
f 3576 3580 3575
f 3579 3577 3575
f 3575 3580 3579
f 3579 3578 3577
f 3580 3578 3579

o geometry_340
v 10.71866680 0.00000000 -7.60798580 0.84705882 0.84705882 0.84705882
v 10.71866680 2.80000000 -7.60798580 0.84705882 0.84705882 0.84705882
v 10.56866680 0.00000000 -7.60798580 0.84705882 0.84705882 0.84705882
v 10.56866680 2.80000000 -7.60798580 0.84705882 0.84705882 0.84705882
v 10.71866680 0.00000000 -10.25331960 0.84705882 0.84705882 0.84705882
v 10.71866680 2.80000000 -10.25331960 0.84705882 0.84705882 0.84705882
v 10.56866680 0.00000000 -10.25331960 0.84705882 0.84705882 0.84705882
v 10.56866680 2.80000000 -10.25331960 0.84705882 0.84705882 0.84705882
f 3582 3584 3581
f 3585 3582 3581
f 3581 3584 3583
f 3583 3585 3581
f 3582 3588 3584
f 3586 3582 3585
f 3586 3588 3582
f 3584 3588 3583
f 3587 3585 3583
f 3583 3588 3587
f 3587 3586 3585
f 3588 3586 3587

o geometry_341
v 10.64366680 0.00000000 -10.32831960 0.84705882 0.84705882 0.84705882
v 10.64366680 2.80000000 -10.32831960 0.84705882 0.84705882 0.84705882
v 10.64366680 0.00000000 -10.17831960 0.84705882 0.84705882 0.84705882
v 10.64366680 2.80000000 -10.17831960 0.84705882 0.84705882 0.84705882
v 10.26355580 0.00000000 -10.32831960 0.84705882 0.84705882 0.84705882
v 10.26355580 2.80000000 -10.32831960 0.84705882 0.84705882 0.84705882
v 10.26355580 0.00000000 -10.17831960 0.84705882 0.84705882 0.84705882
v 10.26355580 2.80000000 -10.17831960 0.84705882 0.84705882 0.84705882
f 3590 3592 3589
f 3593 3590 3589
f 3589 3592 3591
f 3591 3593 3589
f 3590 3596 3592
f 3594 3590 3593
f 3594 3596 3590
f 3592 3596 3591
f 3595 3593 3591
f 3591 3596 3595
f 3595 3594 3593
f 3596 3594 3595

o geometry_342
v 10.18855580 0.00000000 -10.25331960 0.84705882 0.84705882 0.84705882
v 10.18855580 2.80000000 -10.25331960 0.84705882 0.84705882 0.84705882
v 10.33855580 0.00000000 -10.25331960 0.84705882 0.84705882 0.84705882
v 10.33855580 2.80000000 -10.25331960 0.84705882 0.84705882 0.84705882
v 10.18855580 0.00000000 -10.10333260 0.84705882 0.84705882 0.84705882
v 10.18855580 2.80000000 -10.10333260 0.84705882 0.84705882 0.84705882
v 10.33855580 0.00000000 -10.10333260 0.84705882 0.84705882 0.84705882
v 10.33855580 2.80000000 -10.10333260 0.84705882 0.84705882 0.84705882
f 3598 3600 3597
f 3601 3598 3597
f 3597 3600 3599
f 3599 3601 3597
f 3598 3604 3600
f 3602 3598 3601
f 3602 3604 3598
f 3600 3604 3599
f 3603 3601 3599
f 3599 3604 3603
f 3603 3602 3601
f 3604 3602 3603

o geometry_343
v 10.26355580 0.00000000 -10.02833260 0.84705882 0.84705882 0.84705882
v 10.26355580 2.80000000 -10.02833260 0.84705882 0.84705882 0.84705882
v 10.26355580 0.00000000 -10.17833260 0.84705882 0.84705882 0.84705882
v 10.26355580 2.80000000 -10.17833260 0.84705882 0.84705882 0.84705882
v 10.49355280 0.00000000 -10.02833260 0.84705882 0.84705882 0.84705882
v 10.49355280 2.80000000 -10.02833260 0.84705882 0.84705882 0.84705882
v 10.49355280 0.00000000 -10.17833260 0.84705882 0.84705882 0.84705882
v 10.49355280 2.80000000 -10.17833260 0.84705882 0.84705882 0.84705882
f 3606 3608 3605
f 3609 3606 3605
f 3605 3608 3607
f 3607 3609 3605
f 3606 3612 3608
f 3610 3606 3609
f 3610 3612 3606
f 3608 3612 3607
f 3611 3609 3607
f 3607 3612 3611
f 3611 3610 3609
f 3612 3610 3611

o geometry_344
v 10.41855280 0.00000000 -10.10333260 0.84705882 0.84705882 0.84705882
v 10.41855280 2.80000000 -10.10333260 0.84705882 0.84705882 0.84705882
v 10.56855280 0.00000000 -10.10333260 0.84705882 0.84705882 0.84705882
v 10.56855280 2.80000000 -10.10333260 0.84705882 0.84705882 0.84705882
v 10.41855280 0.00000000 -7.69348220 0.84705882 0.84705882 0.84705882
v 10.41855280 2.80000000 -7.69348220 0.84705882 0.84705882 0.84705882
v 10.56855280 0.00000000 -7.69348220 0.84705882 0.84705882 0.84705882
v 10.56855280 2.80000000 -7.69348220 0.84705882 0.84705882 0.84705882
f 3614 3616 3613
f 3617 3614 3613
f 3613 3616 3615
f 3615 3617 3613
f 3614 3620 3616
f 3618 3614 3617
f 3618 3620 3614
f 3616 3620 3615
f 3619 3617 3615
f 3615 3620 3619
f 3619 3618 3617
f 3620 3618 3619

o geometry_345
v 10.41855280 0.00000000 -7.69348220 0.84705882 0.84705882 0.84705882
v 10.41855280 0.90000000 -7.69348220 0.84705882 0.84705882 0.84705882
v 10.56855280 0.00000000 -7.69348220 0.84705882 0.84705882 0.84705882
v 10.56855280 0.90000000 -7.69348220 0.84705882 0.84705882 0.84705882
v 10.41855280 0.00000000 -7.21217760 0.84705882 0.84705882 0.84705882
v 10.41855280 0.90000000 -7.21217760 0.84705882 0.84705882 0.84705882
v 10.56855280 0.00000000 -7.21217760 0.84705882 0.84705882 0.84705882
v 10.56855280 0.90000000 -7.21217760 0.84705882 0.84705882 0.84705882
f 3622 3624 3621
f 3625 3622 3621
f 3621 3624 3623
f 3623 3625 3621
f 3622 3628 3624
f 3626 3622 3625
f 3626 3628 3622
f 3624 3628 3623
f 3627 3625 3623
f 3623 3628 3627
f 3627 3626 3625
f 3628 3626 3627

o geometry_346
v 10.41855280 2.10000000 -7.69348220 0.84705882 0.84705882 0.84705882
v 10.41855280 2.80000000 -7.69348220 0.84705882 0.84705882 0.84705882
v 10.56855280 2.10000000 -7.69348220 0.84705882 0.84705882 0.84705882
v 10.56855280 2.80000000 -7.69348220 0.84705882 0.84705882 0.84705882
v 10.41855280 2.10000000 -7.21217760 0.84705882 0.84705882 0.84705882
v 10.41855280 2.80000000 -7.21217760 0.84705882 0.84705882 0.84705882
v 10.56855280 2.10000000 -7.21217760 0.84705882 0.84705882 0.84705882
v 10.56855280 2.80000000 -7.21217760 0.84705882 0.84705882 0.84705882
f 3630 3632 3629
f 3633 3630 3629
f 3629 3632 3631
f 3631 3633 3629
f 3630 3636 3632
f 3634 3630 3633
f 3634 3636 3630
f 3632 3636 3631
f 3635 3633 3631
f 3631 3636 3635
f 3635 3634 3633
f 3636 3634 3635

o geometry_347
v 10.48355280 0.90000000 -7.69348220 0.65882353 0.84313725 0.91764706
v 10.48355280 2.10000000 -7.69348220 0.65882353 0.84313725 0.91764706
v 10.50355280 0.90000000 -7.69348220 0.65882353 0.84313725 0.91764706
v 10.50355280 2.10000000 -7.69348220 0.65882353 0.84313725 0.91764706
v 10.48355280 0.90000000 -7.21217760 0.65882353 0.84313725 0.91764706
v 10.48355280 2.10000000 -7.21217760 0.65882353 0.84313725 0.91764706
v 10.50355280 0.90000000 -7.21217760 0.65882353 0.84313725 0.91764706
v 10.50355280 2.10000000 -7.21217760 0.65882353 0.84313725 0.91764706
f 3638 3640 3637
f 3641 3638 3637
f 3637 3640 3639
f 3639 3641 3637
f 3638 3644 3640
f 3642 3638 3641
f 3642 3644 3638
f 3640 3644 3639
f 3643 3641 3639
f 3639 3644 3643
f 3643 3642 3641
f 3644 3642 3643

o geometry_348
v 10.41855280 0.00000000 -6.72160200 0.84705882 0.84705882 0.84705882
v 10.41855280 2.80000000 -6.72160200 0.84705882 0.84705882 0.84705882
v 10.56855280 0.00000000 -6.72160200 0.84705882 0.84705882 0.84705882
v 10.56855280 2.80000000 -6.72160200 0.84705882 0.84705882 0.84705882
v 10.41855280 0.00000000 -6.70417760 0.84705882 0.84705882 0.84705882
v 10.41855280 2.80000000 -6.70417760 0.84705882 0.84705882 0.84705882
v 10.56855280 0.00000000 -6.70417760 0.84705882 0.84705882 0.84705882
v 10.56855280 2.80000000 -6.70417760 0.84705882 0.84705882 0.84705882
f 3646 3648 3645
f 3649 3646 3645
f 3645 3648 3647
f 3647 3649 3645
f 3646 3652 3648
f 3650 3646 3649
f 3650 3652 3646
f 3648 3652 3647
f 3651 3649 3647
f 3647 3652 3651
f 3651 3650 3649
f 3652 3650 3651

o geometry_349
v 10.49355280 0.00000000 -6.77917760 0.84705882 0.84705882 0.84705882
v 10.49355280 2.80000000 -6.77917760 0.84705882 0.84705882 0.84705882
v 10.49355280 0.00000000 -6.62917760 0.84705882 0.84705882 0.84705882
v 10.49355280 2.80000000 -6.62917760 0.84705882 0.84705882 0.84705882
v 8.53589860 0.00000000 -6.77917760 0.84705882 0.84705882 0.84705882
v 8.53589860 2.80000000 -6.77917760 0.84705882 0.84705882 0.84705882
v 8.53589860 0.00000000 -6.62917760 0.84705882 0.84705882 0.84705882
v 8.53589860 2.80000000 -6.62917760 0.84705882 0.84705882 0.84705882
f 3654 3656 3653
f 3657 3654 3653
f 3653 3656 3655
f 3655 3657 3653
f 3654 3660 3656
f 3658 3654 3657
f 3658 3660 3654
f 3656 3660 3655
f 3659 3657 3655
f 3655 3660 3659
f 3659 3658 3657
f 3660 3658 3659

o geometry_350
v 6.75589820 0.00000000 -6.70417760 0.84705882 0.84705882 0.84705882
v 6.75589820 2.80000000 -6.70417760 0.84705882 0.84705882 0.84705882
v 6.90589820 0.00000000 -6.70417760 0.84705882 0.84705882 0.84705882
v 6.90589820 2.80000000 -6.70417760 0.84705882 0.84705882 0.84705882
v 6.75589820 0.00000000 -6.60257760 0.84705882 0.84705882 0.84705882
v 6.75589820 2.80000000 -6.60257760 0.84705882 0.84705882 0.84705882
v 6.90589820 0.00000000 -6.60257760 0.84705882 0.84705882 0.84705882
v 6.90589820 2.80000000 -6.60257760 0.84705882 0.84705882 0.84705882
f 3662 3664 3661
f 3665 3662 3661
f 3661 3664 3663
f 3663 3665 3661
f 3662 3668 3664
f 3666 3662 3665
f 3666 3668 3662
f 3664 3668 3663
f 3667 3665 3663
f 3663 3668 3667
f 3667 3666 3665
f 3668 3666 3667

o geometry_351
v 6.83089820 0.00000000 -6.52757760 0.84705882 0.84705882 0.84705882
v 6.83089820 2.80000000 -6.52757760 0.84705882 0.84705882 0.84705882
v 6.83089820 0.00000000 -6.67757760 0.84705882 0.84705882 0.84705882
v 6.83089820 2.80000000 -6.67757760 0.84705882 0.84705882 0.84705882
v 7.61669800 0.00000000 -6.52757760 0.84705882 0.84705882 0.84705882
v 7.61669800 2.80000000 -6.52757760 0.84705882 0.84705882 0.84705882
v 7.61669800 0.00000000 -6.67757760 0.84705882 0.84705882 0.84705882
v 7.61669800 2.80000000 -6.67757760 0.84705882 0.84705882 0.84705882
f 3670 3672 3669
f 3673 3670 3669
f 3669 3672 3671
f 3671 3673 3669
f 3670 3676 3672
f 3674 3670 3673
f 3674 3676 3670
f 3672 3676 3671
f 3675 3673 3671
f 3671 3676 3675
f 3675 3674 3673
f 3676 3674 3675

o geometry_352
v 7.69169800 0.00000000 -6.60257760 0.84705882 0.84705882 0.84705882
v 7.69169800 2.80000000 -6.60257760 0.84705882 0.84705882 0.84705882
v 7.54169800 0.00000000 -6.60257760 0.84705882 0.84705882 0.84705882
v 7.54169800 2.80000000 -6.60257760 0.84705882 0.84705882 0.84705882
v 7.69169800 0.00000000 -10.10333260 0.84705882 0.84705882 0.84705882
v 7.69169800 2.80000000 -10.10333260 0.84705882 0.84705882 0.84705882
v 7.54169800 0.00000000 -10.10333260 0.84705882 0.84705882 0.84705882
v 7.54169800 2.80000000 -10.10333260 0.84705882 0.84705882 0.84705882
f 3678 3680 3677
f 3681 3678 3677
f 3677 3680 3679
f 3679 3681 3677
f 3678 3684 3680
f 3682 3678 3681
f 3682 3684 3678
f 3680 3684 3679
f 3683 3681 3679
f 3679 3684 3683
f 3683 3682 3681
f 3684 3682 3683

o geometry_353
v 7.61669800 0.00000000 -10.02833260 0.84705882 0.84705882 0.84705882
v 7.61669800 2.80000000 -10.02833260 0.84705882 0.84705882 0.84705882
v 7.61669800 0.00000000 -10.17833260 0.84705882 0.84705882 0.84705882
v 7.61669800 2.80000000 -10.17833260 0.84705882 0.84705882 0.84705882
v 7.84659340 0.00000000 -10.02833260 0.84705882 0.84705882 0.84705882
v 7.84659340 2.80000000 -10.02833260 0.84705882 0.84705882 0.84705882
v 7.84659340 0.00000000 -10.17833260 0.84705882 0.84705882 0.84705882
v 7.84659340 2.80000000 -10.17833260 0.84705882 0.84705882 0.84705882
f 3686 3688 3685
f 3689 3686 3685
f 3685 3688 3687
f 3687 3689 3685
f 3686 3692 3688
f 3690 3686 3689
f 3690 3692 3686
f 3688 3692 3687
f 3691 3689 3687
f 3687 3692 3691
f 3691 3690 3689
f 3692 3690 3691

o geometry_354
v 7.92159340 0.00000000 -10.10333260 0.84705882 0.84705882 0.84705882
v 7.92159340 2.80000000 -10.10333260 0.84705882 0.84705882 0.84705882
v 7.77159340 0.00000000 -10.10333260 0.84705882 0.84705882 0.84705882
v 7.77159340 2.80000000 -10.10333260 0.84705882 0.84705882 0.84705882
v 7.92159340 0.00000000 -10.25331960 0.84705882 0.84705882 0.84705882
v 7.92159340 2.80000000 -10.25331960 0.84705882 0.84705882 0.84705882
v 7.77159340 0.00000000 -10.25331960 0.84705882 0.84705882 0.84705882
v 7.77159340 2.80000000 -10.25331960 0.84705882 0.84705882 0.84705882
f 3694 3696 3693
f 3697 3694 3693
f 3693 3696 3695
f 3695 3697 3693
f 3694 3700 3696
f 3698 3694 3697
f 3698 3700 3694
f 3696 3700 3695
f 3699 3697 3695
f 3695 3700 3699
f 3699 3698 3697
f 3700 3698 3699

o geometry_355
v 7.84659340 0.00000000 -10.32831960 0.84705882 0.84705882 0.84705882
v 7.84659340 2.80000000 -10.32831960 0.84705882 0.84705882 0.84705882
v 7.84659340 0.00000000 -10.17831960 0.84705882 0.84705882 0.84705882
v 7.84659340 2.80000000 -10.17831960 0.84705882 0.84705882 0.84705882
v 7.46658400 0.00000000 -10.32831960 0.84705882 0.84705882 0.84705882
v 7.46658400 2.80000000 -10.32831960 0.84705882 0.84705882 0.84705882
v 7.46658400 0.00000000 -10.17831960 0.84705882 0.84705882 0.84705882
v 7.46658400 2.80000000 -10.17831960 0.84705882 0.84705882 0.84705882
f 3702 3704 3701
f 3705 3702 3701
f 3701 3704 3703
f 3703 3705 3701
f 3702 3708 3704
f 3706 3702 3705
f 3706 3708 3702
f 3704 3708 3703
f 3707 3705 3703
f 3703 3708 3707
f 3707 3706 3705
f 3708 3706 3707

o geometry_356
v 7.39158400 0.00000000 -10.25331960 0.84705882 0.84705882 0.84705882
v 7.39158400 2.80000000 -10.25331960 0.84705882 0.84705882 0.84705882
v 7.54158400 0.00000000 -10.25331960 0.84705882 0.84705882 0.84705882
v 7.54158400 2.80000000 -10.25331960 0.84705882 0.84705882 0.84705882
v 7.39158400 0.00000000 -9.37874680 0.84705882 0.84705882 0.84705882
v 7.39158400 2.80000000 -9.37874680 0.84705882 0.84705882 0.84705882
v 7.54158400 0.00000000 -9.37874680 0.84705882 0.84705882 0.84705882
v 7.54158400 2.80000000 -9.37874680 0.84705882 0.84705882 0.84705882
f 3710 3712 3709
f 3713 3710 3709
f 3709 3712 3711
f 3711 3713 3709
f 3710 3716 3712
f 3714 3710 3713
f 3714 3716 3710
f 3712 3716 3711
f 3715 3713 3711
f 3711 3716 3715
f 3715 3714 3713
f 3716 3714 3715

o geometry_357
v 7.46658400 0.00000000 -9.45374680 0.84705882 0.84705882 0.84705882
v 7.46658400 2.80000000 -9.45374680 0.84705882 0.84705882 0.84705882
v 7.46658400 0.00000000 -9.30374680 0.84705882 0.84705882 0.84705882
v 7.46658400 2.80000000 -9.30374680 0.84705882 0.84705882 0.84705882
v 6.86671220 0.00000000 -9.45374680 0.84705882 0.84705882 0.84705882
v 6.86671220 2.80000000 -9.45374680 0.84705882 0.84705882 0.84705882
v 6.86671220 0.00000000 -9.30374680 0.84705882 0.84705882 0.84705882
v 6.86671220 2.80000000 -9.30374680 0.84705882 0.84705882 0.84705882
f 3718 3720 3717
f 3721 3718 3717
f 3717 3720 3719
f 3719 3721 3717
f 3718 3724 3720
f 3722 3718 3721
f 3722 3724 3718
f 3720 3724 3719
f 3723 3721 3719
f 3719 3724 3723
f 3723 3722 3721
f 3724 3722 3723

o geometry_358
v 6.79171220 0.00000000 -9.37874680 0.84705882 0.84705882 0.84705882
v 6.79171220 2.80000000 -9.37874680 0.84705882 0.84705882 0.84705882
v 6.94171220 0.00000000 -9.37874680 0.84705882 0.84705882 0.84705882
v 6.94171220 2.80000000 -9.37874680 0.84705882 0.84705882 0.84705882
v 6.79171220 0.00000000 -9.22873440 0.84705882 0.84705882 0.84705882
v 6.79171220 2.80000000 -9.22873440 0.84705882 0.84705882 0.84705882
v 6.94171220 0.00000000 -9.22873440 0.84705882 0.84705882 0.84705882
v 6.94171220 2.80000000 -9.22873440 0.84705882 0.84705882 0.84705882
f 3726 3728 3725
f 3729 3726 3725
f 3725 3728 3727
f 3727 3729 3725
f 3726 3732 3728
f 3730 3726 3729
f 3730 3732 3726
f 3728 3732 3727
f 3731 3729 3727
f 3727 3732 3731
f 3731 3730 3729
f 3732 3730 3731

o geometry_359
v 6.86671220 0.00000000 -9.15373440 0.84705882 0.84705882 0.84705882
v 6.86671220 2.80000000 -9.15373440 0.84705882 0.84705882 0.84705882
v 6.86671220 0.00000000 -9.30373440 0.84705882 0.84705882 0.84705882
v 6.86671220 2.80000000 -9.30373440 0.84705882 0.84705882 0.84705882
v 7.51669820 0.00000000 -9.15373440 0.84705882 0.84705882 0.84705882
v 7.51669820 2.80000000 -9.15373440 0.84705882 0.84705882 0.84705882
v 7.51669820 0.00000000 -9.30373440 0.84705882 0.84705882 0.84705882
v 7.51669820 2.80000000 -9.30373440 0.84705882 0.84705882 0.84705882
f 3734 3736 3733
f 3737 3734 3733
f 3733 3736 3735
f 3735 3737 3733
f 3734 3740 3736
f 3738 3734 3737
f 3738 3740 3734
f 3736 3740 3735
f 3739 3737 3735
f 3735 3740 3739
f 3739 3738 3737
f 3740 3738 3739

o geometry_360
v 7.44169820 0.00000000 -9.22873440 0.84705882 0.84705882 0.84705882
v 7.44169820 2.80000000 -9.22873440 0.84705882 0.84705882 0.84705882
v 7.59169820 0.00000000 -9.22873440 0.84705882 0.84705882 0.84705882
v 7.59169820 2.80000000 -9.22873440 0.84705882 0.84705882 0.84705882
v 7.44169820 0.00000000 -6.70417760 0.84705882 0.84705882 0.84705882
v 7.44169820 2.80000000 -6.70417760 0.84705882 0.84705882 0.84705882
v 7.59169820 0.00000000 -6.70417760 0.84705882 0.84705882 0.84705882
v 7.59169820 2.80000000 -6.70417760 0.84705882 0.84705882 0.84705882
f 3742 3744 3741
f 3745 3742 3741
f 3741 3744 3743
f 3743 3745 3741
f 3742 3748 3744
f 3746 3742 3745
f 3746 3748 3742
f 3744 3748 3743
f 3747 3745 3743
f 3743 3748 3747
f 3747 3746 3745
f 3748 3746 3747

o geometry_361
v 7.51669820 0.00000000 -6.77917760 0.84705882 0.84705882 0.84705882
v 7.51669820 2.80000000 -6.77917760 0.84705882 0.84705882 0.84705882
v 7.51669820 0.00000000 -6.62917760 0.84705882 0.84705882 0.84705882
v 7.51669820 2.80000000 -6.62917760 0.84705882 0.84705882 0.84705882
v 6.83089820 0.00000000 -6.77917760 0.84705882 0.84705882 0.84705882
v 6.83089820 2.80000000 -6.77917760 0.84705882 0.84705882 0.84705882
v 6.83089820 0.00000000 -6.62917760 0.84705882 0.84705882 0.84705882
v 6.83089820 2.80000000 -6.62917760 0.84705882 0.84705882 0.84705882
f 3750 3752 3749
f 3753 3750 3749
f 3749 3752 3751
f 3751 3753 3749
f 3750 3756 3752
f 3754 3750 3753
f 3754 3756 3750
f 3752 3756 3751
f 3755 3753 3751
f 3751 3756 3755
f 3755 3754 3753
f 3756 3754 3755

o geometry_362
v 3.46181060 0.00000000 -2.15879680 0.84705882 0.84705882 0.84705882
v 3.46181060 2.80000000 -2.15879680 0.84705882 0.84705882 0.84705882
v 3.31181060 0.00000000 -2.15879680 0.84705882 0.84705882 0.84705882
v 3.31181060 2.80000000 -2.15879680 0.84705882 0.84705882 0.84705882
v 3.46181060 0.00000000 -2.30880920 0.84705882 0.84705882 0.84705882
v 3.46181060 2.80000000 -2.30880920 0.84705882 0.84705882 0.84705882
v 3.31181060 0.00000000 -2.30880920 0.84705882 0.84705882 0.84705882
v 3.31181060 2.80000000 -2.30880920 0.84705882 0.84705882 0.84705882
f 3758 3760 3757
f 3761 3758 3757
f 3757 3760 3759
f 3759 3761 3757
f 3758 3764 3760
f 3762 3758 3761
f 3762 3764 3758
f 3760 3764 3759
f 3763 3761 3759
f 3759 3764 3763
f 3763 3762 3761
f 3764 3762 3763

o geometry_363
v 2.09262360 0.00000000 -2.30863236 0.84705882 0.84705882 0.84705882
v 2.09262360 2.80000000 -2.30863236 0.84705882 0.84705882 0.84705882
v 1.94262360 0.00000000 -2.30863044 0.84705882 0.84705882 0.84705882
v 1.94262360 2.80000000 -2.30863044 0.84705882 0.84705882 0.84705882
v 2.09255605 0.00000000 -7.57560056 0.84705882 0.84705882 0.84705882
v 2.09255605 2.80000000 -7.57560056 0.84705882 0.84705882 0.84705882
v 1.94255605 0.00000000 -7.57559864 0.84705882 0.84705882 0.84705882
v 1.94255605 2.80000000 -7.57559864 0.84705882 0.84705882 0.84705882
f 3766 3768 3765
f 3769 3766 3765
f 3765 3768 3767
f 3767 3769 3765
f 3766 3772 3768
f 3770 3766 3769
f 3770 3772 3766
f 3768 3772 3767
f 3771 3769 3767
f 3767 3772 3771
f 3771 3770 3769
f 3772 3770 3771

o geometry_364
v 2.09255605 0.00000000 -7.57560056 0.84705882 0.84705882 0.84705882
v 2.09255605 0.90000000 -7.57560056 0.84705882 0.84705882 0.84705882
v 1.94255605 0.00000000 -7.57559864 0.84705882 0.84705882 0.84705882
v 1.94255605 0.90000000 -7.57559864 0.84705882 0.84705882 0.84705882
v 2.09254740 0.00000000 -8.25002256 0.84705882 0.84705882 0.84705882
v 2.09254740 0.90000000 -8.25002256 0.84705882 0.84705882 0.84705882
v 1.94254740 0.00000000 -8.25002064 0.84705882 0.84705882 0.84705882
v 1.94254740 0.90000000 -8.25002064 0.84705882 0.84705882 0.84705882
f 3774 3776 3773
f 3777 3774 3773
f 3773 3776 3775
f 3775 3777 3773
f 3774 3780 3776
f 3778 3774 3777
f 3778 3780 3774
f 3776 3780 3775
f 3779 3777 3775
f 3775 3780 3779
f 3779 3778 3777
f 3780 3778 3779

o geometry_365
v 2.09255605 2.10000000 -7.57560056 0.84705882 0.84705882 0.84705882
v 2.09255605 2.80000000 -7.57560056 0.84705882 0.84705882 0.84705882
v 1.94255605 2.10000000 -7.57559864 0.84705882 0.84705882 0.84705882
v 1.94255605 2.80000000 -7.57559864 0.84705882 0.84705882 0.84705882
v 2.09254740 2.10000000 -8.25002256 0.84705882 0.84705882 0.84705882
v 2.09254740 2.80000000 -8.25002256 0.84705882 0.84705882 0.84705882
v 1.94254740 2.10000000 -8.25002064 0.84705882 0.84705882 0.84705882
v 1.94254740 2.80000000 -8.25002064 0.84705882 0.84705882 0.84705882
f 3782 3784 3781
f 3785 3782 3781
f 3781 3784 3783
f 3783 3785 3781
f 3782 3788 3784
f 3786 3782 3785
f 3786 3788 3782
f 3784 3788 3783
f 3787 3785 3783
f 3783 3788 3787
f 3787 3786 3785
f 3788 3786 3787

o geometry_366
v 2.02755605 0.90000000 -7.57559973 0.65882353 0.84313725 0.91764706
v 2.02755605 2.10000000 -7.57559973 0.65882353 0.84313725 0.91764706
v 2.00755605 0.90000000 -7.57559947 0.65882353 0.84313725 0.91764706
v 2.00755605 2.10000000 -7.57559947 0.65882353 0.84313725 0.91764706
v 2.02754740 0.90000000 -8.25002173 0.65882353 0.84313725 0.91764706
v 2.02754740 2.10000000 -8.25002173 0.65882353 0.84313725 0.91764706
v 2.00754740 0.90000000 -8.25002147 0.65882353 0.84313725 0.91764706
v 2.00754740 2.10000000 -8.25002147 0.65882353 0.84313725 0.91764706
f 3790 3792 3789
f 3793 3790 3789
f 3789 3792 3791
f 3791 3793 3789
f 3790 3796 3792
f 3794 3790 3793
f 3794 3796 3790
f 3792 3796 3791
f 3795 3793 3791
f 3791 3796 3795
f 3795 3794 3793
f 3796 3794 3795

o geometry_367
v 2.09255546 0.00000000 -7.62129516 0.84705882 0.84705882 0.84705882
v 2.09255546 0.90000000 -7.62129516 0.84705882 0.84705882 0.84705882
v 1.94255546 0.00000000 -7.62129324 0.84705882 0.84705882 0.84705882
v 1.94255546 0.90000000 -7.62129324 0.84705882 0.84705882 0.84705882
v 2.09254740 0.00000000 -8.25002256 0.84705882 0.84705882 0.84705882
v 2.09254740 0.90000000 -8.25002256 0.84705882 0.84705882 0.84705882
v 1.94254740 0.00000000 -8.25002064 0.84705882 0.84705882 0.84705882
v 1.94254740 0.90000000 -8.25002064 0.84705882 0.84705882 0.84705882
f 3798 3800 3797
f 3801 3798 3797
f 3797 3800 3799
f 3799 3801 3797
f 3798 3804 3800
f 3802 3798 3801
f 3802 3804 3798
f 3800 3804 3799
f 3803 3801 3799
f 3799 3804 3803
f 3803 3802 3801
f 3804 3802 3803

o geometry_368
v 2.09255546 2.10000000 -7.62129516 0.84705882 0.84705882 0.84705882
v 2.09255546 2.80000000 -7.62129516 0.84705882 0.84705882 0.84705882
v 1.94255546 2.10000000 -7.62129324 0.84705882 0.84705882 0.84705882
v 1.94255546 2.80000000 -7.62129324 0.84705882 0.84705882 0.84705882
v 2.09254740 2.10000000 -8.25002256 0.84705882 0.84705882 0.84705882
v 2.09254740 2.80000000 -8.25002256 0.84705882 0.84705882 0.84705882
v 1.94254740 2.10000000 -8.25002064 0.84705882 0.84705882 0.84705882
v 1.94254740 2.80000000 -8.25002064 0.84705882 0.84705882 0.84705882
f 3806 3808 3805
f 3809 3806 3805
f 3805 3808 3807
f 3807 3809 3805
f 3806 3812 3808
f 3810 3806 3809
f 3810 3812 3806
f 3808 3812 3807
f 3811 3809 3807
f 3807 3812 3811
f 3811 3810 3809
f 3812 3810 3811

o geometry_369
v 2.02755546 0.90000000 -7.62129433 0.65882353 0.84313725 0.91764706
v 2.02755546 2.10000000 -7.62129433 0.65882353 0.84313725 0.91764706
v 2.00755546 0.90000000 -7.62129407 0.65882353 0.84313725 0.91764706
v 2.00755546 2.10000000 -7.62129407 0.65882353 0.84313725 0.91764706
v 2.02754740 0.90000000 -8.25002173 0.65882353 0.84313725 0.91764706
v 2.02754740 2.10000000 -8.25002173 0.65882353 0.84313725 0.91764706
v 2.00754740 0.90000000 -8.25002147 0.65882353 0.84313725 0.91764706
v 2.00754740 2.10000000 -8.25002147 0.65882353 0.84313725 0.91764706
f 3814 3816 3813
f 3817 3814 3813
f 3813 3816 3815
f 3815 3817 3813
f 3814 3820 3816
f 3818 3814 3817
f 3818 3820 3814
f 3816 3820 3815
f 3819 3817 3815
f 3815 3820 3819
f 3819 3818 3817
f 3820 3818 3819

o geometry_370
v 2.09254740 0.00000000 -8.25002160 0.84705882 0.84705882 0.84705882
v 2.09254740 2.80000000 -8.25002160 0.84705882 0.84705882 0.84705882
v 1.94254740 0.00000000 -8.25002160 0.84705882 0.84705882 0.84705882
v 1.94254740 2.80000000 -8.25002160 0.84705882 0.84705882 0.84705882
v 2.09254740 0.00000000 -9.18034740 0.84705882 0.84705882 0.84705882
v 2.09254740 2.80000000 -9.18034740 0.84705882 0.84705882 0.84705882
v 1.94254740 0.00000000 -9.18034740 0.84705882 0.84705882 0.84705882
v 1.94254740 2.80000000 -9.18034740 0.84705882 0.84705882 0.84705882
f 3822 3824 3821
f 3825 3822 3821
f 3821 3824 3823
f 3823 3825 3821
f 3822 3828 3824
f 3826 3822 3825
f 3826 3828 3822
f 3824 3828 3823
f 3827 3825 3823
f 3823 3828 3827
f 3827 3826 3825
f 3828 3826 3827

o geometry_371
v 2.09254740 0.00000000 -9.18034740 0.84705882 0.84705882 0.84705882
v 2.09254740 2.80000000 -9.18034740 0.84705882 0.84705882 0.84705882
v 1.94254740 0.00000000 -9.18034740 0.84705882 0.84705882 0.84705882
v 1.94254740 2.80000000 -9.18034740 0.84705882 0.84705882 0.84705882
v 2.09254740 0.00000000 -9.24999420 0.84705882 0.84705882 0.84705882
v 2.09254740 2.80000000 -9.24999420 0.84705882 0.84705882 0.84705882
v 1.94254740 0.00000000 -9.24999420 0.84705882 0.84705882 0.84705882
v 1.94254740 2.80000000 -9.24999420 0.84705882 0.84705882 0.84705882
f 3830 3832 3829
f 3833 3830 3829
f 3829 3832 3831
f 3831 3833 3829
f 3830 3836 3832
f 3834 3830 3833
f 3834 3836 3830
f 3832 3836 3831
f 3835 3833 3831
f 3831 3836 3835
f 3835 3834 3833
f 3836 3834 3835

o geometry_372
v 2.01754740 0.00000000 -9.32499420 0.84705882 0.84705882 0.84705882
v 2.01754740 2.80000000 -9.32499420 0.84705882 0.84705882 0.84705882
v 2.01754740 0.00000000 -9.17499420 0.84705882 0.84705882 0.84705882
v 2.01754740 2.80000000 -9.17499420 0.84705882 0.84705882 0.84705882
v 1.86756040 0.00000000 -9.32499420 0.84705882 0.84705882 0.84705882
v 1.86756040 2.80000000 -9.32499420 0.84705882 0.84705882 0.84705882
v 1.86756040 0.00000000 -9.17499420 0.84705882 0.84705882 0.84705882
v 1.86756040 2.80000000 -9.17499420 0.84705882 0.84705882 0.84705882
f 3838 3840 3837
f 3841 3838 3837
f 3837 3840 3839
f 3839 3841 3837
f 3838 3844 3840
f 3842 3838 3841
f 3842 3844 3838
f 3840 3844 3839
f 3843 3841 3839
f 3839 3844 3843
f 3843 3842 3841
f 3844 3842 3843

o geometry_373
v 1.79256040 0.00000000 -9.24999420 0.84705882 0.84705882 0.84705882
v 1.79256040 2.80000000 -9.24999420 0.84705882 0.84705882 0.84705882
v 1.94256040 0.00000000 -9.24999420 0.84705882 0.84705882 0.84705882
v 1.94256040 2.80000000 -9.24999420 0.84705882 0.84705882 0.84705882
v 1.79256040 0.00000000 -2.15879680 0.84705882 0.84705882 0.84705882
v 1.79256040 2.80000000 -2.15879680 0.84705882 0.84705882 0.84705882
v 1.94256040 0.00000000 -2.15879680 0.84705882 0.84705882 0.84705882
v 1.94256040 2.80000000 -2.15879680 0.84705882 0.84705882 0.84705882
f 3846 3848 3845
f 3849 3846 3845
f 3845 3848 3847
f 3847 3849 3845
f 3846 3852 3848
f 3850 3846 3849
f 3850 3852 3846
f 3848 3852 3847
f 3851 3849 3847
f 3847 3852 3851
f 3851 3850 3849
f 3852 3850 3851

o geometry_374
v 1.86756040 0.00000000 -2.08379680 0.84705882 0.84705882 0.84705882
v 1.86756040 2.80000000 -2.08379680 0.84705882 0.84705882 0.84705882
v 1.86756040 0.00000000 -2.23379680 0.84705882 0.84705882 0.84705882
v 1.86756040 2.80000000 -2.23379680 0.84705882 0.84705882 0.84705882
v 3.38681060 0.00000000 -2.08379680 0.84705882 0.84705882 0.84705882
v 3.38681060 2.80000000 -2.08379680 0.84705882 0.84705882 0.84705882
v 3.38681060 0.00000000 -2.23379680 0.84705882 0.84705882 0.84705882
v 3.38681060 2.80000000 -2.23379680 0.84705882 0.84705882 0.84705882
f 3854 3856 3853
f 3857 3854 3853
f 3853 3856 3855
f 3855 3857 3853
f 3854 3860 3856
f 3858 3854 3857
f 3858 3860 3854
f 3856 3860 3855
f 3859 3857 3855
f 3855 3860 3859
f 3859 3858 3857
f 3860 3858 3859

o geometry_375
v 10.80039100 0.00000000 -0.98239580 0.84705882 0.84705882 0.84705882
v 10.80039100 2.80000000 -0.98239580 0.84705882 0.84705882 0.84705882
v 10.95039100 0.00000000 -0.98239580 0.84705882 0.84705882 0.84705882
v 10.95039100 2.80000000 -0.98239580 0.84705882 0.84705882 0.84705882
v 10.80039100 0.00000000 -0.65526920 0.84705882 0.84705882 0.84705882
v 10.80039100 2.80000000 -0.65526920 0.84705882 0.84705882 0.84705882
v 10.95039100 0.00000000 -0.65526920 0.84705882 0.84705882 0.84705882
v 10.95039100 2.80000000 -0.65526920 0.84705882 0.84705882 0.84705882
f 3862 3864 3861
f 3865 3862 3861
f 3861 3864 3863
f 3863 3865 3861
f 3862 3868 3864
f 3866 3862 3865
f 3866 3868 3862
f 3864 3868 3863
f 3867 3865 3863
f 3863 3868 3867
f 3867 3866 3865
f 3868 3866 3867

o geometry_376
v 10.80039100 0.00000000 -0.65526920 0.84705882 0.84705882 0.84705882
v 10.80039100 2.80000000 -0.65526920 0.84705882 0.84705882 0.84705882
v 10.95039100 0.00000000 -0.65526920 0.84705882 0.84705882 0.84705882
v 10.95039100 2.80000000 -0.65526920 0.84705882 0.84705882 0.84705882
v 10.80039100 0.00000000 -0.32796480 0.84705882 0.84705882 0.84705882
v 10.80039100 2.80000000 -0.32796480 0.84705882 0.84705882 0.84705882
v 10.95039100 0.00000000 -0.32796480 0.84705882 0.84705882 0.84705882
v 10.95039100 2.80000000 -0.32796480 0.84705882 0.84705882 0.84705882
f 3870 3872 3869
f 3873 3870 3869
f 3869 3872 3871
f 3871 3873 3869
f 3870 3876 3872
f 3874 3870 3873
f 3874 3876 3870
f 3872 3876 3871
f 3875 3873 3871
f 3871 3876 3875
f 3875 3874 3873
f 3876 3874 3875

o geometry_377
v 10.80039100 0.00000000 -0.32796480 0.84705882 0.84705882 0.84705882
v 10.80039100 2.80000000 -0.32796480 0.84705882 0.84705882 0.84705882
v 10.95039100 0.00000000 -0.32796480 0.84705882 0.84705882 0.84705882
v 10.95039100 2.80000000 -0.32796480 0.84705882 0.84705882 0.84705882
v 10.80039100 0.00000000 0.00000000 0.84705882 0.84705882 0.84705882
v 10.80039100 2.80000000 0.00000000 0.84705882 0.84705882 0.84705882
v 10.95039100 0.00000000 0.00000000 0.84705882 0.84705882 0.84705882
v 10.95039100 2.80000000 0.00000000 0.84705882 0.84705882 0.84705882
f 3878 3880 3877
f 3881 3878 3877
f 3877 3880 3879
f 3879 3881 3877
f 3878 3884 3880
f 3882 3878 3881
f 3882 3884 3878
f 3880 3884 3879
f 3883 3881 3879
f 3879 3884 3883
f 3883 3882 3881
f 3884 3882 3883

o geometry_378
v 9.35010180 0.00000000 -0.98381820 0.84705882 0.84705882 0.84705882
v 9.35010180 2.80000000 -0.98381820 0.84705882 0.84705882 0.84705882
v 9.50010180 0.00000000 -0.98381820 0.84705882 0.84705882 0.84705882
v 9.50010180 2.80000000 -0.98381820 0.84705882 0.84705882 0.84705882
v 9.35010180 0.00000000 -0.65471040 0.84705882 0.84705882 0.84705882
v 9.35010180 2.80000000 -0.65471040 0.84705882 0.84705882 0.84705882
v 9.50010180 0.00000000 -0.65471040 0.84705882 0.84705882 0.84705882
v 9.50010180 2.80000000 -0.65471040 0.84705882 0.84705882 0.84705882
f 3886 3888 3885
f 3889 3886 3885
f 3885 3888 3887
f 3887 3889 3885
f 3886 3892 3888
f 3890 3886 3889
f 3890 3892 3886
f 3888 3892 3887
f 3891 3889 3887
f 3887 3892 3891
f 3891 3890 3889
f 3892 3890 3891

o geometry_379
v 9.35010180 0.00000000 -0.65471040 0.84705882 0.84705882 0.84705882
v 9.35010180 2.80000000 -0.65471040 0.84705882 0.84705882 0.84705882
v 9.50010180 0.00000000 -0.65471040 0.84705882 0.84705882 0.84705882
v 9.50010180 2.80000000 -0.65471040 0.84705882 0.84705882 0.84705882
v 9.35010180 0.00000000 -0.32796480 0.84705882 0.84705882 0.84705882
v 9.35010180 2.80000000 -0.32796480 0.84705882 0.84705882 0.84705882
v 9.50010180 0.00000000 -0.32796480 0.84705882 0.84705882 0.84705882
v 9.50010180 2.80000000 -0.32796480 0.84705882 0.84705882 0.84705882
f 3894 3896 3893
f 3897 3894 3893
f 3893 3896 3895
f 3895 3897 3893
f 3894 3900 3896
f 3898 3894 3897
f 3898 3900 3894
f 3896 3900 3895
f 3899 3897 3895
f 3895 3900 3899
f 3899 3898 3897
f 3900 3898 3899

o geometry_380
v 9.35010180 0.00000000 -0.32796480 0.84705882 0.84705882 0.84705882
v 9.35010180 2.80000000 -0.32796480 0.84705882 0.84705882 0.84705882
v 9.50010180 0.00000000 -0.32796480 0.84705882 0.84705882 0.84705882
v 9.50010180 2.80000000 -0.32796480 0.84705882 0.84705882 0.84705882
v 9.35010180 0.00000000 -0.00071120 0.84705882 0.84705882 0.84705882
v 9.35010180 2.80000000 -0.00071120 0.84705882 0.84705882 0.84705882
v 9.50010180 0.00000000 -0.00071120 0.84705882 0.84705882 0.84705882
v 9.50010180 2.80000000 -0.00071120 0.84705882 0.84705882 0.84705882
f 3902 3904 3901
f 3905 3902 3901
f 3901 3904 3903
f 3903 3905 3901
f 3902 3908 3904
f 3906 3902 3905
f 3906 3908 3902
f 3904 3908 3903
f 3907 3905 3903
f 3903 3908 3907
f 3907 3906 3905
f 3908 3906 3907

o geometry_381
v 12.55642000 0.00000000 -0.98239580 0.84705882 0.84705882 0.84705882
v 12.55642000 2.80000000 -0.98239580 0.84705882 0.84705882 0.84705882
v 12.70642000 0.00000000 -0.98239580 0.84705882 0.84705882 0.84705882
v 12.70642000 2.80000000 -0.98239580 0.84705882 0.84705882 0.84705882
v 12.55642000 0.00000000 -0.65592960 0.84705882 0.84705882 0.84705882
v 12.55642000 2.80000000 -0.65592960 0.84705882 0.84705882 0.84705882
v 12.70642000 0.00000000 -0.65592960 0.84705882 0.84705882 0.84705882
v 12.70642000 2.80000000 -0.65592960 0.84705882 0.84705882 0.84705882
f 3910 3912 3909
f 3913 3910 3909
f 3909 3912 3911
f 3911 3913 3909
f 3910 3916 3912
f 3914 3910 3913
f 3914 3916 3910
f 3912 3916 3911
f 3915 3913 3911
f 3911 3916 3915
f 3915 3914 3913
f 3916 3914 3915

o geometry_382
v 12.55642000 0.00000000 -0.65592960 0.84705882 0.84705882 0.84705882
v 12.55642000 2.80000000 -0.65592960 0.84705882 0.84705882 0.84705882
v 12.70642000 0.00000000 -0.65592960 0.84705882 0.84705882 0.84705882
v 12.70642000 2.80000000 -0.65592960 0.84705882 0.84705882 0.84705882
v 12.55642000 0.00000000 -0.32796480 0.84705882 0.84705882 0.84705882
v 12.55642000 2.80000000 -0.32796480 0.84705882 0.84705882 0.84705882
v 12.70642000 0.00000000 -0.32796480 0.84705882 0.84705882 0.84705882
v 12.70642000 2.80000000 -0.32796480 0.84705882 0.84705882 0.84705882
f 3918 3920 3917
f 3921 3918 3917
f 3917 3920 3919
f 3919 3921 3917
f 3918 3924 3920
f 3922 3918 3921
f 3922 3924 3918
f 3920 3924 3919
f 3923 3921 3919
f 3919 3924 3923
f 3923 3922 3921
f 3924 3922 3923

o geometry_383
v 12.55642000 0.00000000 -0.32796480 0.84705882 0.84705882 0.84705882
v 12.55642000 2.80000000 -0.32796480 0.84705882 0.84705882 0.84705882
v 12.70642000 0.00000000 -0.32796480 0.84705882 0.84705882 0.84705882
v 12.70642000 2.80000000 -0.32796480 0.84705882 0.84705882 0.84705882
v 12.55642000 0.00000000 0.00000000 0.84705882 0.84705882 0.84705882
v 12.55642000 2.80000000 0.00000000 0.84705882 0.84705882 0.84705882
v 12.70642000 0.00000000 0.00000000 0.84705882 0.84705882 0.84705882
v 12.70642000 2.80000000 0.00000000 0.84705882 0.84705882 0.84705882
f 3926 3928 3925
f 3929 3926 3925
f 3925 3928 3927
f 3927 3929 3925
f 3926 3932 3928
f 3930 3926 3929
f 3930 3932 3926
f 3928 3932 3927
f 3931 3929 3927
f 3927 3932 3931
f 3931 3930 3929
f 3932 3930 3931

o geometry_384
v 0.00000000 -0.00000000 0.07500000 0.84705882 0.84705882 0.84705882
v 0.00000000 2.80000000 0.07500000 0.84705882 0.84705882 0.84705882
v 0.00000000 0.00000000 -0.07500000 0.84705882 0.84705882 0.84705882
v 0.00000000 2.80000000 -0.07500000 0.84705882 0.84705882 0.84705882
v 10.87539100 -0.00000000 0.07500000 0.84705882 0.84705882 0.84705882
v 10.87539100 2.80000000 0.07500000 0.84705882 0.84705882 0.84705882
v 10.87539100 0.00000000 -0.07500000 0.84705882 0.84705882 0.84705882
v 10.87539100 2.80000000 -0.07500000 0.84705882 0.84705882 0.84705882
f 3934 3936 3933
f 3937 3934 3933
f 3933 3936 3935
f 3935 3937 3933
f 3934 3940 3936
f 3938 3934 3937
f 3938 3940 3934
f 3936 3940 3935
f 3939 3937 3935
f 3935 3940 3939
f 3939 3938 3937
f 3940 3938 3939

o geometry_385
v 10.87539100 -0.00000000 0.07500000 0.84705882 0.84705882 0.84705882
v 10.87539100 2.80000000 0.07500000 0.84705882 0.84705882 0.84705882
v 10.87539100 0.00000000 -0.07500000 0.84705882 0.84705882 0.84705882
v 10.87539100 2.80000000 -0.07500000 0.84705882 0.84705882 0.84705882
v 12.63142000 -0.00000000 0.07500000 0.84705882 0.84705882 0.84705882
v 12.63142000 2.80000000 0.07500000 0.84705882 0.84705882 0.84705882
v 12.63142000 0.00000000 -0.07500000 0.84705882 0.84705882 0.84705882
v 12.63142000 2.80000000 -0.07500000 0.84705882 0.84705882 0.84705882
f 3942 3944 3941
f 3945 3942 3941
f 3941 3944 3943
f 3943 3945 3941
f 3942 3948 3944
f 3946 3942 3945
f 3946 3948 3942
f 3944 3948 3943
f 3947 3945 3943
f 3943 3948 3947
f 3947 3946 3945
f 3948 3946 3947

o geometry_386
v 12.63142000 -0.00000000 0.07500000 0.84705882 0.84705882 0.84705882
v 12.63142000 2.80000000 0.07500000 0.84705882 0.84705882 0.84705882
v 12.63142000 0.00000000 -0.07500000 0.84705882 0.84705882 0.84705882
v 12.63142000 2.80000000 -0.07500000 0.84705882 0.84705882 0.84705882
v 14.27759400 -0.00000000 0.07500000 0.84705882 0.84705882 0.84705882
v 14.27759400 2.80000000 0.07500000 0.84705882 0.84705882 0.84705882
v 14.27759400 0.00000000 -0.07500000 0.84705882 0.84705882 0.84705882
v 14.27759400 2.80000000 -0.07500000 0.84705882 0.84705882 0.84705882
f 3950 3952 3949
f 3953 3950 3949
f 3949 3952 3951
f 3951 3953 3949
f 3950 3956 3952
f 3954 3950 3953
f 3954 3956 3950
f 3952 3956 3951
f 3955 3953 3951
f 3951 3956 3955
f 3955 3954 3953
f 3956 3954 3955

o geometry_387
v 9.42513070 0.00000000 -0.57971041 0.84705882 0.84705882 0.84705882
v 9.42513070 2.80000000 -0.57971041 0.84705882 0.84705882 0.84705882
v 9.42507290 0.00000000 -0.72971039 0.84705882 0.84705882 0.84705882
v 9.42507290 2.80000000 -0.72971039 0.84705882 0.84705882 0.84705882
v 10.87541990 0.00000000 -0.58026921 0.84705882 0.84705882 0.84705882
v 10.87541990 2.80000000 -0.58026921 0.84705882 0.84705882 0.84705882
v 10.87536210 0.00000000 -0.73026919 0.84705882 0.84705882 0.84705882
v 10.87536210 2.80000000 -0.73026919 0.84705882 0.84705882 0.84705882
f 3958 3960 3957
f 3961 3958 3957
f 3957 3960 3959
f 3959 3961 3957
f 3958 3964 3960
f 3962 3958 3961
f 3962 3964 3958
f 3960 3964 3959
f 3963 3961 3959
f 3959 3964 3963
f 3963 3962 3961
f 3964 3962 3963

o geometry_388
v 10.87541921 0.00000000 -0.58026921 0.84705882 0.84705882 0.84705882
v 10.87541921 2.80000000 -0.58026921 0.84705882 0.84705882 0.84705882
v 10.87536279 0.00000000 -0.73026919 0.84705882 0.84705882 0.84705882
v 10.87536279 2.80000000 -0.73026919 0.84705882 0.84705882 0.84705882
v 12.63144821 0.00000000 -0.58092961 0.84705882 0.84705882 0.84705882
v 12.63144821 2.80000000 -0.58092961 0.84705882 0.84705882 0.84705882
v 12.63139179 0.00000000 -0.73092959 0.84705882 0.84705882 0.84705882
v 12.63139179 2.80000000 -0.73092959 0.84705882 0.84705882 0.84705882
f 3966 3968 3965
f 3969 3966 3965
f 3965 3968 3967
f 3967 3969 3965
f 3966 3972 3968
f 3970 3966 3969
f 3970 3972 3966
f 3968 3972 3967
f 3971 3969 3967
f 3967 3972 3971
f 3971 3970 3969
f 3972 3970 3971

o geometry_389
v 9.42510180 0.00000000 -0.25296480 0.84705882 0.84705882 0.84705882
v 9.42510180 2.80000000 -0.25296480 0.84705882 0.84705882 0.84705882
v 9.42510180 0.00000000 -0.40296480 0.84705882 0.84705882 0.84705882
v 9.42510180 2.80000000 -0.40296480 0.84705882 0.84705882 0.84705882
v 10.87539100 0.00000000 -0.25296480 0.84705882 0.84705882 0.84705882
v 10.87539100 2.80000000 -0.25296480 0.84705882 0.84705882 0.84705882
v 10.87539100 0.00000000 -0.40296480 0.84705882 0.84705882 0.84705882
v 10.87539100 2.80000000 -0.40296480 0.84705882 0.84705882 0.84705882
f 3974 3976 3973
f 3977 3974 3973
f 3973 3976 3975
f 3975 3977 3973
f 3974 3980 3976
f 3978 3974 3977
f 3978 3980 3974
f 3976 3980 3975
f 3979 3977 3975
f 3975 3980 3979
f 3979 3978 3977
f 3980 3978 3979

o geometry_390
v 10.87539100 0.00000000 -0.25296480 0.84705882 0.84705882 0.84705882
v 10.87539100 2.80000000 -0.25296480 0.84705882 0.84705882 0.84705882
v 10.87539100 0.00000000 -0.40296480 0.84705882 0.84705882 0.84705882
v 10.87539100 2.80000000 -0.40296480 0.84705882 0.84705882 0.84705882
v 12.63142000 0.00000000 -0.25296480 0.84705882 0.84705882 0.84705882
v 12.63142000 2.80000000 -0.25296480 0.84705882 0.84705882 0.84705882
v 12.63142000 0.00000000 -0.40296480 0.84705882 0.84705882 0.84705882
v 12.63142000 2.80000000 -0.40296480 0.84705882 0.84705882 0.84705882
f 3982 3984 3981
f 3985 3982 3981
f 3981 3984 3983
f 3983 3985 3981
f 3982 3988 3984
f 3986 3982 3985
f 3986 3988 3982
f 3984 3988 3983
f 3987 3985 3983
f 3983 3988 3987
f 3987 3986 3985
f 3988 3986 3987

o geometry_391
v 3.13938830 0.00000000 -7.66518450 0.47450980 0.32156863 0.18431373
v 3.13938830 0.80000000 -7.66518450 0.47450980 0.32156863 0.18431373
v 3.13938830 0.00000000 -9.76518450 0.47450980 0.32156863 0.18431373
v 3.13938830 0.80000000 -9.76518450 0.47450980 0.32156863 0.18431373
v 4.03938830 0.00000000 -7.66518450 0.47450980 0.32156863 0.18431373
v 4.03938830 0.80000000 -7.66518450 0.47450980 0.32156863 0.18431373
v 4.03938830 0.00000000 -9.76518450 0.47450980 0.32156863 0.18431373
v 4.03938830 0.80000000 -9.76518450 0.47450980 0.32156863 0.18431373
f 3990 3992 3989
f 3993 3990 3989
f 3989 3992 3991
f 3991 3993 3989
f 3990 3996 3992
f 3994 3990 3993
f 3994 3996 3990
f 3992 3996 3991
f 3995 3993 3991
f 3991 3996 3995
f 3995 3994 3993
f 3996 3994 3995

o geometry_392
v 10.34556414 0.00000000 -3.06604244 0.28627451 0.41960784 0.50980392
v 10.34556414 0.50000000 -3.06604244 0.28627451 0.41960784 0.50980392
v 10.34556414 0.00000000 -5.06604244 0.28627451 0.41960784 0.50980392
v 10.34556414 0.50000000 -5.06604244 0.28627451 0.41960784 0.50980392
v 11.84556414 0.00000000 -3.06604244 0.28627451 0.41960784 0.50980392
v 11.84556414 0.50000000 -3.06604244 0.28627451 0.41960784 0.50980392
v 11.84556414 0.00000000 -5.06604244 0.28627451 0.41960784 0.50980392
v 11.84556414 0.50000000 -5.06604244 0.28627451 0.41960784 0.50980392
f 3998 4000 3997
f 4001 3998 3997
f 3997 4000 3999
f 3999 4001 3997
f 3998 4004 4000
f 4002 3998 4001
f 4002 4004 3998
f 4000 4004 3999
f 4003 4001 3999
f 3999 4004 4003
f 4003 4002 4001
f 4004 4002 4003

o geometry_393
v 1.31546074 0.00000000 -4.14275461 0.28627451 0.41960784 0.50980392
v 1.31546074 0.50000000 -4.14275461 0.28627451 0.41960784 0.50980392
v 1.31546074 0.00000000 -6.14275461 0.28627451 0.41960784 0.50980392
v 1.31546074 0.50000000 -6.14275461 0.28627451 0.41960784 0.50980392
v 2.81546074 0.00000000 -4.14275461 0.28627451 0.41960784 0.50980392
v 2.81546074 0.50000000 -4.14275461 0.28627451 0.41960784 0.50980392
v 2.81546074 0.00000000 -6.14275461 0.28627451 0.41960784 0.50980392
v 2.81546074 0.50000000 -6.14275461 0.28627451 0.41960784 0.50980392
f 4006 4008 4005
f 4009 4006 4005
f 4005 4008 4007
f 4007 4009 4005
f 4006 4012 4008
f 4010 4006 4009
f 4010 4012 4006
f 4008 4012 4007
f 4011 4009 4007
f 4007 4012 4011
f 4011 4010 4009
f 4012 4010 4011

o geometry_394
v 8.63575939 0.00000000 -7.86377808 0.65882353 0.55294118 0.40392157
v 8.63575939 0.90000000 -7.86377808 0.65882353 0.55294118 0.40392157
v 8.63575939 0.00000000 -9.86377808 0.65882353 0.55294118 0.40392157
v 8.63575939 0.90000000 -9.86377808 0.65882353 0.55294118 0.40392157
v 9.23575939 0.00000000 -7.86377808 0.65882353 0.55294118 0.40392157
v 9.23575939 0.90000000 -7.86377808 0.65882353 0.55294118 0.40392157
v 9.23575939 0.00000000 -9.86377808 0.65882353 0.55294118 0.40392157
v 9.23575939 0.90000000 -9.86377808 0.65882353 0.55294118 0.40392157
f 4014 4016 4013
f 4017 4014 4013
f 4013 4016 4015
f 4015 4017 4013
f 4014 4020 4016
f 4018 4014 4017
f 4018 4020 4014
f 4016 4020 4015
f 4019 4017 4015
f 4015 4020 4019
f 4019 4018 4017
f 4020 4018 4019

o geometry_395
v 4.74998036 0.00000000 -3.41692512 0.81568627 0.90196078 0.93725490
v 4.74998036 0.40000000 -3.41692512 0.81568627 0.90196078 0.93725490
v 4.74998036 0.00000000 -4.01692512 0.81568627 0.90196078 0.93725490
v 4.74998036 0.40000000 -4.01692512 0.81568627 0.90196078 0.93725490
v 5.34998036 0.00000000 -3.41692512 0.81568627 0.90196078 0.93725490
v 5.34998036 0.40000000 -3.41692512 0.81568627 0.90196078 0.93725490
v 5.34998036 0.00000000 -4.01692512 0.81568627 0.90196078 0.93725490
v 5.34998036 0.40000000 -4.01692512 0.81568627 0.90196078 0.93725490
f 4022 4024 4021
f 4025 4022 4021
f 4021 4024 4023
f 4023 4025 4021
f 4022 4028 4024
f 4026 4022 4025
f 4026 4028 4022
f 4024 4028 4023
f 4027 4025 4023
f 4023 4028 4027
f 4027 4026 4025
f 4028 4026 4027

o geometry_396
v 7.16590276 0.00000000 -8.26379076 0.81568627 0.90196078 0.93725490
v 7.16590276 0.40000000 -8.26379076 0.81568627 0.90196078 0.93725490
v 7.16590276 0.00000000 -8.86379076 0.81568627 0.90196078 0.93725490
v 7.16590276 0.40000000 -8.86379076 0.81568627 0.90196078 0.93725490
v 7.76590276 0.00000000 -8.26379076 0.81568627 0.90196078 0.93725490
v 7.76590276 0.40000000 -8.26379076 0.81568627 0.90196078 0.93725490
v 7.76590276 0.00000000 -8.86379076 0.81568627 0.90196078 0.93725490
v 7.76590276 0.40000000 -8.86379076 0.81568627 0.90196078 0.93725490
f 4030 4032 4029
f 4033 4030 4029
f 4029 4032 4031
f 4031 4033 4029
f 4030 4036 4032
f 4034 4030 4033
f 4034 4036 4030
f 4032 4036 4031
f 4035 4033 4031
f 4031 4036 4035
f 4035 4034 4033
f 4036 4034 4035

